experiment_id,protein_id,pdb_id,chain_id,uniprot_id,scenario_id,severity_label,damage_residue_id,damage_residue_ids,n_residues_damaged,n_atoms_removed,residue_type,residue_index_norm,residue_sasa_norm,residue_contact_count,qualitative_susceptibility,proxy_rank,protein_length,molecular_weight,hydrophobic_fraction,charged_fraction,proxy_type,random_seed,baseline_stiffness,damaged_stiffness,stiffness_unit,fit_quality,damaged_fit_quality,mechanical_degradation_pct,baseline_end_to_end_nm,status,qc_note,sim_config_hash,is_synthetic
1TIT_MILD_31_seed1,1TIT,1TIT,A,Q8WZ42,GCR_DEEP_SPACE_REFERENCE,MILD,A:31,A:31,1,12,HIS,0.3409090909090909,0.7866237751361952,7.0,high,1,89.0,9782.23,0.4044943820224719,0.24719101123595505,SIDE_CHAIN_LOSS,1,870.2139037086706,861.583936491662,pN/nm,0.7606782234316117,0.8242878091355782,0.9917064276069895,4.4189808466740725,COMPLETED,,779b297ee54d560c11b07397c92fa69e593a32de7fc748657547006a26ac50d5,False
1TIT_MILD_9_seed1,1TIT,1TIT,A,Q8WZ42,GCR_DEEP_SPACE_REFERENCE,MILD,A:9,A:9,1,16,TYR,0.09090909090909091,0.7420930345656491,9.0,high,4,89.0,9782.23,0.4044943820224719,0.24719101123595505,SIDE_CHAIN_LOSS,1,870.2139037086706,744.5997271187724,pN/nm,0.7606782234316117,0.8650951000947388,14.434862055703398,4.4189808466740725,COMPLETED,,779b297ee54d560c11b07397c92fa69e593a32de7fc748657547006a26ac50d5,False
1TIT_MILD_37_seed1,1TIT,1TIT,A,Q8WZ42,GCR_DEEP_SPACE_REFERENCE,MILD,A:37,A:37,1,17,LYS,0.4090909090909091,0.8567524075465405,10.0,medium,6,89.0,9782.23,0.4044943820224719,0.24719101123595505,SIDE_CHAIN_LOSS,1,870.2139037086706,720.2927395488827,pN/nm,0.7606782234316117,0.7950042713128646,17.228081914211568,4.4189808466740725,COMPLETED,,779b297ee54d560c11b07397c92fa69e593a32de7fc748657547006a26ac50d5,False
1TIT_MILD_39_seed1,1TIT,1TIT,A,Q8WZ42,GCR_DEEP_SPACE_REFERENCE,MILD,A:39,A:39,1,12,GLN,0.4318181818181818,0.6563229174213769,6.0,medium,7,89.0,9782.23,0.4044943820224719,0.24719101123595505,SIDE_CHAIN_LOSS,1,870.2139037086706,843.6996814269324,pN/nm,0.7606782234316117,0.8551570929382649,3.0468626355819035,4.4189808466740725,COMPLETED,,779b297ee54d560c11b07397c92fa69e593a32de7fc748657547006a26ac50d5,False
1TIT_MILD_79_seed1,1TIT,1TIT,A,Q8WZ42,GCR_DEEP_SPACE_REFERENCE,MILD,A:79,A:79,1,17,LYS,0.8863636363636364,0.8035102217136233,10.0,medium,8,89.0,9782.23,0.4044943820224719,0.24719101123595505,SIDE_CHAIN_LOSS,1,870.2139037086706,700.7909981057387,pN/nm,0.7606782234316117,0.8090485432132882,19.46911039698248,4.4189808466740725,COMPLETED,,779b297ee54d560c11b07397c92fa69e593a32de7fc748657547006a26ac50d5,False
1TIT_MODERATE_31_seed1,1TIT,1TIT,A,Q8WZ42,GCR_DEEP_SPACE_REFERENCE,MODERATE,A:31,A:9 A:31 A:37,3,45,HIS,0.3409090909090909,0.7866237751361952,7.0,high,1,89.0,9782.23,0.4044943820224719,0.24719101123595505,SIDE_CHAIN_LOSS,1,870.2139037086706,660.4718992974883,pN/nm,0.7606782234316117,0.7955965680980208,24.102350412617575,4.4189808466740725,COMPLETED,,779b297ee54d560c11b07397c92fa69e593a32de7fc748657547006a26ac50d5,False
1TIT_SEVERE_31_seed1,1TIT,1TIT,A,Q8WZ42,GCR_DEEP_SPACE_REFERENCE,SEVERE,A:31,A:9 A:31 A:37 A:39 A:54 A:79,6,91,HIS,0.3409090909090909,0.7866237751361952,7.0,high,1,89.0,9782.23,0.4044943820224719,0.24719101123595505,SIDE_CHAIN_LOSS,1,870.2139037086706,651.5057202961023,pN/nm,0.7606782234316117,0.8614619694228904,25.132692373734734,4.4189808466740725,COMPLETED,,779b297ee54d560c11b07397c92fa69e593a32de7fc748657547006a26ac50d5,False
1TIT_EXTREME_31_seed1,1TIT,1TIT,A,Q8WZ42,GCR_DEEP_SPACE_REFERENCE,EXTREME,A:31,A:6 A:9 A:20 A:29 A:31 A:33 A:37 A:39 A:42 A:52 A:54 A:61 A:64 A:79 A:85 A:87 A:88,17,223,HIS,0.3409090909090909,0.7866237751361952,7.0,high,1,89.0,9782.23,0.4044943820224719,0.24719101123595505,SIDE_CHAIN_LOSS,1,870.2139037086706,697.3074785762682,pN/nm,0.7606782234316117,0.8499391395517141,19.869416518802012,4.4189808466740725,COMPLETED,,779b297ee54d560c11b07397c92fa69e593a32de7fc748657547006a26ac50d5,False
1TIT_MILD_31_seed2,1TIT,1TIT,A,Q8WZ42,GCR_DEEP_SPACE_REFERENCE,MILD,A:31,A:31,1,12,HIS,0.3409090909090909,0.7866237751361952,7.0,high,1,89.0,9782.23,0.4044943820224719,0.24719101123595505,SIDE_CHAIN_LOSS,2,699.1245310224505,955.1283449713276,pN/nm,0.8266780883204092,0.8579412280307075,-36.61777016670815,4.425234032875448,COMPLETED,,779b297ee54d560c11b07397c92fa69e593a32de7fc748657547006a26ac50d5,False
1TIT_MILD_9_seed2,1TIT,1TIT,A,Q8WZ42,GCR_DEEP_SPACE_REFERENCE,MILD,A:9,A:9,1,16,TYR,0.09090909090909091,0.7420930345656491,9.0,high,4,89.0,9782.23,0.4044943820224719,0.24719101123595505,SIDE_CHAIN_LOSS,2,699.1245310224505,750.7164729104239,pN/nm,0.8266780883204092,0.8749969433938833,-7.3795067400255085,4.425234032875448,COMPLETED,,779b297ee54d560c11b07397c92fa69e593a32de7fc748657547006a26ac50d5,False
1TIT_MILD_37_seed2,1TIT,1TIT,A,Q8WZ42,GCR_DEEP_SPACE_REFERENCE,MILD,A:37,A:37,1,17,LYS,0.4090909090909091,0.8567524075465405,10.0,medium,6,89.0,9782.23,0.4044943820224719,0.24719101123595505,SIDE_CHAIN_LOSS,2,699.1245310224505,825.1617503942547,pN/nm,0.8266780883204092,0.8900987726190327,-18.027863961156996,4.425234032875448,COMPLETED,,779b297ee54d560c11b07397c92fa69e593a32de7fc748657547006a26ac50d5,False
1TIT_MILD_39_seed2,1TIT,1TIT,A,Q8WZ42,GCR_DEEP_SPACE_REFERENCE,MILD,A:39,A:39,1,12,GLN,0.4318181818181818,0.6563229174213769,6.0,medium,7,89.0,9782.23,0.4044943820224719,0.24719101123595505,SIDE_CHAIN_LOSS,2,699.1245310224505,897.9345843705498,pN/nm,0.8266780883204092,0.7737998802392307,-28.437001496335007,4.425234032875448,COMPLETED,,779b297ee54d560c11b07397c92fa69e593a32de7fc748657547006a26ac50d5,False
1TIT_MILD_79_seed2,1TIT,1TIT,A,Q8WZ42,GCR_DEEP_SPACE_REFERENCE,MILD,A:79,A:79,1,17,LYS,0.8863636363636364,0.8035102217136233,10.0,medium,8,89.0,9782.23,0.4044943820224719,0.24719101123595505,SIDE_CHAIN_LOSS,2,699.1245310224505,959.952486456198,pN/nm,0.8266780883204092,0.8716452734246334,-37.30779623085086,4.425234032875448,COMPLETED,,779b297ee54d560c11b07397c92fa69e593a32de7fc748657547006a26ac50d5,False
1TIT_MODERATE_31_seed2,1TIT,1TIT,A,Q8WZ42,GCR_DEEP_SPACE_REFERENCE,MODERATE,A:31,A:9 A:31 A:37,3,45,HIS,0.3409090909090909,0.7866237751361952,7.0,high,1,89.0,9782.23,0.4044943820224719,0.24719101123595505,SIDE_CHAIN_LOSS,2,699.1245310224505,847.1209393707063,pN/nm,0.8266780883204092,0.8907273936561184,-21.16881925625112,4.425234032875448,COMPLETED,,779b297ee54d560c11b07397c92fa69e593a32de7fc748657547006a26ac50d5,False
1TIT_SEVERE_31_seed2,1TIT,1TIT,A,Q8WZ42,GCR_DEEP_SPACE_REFERENCE,SEVERE,A:31,A:9 A:31 A:37 A:39 A:54 A:79,6,91,HIS,0.3409090909090909,0.7866237751361952,7.0,high,1,89.0,9782.23,0.4044943820224719,0.24719101123595505,SIDE_CHAIN_LOSS,2,699.1245310224505,742.1794556466855,pN/nm,0.8266780883204092,0.8750588141617491,-6.158405650745564,4.425234032875448,COMPLETED,,779b297ee54d560c11b07397c92fa69e593a32de7fc748657547006a26ac50d5,False
1TIT_EXTREME_31_seed2,1TIT,1TIT,A,Q8WZ42,GCR_DEEP_SPACE_REFERENCE,EXTREME,A:31,A:6 A:9 A:20 A:29 A:31 A:33 A:37 A:39 A:42 A:52 A:54 A:61 A:64 A:79 A:85 A:87 A:88,17,223,HIS,0.3409090909090909,0.7866237751361952,7.0,high,1,89.0,9782.23,0.4044943820224719,0.24719101123595505,SIDE_CHAIN_LOSS,2,699.1245310224505,721.9859138523268,pN/nm,0.8266780883204092,0.8794893973026395,-3.2700015255425505,4.425234032875448,COMPLETED,,779b297ee54d560c11b07397c92fa69e593a32de7fc748657547006a26ac50d5,False
1TIT_MILD_31_seed3,1TIT,1TIT,A,Q8WZ42,GCR_DEEP_SPACE_REFERENCE,MILD,A:31,A:31,1,12,HIS,0.3409090909090909,0.7866237751361952,7.0,high,1,89.0,9782.23,0.4044943820224719,0.24719101123595505,SIDE_CHAIN_LOSS,3,687.7355881775418,798.337845784494,pN/nm,0.8650674546222294,0.768642082011493,-16.08209019690861,4.398526261851935,COMPLETED,,779b297ee54d560c11b07397c92fa69e593a32de7fc748657547006a26ac50d5,False
1TIT_MILD_9_seed3,1TIT,1TIT,A,Q8WZ42,GCR_DEEP_SPACE_REFERENCE,MILD,A:9,A:9,1,16,TYR,0.09090909090909091,0.7420930345656491,9.0,high,4,89.0,9782.23,0.4044943820224719,0.24719101123595505,SIDE_CHAIN_LOSS,3,687.7355881775418,822.5010295417077,pN/nm,0.8650674546222294,0.8248953987852133,-19.595531143195053,4.398526261851935,COMPLETED,,779b297ee54d560c11b07397c92fa69e593a32de7fc748657547006a26ac50d5,False
1TIT_MILD_37_seed3,1TIT,1TIT,A,Q8WZ42,GCR_DEEP_SPACE_REFERENCE,MILD,A:37,A:37,1,17,LYS,0.4090909090909091,0.8567524075465405,10.0,medium,6,89.0,9782.23,0.4044943820224719,0.24719101123595505,SIDE_CHAIN_LOSS,3,687.7355881775418,860.0600172447314,pN/nm,0.8650674546222294,0.8445529471735161,-25.056785199067427,4.398526261851935,COMPLETED,,779b297ee54d560c11b07397c92fa69e593a32de7fc748657547006a26ac50d5,False
1TIT_MILD_39_seed3,1TIT,1TIT,A,Q8WZ42,GCR_DEEP_SPACE_REFERENCE,MILD,A:39,A:39,1,12,GLN,0.4318181818181818,0.6563229174213769,6.0,medium,7,89.0,9782.23,0.4044943820224719,0.24719101123595505,SIDE_CHAIN_LOSS,3,687.7355881775418,829.7693790273763,pN/nm,0.8650674546222294,0.8833943099758096,-20.65238345833107,4.398526261851935,COMPLETED,,779b297ee54d560c11b07397c92fa69e593a32de7fc748657547006a26ac50d5,False
1TIT_MILD_79_seed3,1TIT,1TIT,A,Q8WZ42,GCR_DEEP_SPACE_REFERENCE,MILD,A:79,A:79,1,17,LYS,0.8863636363636364,0.8035102217136233,10.0,medium,8,89.0,9782.23,0.4044943820224719,0.24719101123595505,SIDE_CHAIN_LOSS,3,687.7355881775418,747.8144316323261,pN/nm,0.8650674546222294,0.86280752193327,-8.73574735517027,4.398526261851935,COMPLETED,,779b297ee54d560c11b07397c92fa69e593a32de7fc748657547006a26ac50d5,False
1TIT_MODERATE_31_seed3,1TIT,1TIT,A,Q8WZ42,GCR_DEEP_SPACE_REFERENCE,MODERATE,A:31,A:9 A:31 A:37,3,45,HIS,0.3409090909090909,0.7866237751361952,7.0,high,1,89.0,9782.23,0.4044943820224719,0.24719101123595505,SIDE_CHAIN_LOSS,3,687.7355881775418,686.7125156813445,pN/nm,0.8650674546222294,0.7469022123876173,0.14875956890763528,4.398526261851935,COMPLETED,,779b297ee54d560c11b07397c92fa69e593a32de7fc748657547006a26ac50d5,False
1TIT_SEVERE_31_seed3,1TIT,1TIT,A,Q8WZ42,GCR_DEEP_SPACE_REFERENCE,SEVERE,A:31,A:9 A:31 A:37 A:39 A:54 A:79,6,91,HIS,0.3409090909090909,0.7866237751361952,7.0,high,1,89.0,9782.23,0.4044943820224719,0.24719101123595505,SIDE_CHAIN_LOSS,3,687.7355881775418,932.0076615138132,pN/nm,0.8650674546222294,0.7920418219194514,-35.51831220245237,4.398526261851935,COMPLETED,,779b297ee54d560c11b07397c92fa69e593a32de7fc748657547006a26ac50d5,False
1TIT_EXTREME_31_seed3,1TIT,1TIT,A,Q8WZ42,GCR_DEEP_SPACE_REFERENCE,EXTREME,A:31,A:6 A:9 A:20 A:29 A:31 A:33 A:37 A:39 A:42 A:52 A:54 A:61 A:64 A:79 A:85 A:87 A:88,17,223,HIS,0.3409090909090909,0.7866237751361952,7.0,high,1,89.0,9782.23,0.4044943820224719,0.24719101123595505,SIDE_CHAIN_LOSS,3,687.7355881775418,799.4074937359998,pN/nm,0.8650674546222294,0.8587144230087792,-16.237622056811375,4.398526261851935,COMPLETED,,779b297ee54d560c11b07397c92fa69e593a32de7fc748657547006a26ac50d5,False
1TIT_MILD_31_seed4,1TIT,1TIT,A,Q8WZ42,GCR_DEEP_SPACE_REFERENCE,MILD,A:31,A:31,1,12,HIS,0.3409090909090909,0.7866237751361952,7.0,high,1,89.0,9782.23,0.4044943820224719,0.24719101123595505,SIDE_CHAIN_LOSS,4,768.0769406539237,931.1107209405874,pN/nm,0.8431658347889497,0.854914715799793,-21.22623029769132,4.351567090956115,COMPLETED,,779b297ee54d560c11b07397c92fa69e593a32de7fc748657547006a26ac50d5,False
1TIT_MILD_9_seed4,1TIT,1TIT,A,Q8WZ42,GCR_DEEP_SPACE_REFERENCE,MILD,A:9,A:9,1,16,TYR,0.09090909090909091,0.7420930345656491,9.0,high,4,89.0,9782.23,0.4044943820224719,0.24719101123595505,SIDE_CHAIN_LOSS,4,768.0769406539237,564.1189632997325,pN/nm,0.8431658347889497,0.6897840942425629,26.554368001276778,4.351567090956115,COMPLETED,,779b297ee54d560c11b07397c92fa69e593a32de7fc748657547006a26ac50d5,False
1TIT_MILD_37_seed4,1TIT,1TIT,A,Q8WZ42,GCR_DEEP_SPACE_REFERENCE,MILD,A:37,A:37,1,17,LYS,0.4090909090909091,0.8567524075465405,10.0,medium,6,89.0,9782.23,0.4044943820224719,0.24719101123595505,SIDE_CHAIN_LOSS,4,768.0769406539237,634.8145319995851,pN/nm,0.8431658347889497,0.797986087307277,17.35013793551488,4.351567090956115,COMPLETED,,779b297ee54d560c11b07397c92fa69e593a32de7fc748657547006a26ac50d5,False
1TIT_MILD_39_seed4,1TIT,1TIT,A,Q8WZ42,GCR_DEEP_SPACE_REFERENCE,MILD,A:39,A:39,1,12,GLN,0.4318181818181818,0.6563229174213769,6.0,medium,7,89.0,9782.23,0.4044943820224719,0.24719101123595505,SIDE_CHAIN_LOSS,4,768.0769406539237,891.2485801853055,pN/nm,0.8431658347889497,0.8885476761916602,-16.03636732363248,4.351567090956115,COMPLETED,,779b297ee54d560c11b07397c92fa69e593a32de7fc748657547006a26ac50d5,False
1TIT_MILD_79_seed4,1TIT,1TIT,A,Q8WZ42,GCR_DEEP_SPACE_REFERENCE,MILD,A:79,A:79,1,17,LYS,0.8863636363636364,0.8035102217136233,10.0,medium,8,89.0,9782.23,0.4044943820224719,0.24719101123595505,SIDE_CHAIN_LOSS,4,768.0769406539237,753.643052931695,pN/nm,0.8431658347889497,0.8621352555528049,1.8792241972451278,4.351567090956115,COMPLETED,,779b297ee54d560c11b07397c92fa69e593a32de7fc748657547006a26ac50d5,False
1TIT_MODERATE_31_seed4,1TIT,1TIT,A,Q8WZ42,GCR_DEEP_SPACE_REFERENCE,MODERATE,A:31,A:9 A:31 A:37,3,45,HIS,0.3409090909090909,0.7866237751361952,7.0,high,1,89.0,9782.23,0.4044943820224719,0.24719101123595505,SIDE_CHAIN_LOSS,4,768.0769406539237,788.4595049284317,pN/nm,0.8431658347889497,0.7481699992778119,-2.6537138658471835,4.351567090956115,COMPLETED,,779b297ee54d560c11b07397c92fa69e593a32de7fc748657547006a26ac50d5,False
1TIT_SEVERE_31_seed4,1TIT,1TIT,A,Q8WZ42,GCR_DEEP_SPACE_REFERENCE,SEVERE,A:31,A:9 A:31 A:37 A:39 A:54 A:79,6,91,HIS,0.3409090909090909,0.7866237751361952,7.0,high,1,89.0,9782.23,0.4044943820224719,0.24719101123595505,SIDE_CHAIN_LOSS,4,768.0769406539237,729.0621714505861,pN/nm,0.8431658347889497,0.8561124002592915,5.079539189149624,4.351567090956115,COMPLETED,,779b297ee54d560c11b07397c92fa69e593a32de7fc748657547006a26ac50d5,False
1TIT_EXTREME_31_seed4,1TIT,1TIT,A,Q8WZ42,GCR_DEEP_SPACE_REFERENCE,EXTREME,A:31,A:6 A:9 A:20 A:29 A:31 A:33 A:37 A:39 A:42 A:52 A:54 A:61 A:64 A:79 A:85 A:87 A:88,17,223,HIS,0.3409090909090909,0.7866237751361952,7.0,high,1,89.0,9782.23,0.4044943820224719,0.24719101123595505,SIDE_CHAIN_LOSS,4,768.0769406539237,855.8588942775142,pN/nm,0.8431658347889497,0.8109840274388981,-11.428796905275522,4.351567090956115,COMPLETED,,779b297ee54d560c11b07397c92fa69e593a32de7fc748657547006a26ac50d5,False
1TIT_MILD_31_seed5,1TIT,1TIT,A,Q8WZ42,GCR_DEEP_SPACE_REFERENCE,MILD,A:31,A:31,1,12,HIS,0.3409090909090909,0.7866237751361952,7.0,high,1,89.0,9782.23,0.4044943820224719,0.24719101123595505,SIDE_CHAIN_LOSS,5,539.8257645063209,728.5129867586041,pN/nm,0.8017714602412921,0.6995129373773246,-34.95335618610955,4.495620114926067,COMPLETED,,779b297ee54d560c11b07397c92fa69e593a32de7fc748657547006a26ac50d5,False
1TIT_MILD_9_seed5,1TIT,1TIT,A,Q8WZ42,GCR_DEEP_SPACE_REFERENCE,MILD,A:9,A:9,1,16,TYR,0.09090909090909091,0.7420930345656491,9.0,high,4,89.0,9782.23,0.4044943820224719,0.24719101123595505,SIDE_CHAIN_LOSS,5,539.8257645063209,513.652102877139,pN/nm,0.8017714602412921,0.6730725546923637,4.848538797165064,4.495620114926067,COMPLETED,,779b297ee54d560c11b07397c92fa69e593a32de7fc748657547006a26ac50d5,False
1TIT_MILD_37_seed5,1TIT,1TIT,A,Q8WZ42,GCR_DEEP_SPACE_REFERENCE,MILD,A:37,A:37,1,17,LYS,0.4090909090909091,0.8567524075465405,10.0,medium,6,89.0,9782.23,0.4044943820224719,0.24719101123595505,SIDE_CHAIN_LOSS,5,539.8257645063209,620.3748657179543,pN/nm,0.8017714602412921,0.7339482907117759,-14.921314710737615,4.495620114926067,COMPLETED,,779b297ee54d560c11b07397c92fa69e593a32de7fc748657547006a26ac50d5,False
1TIT_MILD_39_seed5,1TIT,1TIT,A,Q8WZ42,GCR_DEEP_SPACE_REFERENCE,MILD,A:39,A:39,1,12,GLN,0.4318181818181818,0.6563229174213769,6.0,medium,7,89.0,9782.23,0.4044943820224719,0.24719101123595505,SIDE_CHAIN_LOSS,5,539.8257645063209,610.4775580282817,pN/nm,0.8017714602412921,0.6724748232493616,-13.087888383129137,4.495620114926067,COMPLETED,,779b297ee54d560c11b07397c92fa69e593a32de7fc748657547006a26ac50d5,False
1TIT_MILD_79_seed5,1TIT,1TIT,A,Q8WZ42,GCR_DEEP_SPACE_REFERENCE,MILD,A:79,A:79,1,17,LYS,0.8863636363636364,0.8035102217136233,10.0,medium,8,89.0,9782.23,0.4044943820224719,0.24719101123595505,SIDE_CHAIN_LOSS,5,539.8257645063209,540.5138720872989,pN/nm,0.8017714602412921,0.678683907568703,-0.12746845856964306,4.495620114926067,COMPLETED,,779b297ee54d560c11b07397c92fa69e593a32de7fc748657547006a26ac50d5,False
1TIT_MODERATE_31_seed5,1TIT,1TIT,A,Q8WZ42,GCR_DEEP_SPACE_REFERENCE,MODERATE,A:31,A:9 A:31 A:37,3,45,HIS,0.3409090909090909,0.7866237751361952,7.0,high,1,89.0,9782.23,0.4044943820224719,0.24719101123595505,SIDE_CHAIN_LOSS,5,539.8257645063209,569.0599804519576,pN/nm,0.8017714602412921,0.699132321536695,-5.415491046888411,4.495620114926067,COMPLETED,,779b297ee54d560c11b07397c92fa69e593a32de7fc748657547006a26ac50d5,False
1TIT_SEVERE_31_seed5,1TIT,1TIT,A,Q8WZ42,GCR_DEEP_SPACE_REFERENCE,SEVERE,A:31,A:9 A:31 A:37 A:39 A:54 A:79,6,91,HIS,0.3409090909090909,0.7866237751361952,7.0,high,1,89.0,9782.23,0.4044943820224719,0.24719101123595505,SIDE_CHAIN_LOSS,5,539.8257645063209,747.4322050182964,pN/nm,0.8017714602412921,0.8524001766010103,-38.45804594040354,4.495620114926067,COMPLETED,,779b297ee54d560c11b07397c92fa69e593a32de7fc748657547006a26ac50d5,False
1TIT_EXTREME_31_seed5,1TIT,1TIT,A,Q8WZ42,GCR_DEEP_SPACE_REFERENCE,EXTREME,A:31,A:6 A:9 A:20 A:29 A:31 A:33 A:37 A:39 A:42 A:52 A:54 A:61 A:64 A:79 A:85 A:87 A:88,17,223,HIS,0.3409090909090909,0.7866237751361952,7.0,high,1,89.0,9782.23,0.4044943820224719,0.24719101123595505,SIDE_CHAIN_LOSS,5,539.8257645063209,636.2060013031365,pN/nm,0.8017714602412921,0.7278982145137598,-17.853952725831252,4.495620114926067,COMPLETED,,779b297ee54d560c11b07397c92fa69e593a32de7fc748657547006a26ac50d5,False
1TEN_MILD_862_seed1,1TEN,1TEN,A,P24821,GCR_DEEP_SPACE_REFERENCE,MILD,A:862,A:862,1,0,ASN,0.6704545454545454,1.0,6.0,medium,1,89.0,9895.93,0.33707865168539325,0.29213483146067415,SIDE_CHAIN_LOSS,1,63.17725977802936,125.36245867005526,pN/nm,0.023255729581294626,0.11722857285683463,-98.4297183994858,3.177285685594429,QC_FAILED,r2 0.02 below 0.5 | r2 0.12 below 0.5,779b297ee54d560c11b07397c92fa69e593a32de7fc748657547006a26ac50d5,False
1TEN_MILD_886_seed1,1TEN,1TEN,A,P24821,GCR_DEEP_SPACE_REFERENCE,MILD,A:886,A:886,1,0,LYS,0.9431818181818182,0.8750230197844822,8.0,medium,2,89.0,9895.93,0.33707865168539325,0.29213483146067415,SIDE_CHAIN_LOSS,1,63.17725977802936,97.49551017300702,pN/nm,0.023255729581294626,0.04612812333598759,-54.3205743895088,3.177285685594429,QC_FAILED,r2 0.02 below 0.5 | r2 0.05 below 0.5,779b297ee54d560c11b07397c92fa69e593a32de7fc748657547006a26ac50d5,False
1TEN_MILD_827_seed1,1TEN,1TEN,A,P24821,GCR_DEEP_SPACE_REFERENCE,MILD,A:827,A:827,1,0,LEU,0.2727272727272727,0.8834707366195955,5.0,low,3,89.0,9895.93,0.33707865168539325,0.29213483146067415,SIDE_CHAIN_LOSS,1,63.17725977802936,-61.76642245757986,pN/nm,0.023255729581294626,0.03831480275021004,197.76685895303717,3.177285685594429,QC_FAILED,r2 0.02 below 0.5 | negative stiffness -62 pN/nm is unphysical | r2 0.04 below 0.5,779b297ee54d560c11b07397c92fa69e593a32de7fc748657547006a26ac50d5,False
1TEN_MILD_879_seed1,1TEN,1TEN,A,P24821,GCR_DEEP_SPACE_REFERENCE,MILD,A:879,A:879,1,0,ASP,0.8636363636363636,0.8816614228335549,5.0,low,4,89.0,9895.93,0.33707865168539325,0.29213483146067415,SIDE_CHAIN_LOSS,1,63.17725977802936,-85.51816338266958,pN/nm,0.023255729581294626,0.0705472133048658,235.36225484159021,3.177285685594429,QC_FAILED,r2 0.02 below 0.5 | negative stiffness -86 pN/nm is unphysical | r2 0.07 below 0.5,779b297ee54d560c11b07397c92fa69e593a32de7fc748657547006a26ac50d5,False
1TEN_MILD_864_seed1,1TEN,1TEN,A,P24821,GCR_DEEP_SPACE_REFERENCE,MILD,A:864,A:864,1,0,LYS,0.6931818181818182,0.8047375204251339,8.0,medium,5,89.0,9895.93,0.33707865168539325,0.29213483146067415,SIDE_CHAIN_LOSS,1,63.17725977802936,32.84037409922062,pN/nm,0.023255729581294626,0.00905934141573872,48.018679166200165,3.177285685594429,QC_FAILED,r2 0.02 below 0.5 | r2 0.01 below 0.5,779b297ee54d560c11b07397c92fa69e593a32de7fc748657547006a26ac50d5,False
1TEN_MODERATE_862_seed1,1TEN,1TEN,A,P24821,GCR_DEEP_SPACE_REFERENCE,MODERATE,A:862,A:827 A:862 A:886,3,0,ASN,0.6704545454545454,1.0,6.0,medium,1,89.0,9895.93,0.33707865168539325,0.29213483146067415,SIDE_CHAIN_LOSS,1,63.17725977802936,43.23956721703742,pN/nm,0.023255729581294626,0.008870602321129573,31.558337020380726,3.177285685594429,QC_FAILED,r2 0.02 below 0.5 | r2 0.01 below 0.5,779b297ee54d560c11b07397c92fa69e593a32de7fc748657547006a26ac50d5,False
1TEN_SEVERE_862_seed1,1TEN,1TEN,A,P24821,GCR_DEEP_SPACE_REFERENCE,SEVERE,A:862,A:827 A:862 A:864 A:879 A:880 A:886,6,0,ASN,0.6704545454545454,1.0,6.0,medium,1,89.0,9895.93,0.33707865168539325,0.29213483146067415,SIDE_CHAIN_LOSS,1,63.17725977802936,51.23019058383024,pN/nm,0.023255729581294626,0.027044261070428233,18.910394715083626,3.177285685594429,QC_FAILED,r2 0.02 below 0.5 | r2 0.03 below 0.5,779b297ee54d560c11b07397c92fa69e593a32de7fc748657547006a26ac50d5,False
1TEN_EXTREME_862_seed1,1TEN,1TEN,A,P24821,GCR_DEEP_SPACE_REFERENCE,EXTREME,A:862,A:808 A:812 A:824 A:825 A:827 A:829 A:841 A:854 A:857 A:858 A:859 A:862 A:864 A:866 A:879 A:880 A:883 A:886,18,0,ASN,0.6704545454545454,1.0,6.0,medium,1,89.0,9895.93,0.33707865168539325,0.29213483146067415,SIDE_CHAIN_LOSS,1,63.17725977802936,-31.59642026736321,pN/nm,0.023255729581294626,0.003654402706496529,150.01233098487637,3.177285685594429,QC_FAILED,r2 0.02 below 0.5 | negative stiffness -32 pN/nm is unphysical | r2 0.00 below 0.5,779b297ee54d560c11b07397c92fa69e593a32de7fc748657547006a26ac50d5,False
1TEN_MILD_862_seed2,1TEN,1TEN,A,P24821,GCR_DEEP_SPACE_REFERENCE,MILD,A:862,A:862,1,0,ASN,0.6704545454545454,1.0,6.0,medium,1,89.0,9895.93,0.33707865168539325,0.29213483146067415,SIDE_CHAIN_LOSS,2,81.52812549550193,127.00389115336583,pN/nm,0.08488193006791078,0.10601028831840886,-55.779236161112145,3.2126783630831572,QC_FAILED,r2 0.08 below 0.5 | r2 0.11 below 0.5,779b297ee54d560c11b07397c92fa69e593a32de7fc748657547006a26ac50d5,False
1TEN_MILD_886_seed2,1TEN,1TEN,A,P24821,GCR_DEEP_SPACE_REFERENCE,MILD,A:886,A:886,1,0,LYS,0.9431818181818182,0.8750230197844822,8.0,medium,2,89.0,9895.93,0.33707865168539325,0.29213483146067415,SIDE_CHAIN_LOSS,2,81.52812549550193,122.08290334145617,pN/nm,0.08488193006791078,0.1743149863131307,-49.74329729706804,3.2126783630831572,QC_FAILED,r2 0.08 below 0.5 | r2 0.17 below 0.5,779b297ee54d560c11b07397c92fa69e593a32de7fc748657547006a26ac50d5,False
1TEN_MILD_827_seed2,1TEN,1TEN,A,P24821,GCR_DEEP_SPACE_REFERENCE,MILD,A:827,A:827,1,0,LEU,0.2727272727272727,0.8834707366195955,5.0,low,3,89.0,9895.93,0.33707865168539325,0.29213483146067415,SIDE_CHAIN_LOSS,2,81.52812549550193,27.72923118074837,pN/nm,0.08488193006791078,0.004941503003821235,65.98814088730857,3.2126783630831572,QC_FAILED,r2 0.08 below 0.5 | r2 0.00 below 0.5,779b297ee54d560c11b07397c92fa69e593a32de7fc748657547006a26ac50d5,False
1TEN_MILD_879_seed2,1TEN,1TEN,A,P24821,GCR_DEEP_SPACE_REFERENCE,MILD,A:879,A:879,1,0,ASP,0.8636363636363636,0.8816614228335549,5.0,low,4,89.0,9895.93,0.33707865168539325,0.29213483146067415,SIDE_CHAIN_LOSS,2,81.52812549550193,58.90969871134365,pN/nm,0.08488193006791078,0.03484016576287641,27.743096810690414,3.2126783630831572,QC_FAILED,r2 0.08 below 0.5 | r2 0.03 below 0.5,779b297ee54d560c11b07397c92fa69e593a32de7fc748657547006a26ac50d5,False
1TEN_MILD_864_seed2,1TEN,1TEN,A,P24821,GCR_DEEP_SPACE_REFERENCE,MILD,A:864,A:864,1,0,LYS,0.6931818181818182,0.8047375204251339,8.0,medium,5,89.0,9895.93,0.33707865168539325,0.29213483146067415,SIDE_CHAIN_LOSS,2,81.52812549550193,152.6577599568468,pN/nm,0.08488193006791078,0.31771424072224275,-87.2455168434717,3.2126783630831572,QC_FAILED,r2 0.08 below 0.5 | r2 0.32 below 0.5,779b297ee54d560c11b07397c92fa69e593a32de7fc748657547006a26ac50d5,False
1TEN_MODERATE_862_seed2,1TEN,1TEN,A,P24821,GCR_DEEP_SPACE_REFERENCE,MODERATE,A:862,A:827 A:862 A:886,3,0,ASN,0.6704545454545454,1.0,6.0,medium,1,89.0,9895.93,0.33707865168539325,0.29213483146067415,SIDE_CHAIN_LOSS,2,81.52812549550193,97.502585048089,pN/nm,0.08488193006791078,0.09057976567002934,-19.593802084249347,3.2126783630831572,QC_FAILED,r2 0.08 below 0.5 | r2 0.09 below 0.5,779b297ee54d560c11b07397c92fa69e593a32de7fc748657547006a26ac50d5,False
1TEN_SEVERE_862_seed2,1TEN,1TEN,A,P24821,GCR_DEEP_SPACE_REFERENCE,SEVERE,A:862,A:827 A:862 A:864 A:879 A:880 A:886,6,0,ASN,0.6704545454545454,1.0,6.0,medium,1,89.0,9895.93,0.33707865168539325,0.29213483146067415,SIDE_CHAIN_LOSS,2,81.52812549550193,13.61186317705148,pN/nm,0.08488193006791078,0.0013409884846272702,83.30408911731637,3.2126783630831572,QC_FAILED,r2 0.08 below 0.5 | r2 0.00 below 0.5,779b297ee54d560c11b07397c92fa69e593a32de7fc748657547006a26ac50d5,False
1TEN_EXTREME_862_seed2,1TEN,1TEN,A,P24821,GCR_DEEP_SPACE_REFERENCE,EXTREME,A:862,A:808 A:812 A:824 A:825 A:827 A:829 A:841 A:854 A:857 A:858 A:859 A:862 A:864 A:866 A:879 A:880 A:883 A:886,18,0,ASN,0.6704545454545454,1.0,6.0,medium,1,89.0,9895.93,0.33707865168539325,0.29213483146067415,SIDE_CHAIN_LOSS,2,81.52812549550193,159.68707097240252,pN/nm,0.08488193006791078,0.3084975337485807,-95.86746291770535,3.2126783630831572,QC_FAILED,r2 0.08 below 0.5 | r2 0.31 below 0.5,779b297ee54d560c11b07397c92fa69e593a32de7fc748657547006a26ac50d5,False
1TEN_MILD_862_seed3,1TEN,1TEN,A,P24821,GCR_DEEP_SPACE_REFERENCE,MILD,A:862,A:862,1,0,ASN,0.6704545454545454,1.0,6.0,medium,1,89.0,9895.93,0.33707865168539325,0.29213483146067415,SIDE_CHAIN_LOSS,3,-186.7320584881088,-117.89792059325652,pN/nm,0.11345926338454448,0.09438358264361257,36.86251758384363,3.197592393817918,QC_FAILED,negative stiffness -187 pN/nm is unphysical | r2 0.11 below 0.5 | negative stiffness -118 pN/nm is unphysical | r2 0.09 below 0.5,779b297ee54d560c11b07397c92fa69e593a32de7fc748657547006a26ac50d5,False
1TEN_MILD_886_seed3,1TEN,1TEN,A,P24821,GCR_DEEP_SPACE_REFERENCE,MILD,A:886,A:886,1,0,LYS,0.9431818181818182,0.8750230197844822,8.0,medium,2,89.0,9895.93,0.33707865168539325,0.29213483146067415,SIDE_CHAIN_LOSS,3,-186.7320584881088,-127.72488254694024,pN/nm,0.11345926338454448,0.09526453895608755,31.599917239131265,3.197592393817918,QC_FAILED,negative stiffness -187 pN/nm is unphysical | r2 0.11 below 0.5 | negative stiffness -128 pN/nm is unphysical | r2 0.10 below 0.5,779b297ee54d560c11b07397c92fa69e593a32de7fc748657547006a26ac50d5,False
1TEN_MILD_827_seed3,1TEN,1TEN,A,P24821,GCR_DEEP_SPACE_REFERENCE,MILD,A:827,A:827,1,0,LEU,0.2727272727272727,0.8834707366195955,5.0,low,3,89.0,9895.93,0.33707865168539325,0.29213483146067415,SIDE_CHAIN_LOSS,3,-186.7320584881088,-154.59237238981032,pN/nm,0.11345926338454448,0.11772445418252175,17.211659507488992,3.197592393817918,QC_FAILED,negative stiffness -187 pN/nm is unphysical | r2 0.11 below 0.5 | negative stiffness -155 pN/nm is unphysical | r2 0.12 below 0.5,779b297ee54d560c11b07397c92fa69e593a32de7fc748657547006a26ac50d5,False
1TEN_MILD_879_seed3,1TEN,1TEN,A,P24821,GCR_DEEP_SPACE_REFERENCE,MILD,A:879,A:879,1,0,ASP,0.8636363636363636,0.8816614228335549,5.0,low,4,89.0,9895.93,0.33707865168539325,0.29213483146067415,SIDE_CHAIN_LOSS,3,-186.7320584881088,-4.226964280776002,pN/nm,0.11345926338454448,0.00018766268968162247,97.73634783710952,3.197592393817918,QC_FAILED,negative stiffness -187 pN/nm is unphysical | r2 0.11 below 0.5 | negative stiffness -4 pN/nm is unphysical | r2 0.00 below 0.5,779b297ee54d560c11b07397c92fa69e593a32de7fc748657547006a26ac50d5,False
1TEN_MILD_864_seed3,1TEN,1TEN,A,P24821,GCR_DEEP_SPACE_REFERENCE,MILD,A:864,A:864,1,0,LYS,0.6931818181818182,0.8047375204251339,8.0,medium,5,89.0,9895.93,0.33707865168539325,0.29213483146067415,SIDE_CHAIN_LOSS,3,-186.7320584881088,-91.8244743702058,pN/nm,0.11345926338454448,0.028257473097698438,50.82554376914704,3.197592393817918,QC_FAILED,negative stiffness -187 pN/nm is unphysical | r2 0.11 below 0.5 | negative stiffness -92 pN/nm is unphysical | r2 0.03 below 0.5,779b297ee54d560c11b07397c92fa69e593a32de7fc748657547006a26ac50d5,False
1TEN_MODERATE_862_seed3,1TEN,1TEN,A,P24821,GCR_DEEP_SPACE_REFERENCE,MODERATE,A:862,A:827 A:862 A:886,3,0,ASN,0.6704545454545454,1.0,6.0,medium,1,89.0,9895.93,0.33707865168539325,0.29213483146067415,SIDE_CHAIN_LOSS,3,-186.7320584881088,-100.67310384602175,pN/nm,0.11345926338454448,0.07442368652072973,46.08686657174474,3.197592393817918,QC_FAILED,negative stiffness -187 pN/nm is unphysical | r2 0.11 below 0.5 | negative stiffness -101 pN/nm is unphysical | r2 0.07 below 0.5,779b297ee54d560c11b07397c92fa69e593a32de7fc748657547006a26ac50d5,False
1TEN_SEVERE_862_seed3,1TEN,1TEN,A,P24821,GCR_DEEP_SPACE_REFERENCE,SEVERE,A:862,A:827 A:862 A:864 A:879 A:880 A:886,6,0,ASN,0.6704545454545454,1.0,6.0,medium,1,89.0,9895.93,0.33707865168539325,0.29213483146067415,SIDE_CHAIN_LOSS,3,-186.7320584881088,-113.24038166338252,pN/nm,0.11345926338454448,0.08308402999077391,39.35675396059872,3.197592393817918,QC_FAILED,negative stiffness -187 pN/nm is unphysical | r2 0.11 below 0.5 | negative stiffness -113 pN/nm is unphysical | r2 0.08 below 0.5,779b297ee54d560c11b07397c92fa69e593a32de7fc748657547006a26ac50d5,False
1TEN_EXTREME_862_seed3,1TEN,1TEN,A,P24821,GCR_DEEP_SPACE_REFERENCE,EXTREME,A:862,A:808 A:812 A:824 A:825 A:827 A:829 A:841 A:854 A:857 A:858 A:859 A:862 A:864 A:866 A:879 A:880 A:883 A:886,18,0,ASN,0.6704545454545454,1.0,6.0,medium,1,89.0,9895.93,0.33707865168539325,0.29213483146067415,SIDE_CHAIN_LOSS,3,-186.7320584881088,-171.24904711240393,pN/nm,0.11345926338454448,0.10572123853740967,8.291565733845772,3.197592393817918,QC_FAILED,negative stiffness -187 pN/nm is unphysical | r2 0.11 below 0.5 | negative stiffness -171 pN/nm is unphysical | r2 0.11 below 0.5,779b297ee54d560c11b07397c92fa69e593a32de7fc748657547006a26ac50d5,False
1TEN_MILD_862_seed4,1TEN,1TEN,A,P24821,GCR_DEEP_SPACE_REFERENCE,MILD,A:862,A:862,1,0,ASN,0.6704545454545454,1.0,6.0,medium,1,89.0,9895.93,0.33707865168539325,0.29213483146067415,SIDE_CHAIN_LOSS,4,-76.59431466283114,-72.2805031492576,pN/nm,0.02443581426792063,0.0190729001574218,5.632025735282021,3.1988204584781794,QC_FAILED,negative stiffness -77 pN/nm is unphysical | r2 0.02 below 0.5 | negative stiffness -72 pN/nm is unphysical | r2 0.02 below 0.5,779b297ee54d560c11b07397c92fa69e593a32de7fc748657547006a26ac50d5,False
1TEN_MILD_886_seed4,1TEN,1TEN,A,P24821,GCR_DEEP_SPACE_REFERENCE,MILD,A:886,A:886,1,0,LYS,0.9431818181818182,0.8750230197844822,8.0,medium,2,89.0,9895.93,0.33707865168539325,0.29213483146067415,SIDE_CHAIN_LOSS,4,-76.59431466283114,-12.379771022845048,pN/nm,0.02443581426792063,0.0008456606688727053,83.83721941068222,3.1988204584781794,QC_FAILED,negative stiffness -77 pN/nm is unphysical | r2 0.02 below 0.5 | negative stiffness -12 pN/nm is unphysical | r2 0.00 below 0.5,779b297ee54d560c11b07397c92fa69e593a32de7fc748657547006a26ac50d5,False
1TEN_MILD_827_seed4,1TEN,1TEN,A,P24821,GCR_DEEP_SPACE_REFERENCE,MILD,A:827,A:827,1,0,LEU,0.2727272727272727,0.8834707366195955,5.0,low,3,89.0,9895.93,0.33707865168539325,0.29213483146067415,SIDE_CHAIN_LOSS,4,-76.59431466283114,29.407305942497366,pN/nm,0.02443581426792063,0.011184406400122193,138.39358844314827,3.1988204584781794,QC_FAILED,negative stiffness -77 pN/nm is unphysical | r2 0.02 below 0.5 | r2 0.01 below 0.5,779b297ee54d560c11b07397c92fa69e593a32de7fc748657547006a26ac50d5,False
1TEN_MILD_879_seed4,1TEN,1TEN,A,P24821,GCR_DEEP_SPACE_REFERENCE,MILD,A:879,A:879,1,0,ASP,0.8636363636363636,0.8816614228335549,5.0,low,4,89.0,9895.93,0.33707865168539325,0.29213483146067415,SIDE_CHAIN_LOSS,4,-76.59431466283114,26.0534861944187,pN/nm,0.02443581426792063,0.004571362620088171,134.01490869016374,3.1988204584781794,QC_FAILED,negative stiffness -77 pN/nm is unphysical | r2 0.02 below 0.5 | r2 0.00 below 0.5,779b297ee54d560c11b07397c92fa69e593a32de7fc748657547006a26ac50d5,False
1TEN_MILD_864_seed4,1TEN,1TEN,A,P24821,GCR_DEEP_SPACE_REFERENCE,MILD,A:864,A:864,1,0,LYS,0.6931818181818182,0.8047375204251339,8.0,medium,5,89.0,9895.93,0.33707865168539325,0.29213483146067415,SIDE_CHAIN_LOSS,4,-76.59431466283114,60.480466517842395,pN/nm,0.02443581426792063,0.05508679487619028,178.9620832617642,3.1988204584781794,QC_FAILED,negative stiffness -77 pN/nm is unphysical | r2 0.02 below 0.5 | r2 0.06 below 0.5,779b297ee54d560c11b07397c92fa69e593a32de7fc748657547006a26ac50d5,False
1TEN_MODERATE_862_seed4,1TEN,1TEN,A,P24821,GCR_DEEP_SPACE_REFERENCE,MODERATE,A:862,A:827 A:862 A:886,3,0,ASN,0.6704545454545454,1.0,6.0,medium,1,89.0,9895.93,0.33707865168539325,0.29213483146067415,SIDE_CHAIN_LOSS,4,-76.59431466283114,10.680418573113439,pN/nm,0.02443581426792063,0.0004447249660339825,113.94414013641709,3.1988204584781794,QC_FAILED,negative stiffness -77 pN/nm is unphysical | r2 0.02 below 0.5 | r2 0.00 below 0.5,779b297ee54d560c11b07397c92fa69e593a32de7fc748657547006a26ac50d5,False
1TEN_SEVERE_862_seed4,1TEN,1TEN,A,P24821,GCR_DEEP_SPACE_REFERENCE,SEVERE,A:862,A:827 A:862 A:864 A:879 A:880 A:886,6,0,ASN,0.6704545454545454,1.0,6.0,medium,1,89.0,9895.93,0.33707865168539325,0.29213483146067415,SIDE_CHAIN_LOSS,4,-76.59431466283114,22.62424493557003,pN/nm,0.02443581426792063,0.0027732515889927756,129.53776012640387,3.1988204584781794,QC_FAILED,negative stiffness -77 pN/nm is unphysical | r2 0.02 below 0.5 | r2 0.00 below 0.5,779b297ee54d560c11b07397c92fa69e593a32de7fc748657547006a26ac50d5,False
1TEN_EXTREME_862_seed4,1TEN,1TEN,A,P24821,GCR_DEEP_SPACE_REFERENCE,EXTREME,A:862,A:808 A:812 A:824 A:825 A:827 A:829 A:841 A:854 A:857 A:858 A:859 A:862 A:864 A:866 A:879 A:880 A:883 A:886,18,0,ASN,0.6704545454545454,1.0,6.0,medium,1,89.0,9895.93,0.33707865168539325,0.29213483146067415,SIDE_CHAIN_LOSS,4,-76.59431466283114,132.71446201311187,pN/nm,0.02443581426792063,0.1937653301762906,273.26933806682933,3.1988204584781794,QC_FAILED,negative stiffness -77 pN/nm is unphysical | r2 0.02 below 0.5 | r2 0.19 below 0.5,779b297ee54d560c11b07397c92fa69e593a32de7fc748657547006a26ac50d5,False
1TEN_MILD_862_seed5,1TEN,1TEN,A,P24821,GCR_DEEP_SPACE_REFERENCE,MILD,A:862,A:862,1,0,ASN,0.6704545454545454,1.0,6.0,medium,1,89.0,9895.93,0.33707865168539325,0.29213483146067415,SIDE_CHAIN_LOSS,5,248.17373987336168,141.33479191119167,pN/nm,0.35132929885987374,0.12469702454893794,43.05006162887656,3.175374934182454,QC_FAILED,r2 0.35 below 0.5 | r2 0.12 below 0.5,779b297ee54d560c11b07397c92fa69e593a32de7fc748657547006a26ac50d5,False
1TEN_MILD_886_seed5,1TEN,1TEN,A,P24821,GCR_DEEP_SPACE_REFERENCE,MILD,A:886,A:886,1,0,LYS,0.9431818181818182,0.8750230197844822,8.0,medium,2,89.0,9895.93,0.33707865168539325,0.29213483146067415,SIDE_CHAIN_LOSS,5,248.17373987336168,-92.4410925915181,pN/nm,0.35132929885987374,0.03380752504495621,137.24853912371594,3.175374934182454,QC_FAILED,r2 0.35 below 0.5 | negative stiffness -92 pN/nm is unphysical | r2 0.03 below 0.5,779b297ee54d560c11b07397c92fa69e593a32de7fc748657547006a26ac50d5,False
1TEN_MILD_827_seed5,1TEN,1TEN,A,P24821,GCR_DEEP_SPACE_REFERENCE,MILD,A:827,A:827,1,0,LEU,0.2727272727272727,0.8834707366195955,5.0,low,3,89.0,9895.93,0.33707865168539325,0.29213483146067415,SIDE_CHAIN_LOSS,5,248.17373987336168,132.43115434232507,pN/nm,0.35132929885987374,0.06053612991248858,46.637724680337996,3.175374934182454,QC_FAILED,r2 0.35 below 0.5 | r2 0.06 below 0.5,779b297ee54d560c11b07397c92fa69e593a32de7fc748657547006a26ac50d5,False
1TEN_MILD_879_seed5,1TEN,1TEN,A,P24821,GCR_DEEP_SPACE_REFERENCE,MILD,A:879,A:879,1,0,ASP,0.8636363636363636,0.8816614228335549,5.0,low,4,89.0,9895.93,0.33707865168539325,0.29213483146067415,SIDE_CHAIN_LOSS,5,248.17373987336168,90.60181632592123,pN/nm,0.35132929885987374,0.0246416457246732,63.49258532665317,3.175374934182454,QC_FAILED,r2 0.35 below 0.5 | r2 0.02 below 0.5,779b297ee54d560c11b07397c92fa69e593a32de7fc748657547006a26ac50d5,False
1TEN_MILD_864_seed5,1TEN,1TEN,A,P24821,GCR_DEEP_SPACE_REFERENCE,MILD,A:864,A:864,1,0,LYS,0.6931818181818182,0.8047375204251339,8.0,medium,5,89.0,9895.93,0.33707865168539325,0.29213483146067415,SIDE_CHAIN_LOSS,5,248.17373987336168,156.34638897938441,pN/nm,0.35132929885987374,0.0555381709121725,37.00123588451986,3.175374934182454,QC_FAILED,r2 0.35 below 0.5 | r2 0.06 below 0.5,779b297ee54d560c11b07397c92fa69e593a32de7fc748657547006a26ac50d5,False
1TEN_MODERATE_862_seed5,1TEN,1TEN,A,P24821,GCR_DEEP_SPACE_REFERENCE,MODERATE,A:862,A:827 A:862 A:886,3,0,ASN,0.6704545454545454,1.0,6.0,medium,1,89.0,9895.93,0.33707865168539325,0.29213483146067415,SIDE_CHAIN_LOSS,5,248.17373987336168,46.06140773282683,pN/nm,0.35132929885987374,0.006687786220593073,81.43985429065496,3.175374934182454,QC_FAILED,r2 0.35 below 0.5 | r2 0.01 below 0.5,779b297ee54d560c11b07397c92fa69e593a32de7fc748657547006a26ac50d5,False
1TEN_SEVERE_862_seed5,1TEN,1TEN,A,P24821,GCR_DEEP_SPACE_REFERENCE,SEVERE,A:862,A:827 A:862 A:864 A:879 A:880 A:886,6,0,ASN,0.6704545454545454,1.0,6.0,medium,1,89.0,9895.93,0.33707865168539325,0.29213483146067415,SIDE_CHAIN_LOSS,5,248.17373987336168,-48.92236929453738,pN/nm,0.35132929885987374,0.006821786316196343,119.71295162796092,3.175374934182454,QC_FAILED,r2 0.35 below 0.5 | negative stiffness -49 pN/nm is unphysical | r2 0.01 below 0.5,779b297ee54d560c11b07397c92fa69e593a32de7fc748657547006a26ac50d5,False
1TEN_EXTREME_862_seed5,1TEN,1TEN,A,P24821,GCR_DEEP_SPACE_REFERENCE,EXTREME,A:862,A:808 A:812 A:824 A:825 A:827 A:829 A:841 A:854 A:857 A:858 A:859 A:862 A:864 A:866 A:879 A:880 A:883 A:886,18,0,ASN,0.6704545454545454,1.0,6.0,medium,1,89.0,9895.93,0.33707865168539325,0.29213483146067415,SIDE_CHAIN_LOSS,5,248.17373987336168,111.79612438668626,pN/nm,0.35132929885987374,0.09256326542879068,54.952476259682555,3.175374934182454,QC_FAILED,r2 0.35 below 0.5 | r2 0.09 below 0.5,779b297ee54d560c11b07397c92fa69e593a32de7fc748657547006a26ac50d5,False
2SPC_MILD_74_seed1,2SPC,2SPC,A,P13395,GCR_DEEP_SPACE_REFERENCE,MILD,A:74,A:74,1,12,TYR,0.6981132075471698,0.7790190768342719,8.0,high,3,107.0,12273.75,0.40186915887850466,0.32710280373831774,SIDE_CHAIN_LOSS,1,-22.360649996530086,-40.43320063984941,pN/nm,0.013038135068890844,0.03632679047369436,-80.82301116525599,5.296040783501716,QC_FAILED,negative stiffness -22 pN/nm is unphysical | r2 0.01 below 0.5 | negative stiffness -40 pN/nm is unphysical | r2 0.04 below 0.5,779b297ee54d560c11b07397c92fa69e593a32de7fc748657547006a26ac50d5,False
2SPC_MILD_92_seed1,2SPC,2SPC,A,P13395,GCR_DEEP_SPACE_REFERENCE,MILD,A:92,A:92,1,19,HIS,0.8679245283018868,0.7145315006216041,8.0,high,4,107.0,12273.75,0.40186915887850466,0.32710280373831774,SIDE_CHAIN_LOSS,1,-22.360649996530086,26.59532793851019,pN/nm,0.013038135068890844,0.015494905052987118,218.9380807026506,5.296040783501716,QC_FAILED,negative stiffness -22 pN/nm is unphysical | r2 0.01 below 0.5 | r2 0.02 below 0.5,779b297ee54d560c11b07397c92fa69e593a32de7fc748657547006a26ac50d5,False
2SPC_MILD_17_seed1,2SPC,2SPC,A,P13395,GCR_DEEP_SPACE_REFERENCE,MILD,A:17,A:17,1,6,TRP,0.16037735849056603,0.6952039048483541,8.0,high,5,107.0,12273.75,0.40186915887850466,0.32710280373831774,SIDE_CHAIN_LOSS,1,-22.360649996530086,-61.26723487613418,pN/nm,0.013038135068890844,0.09941970212455753,-173.99576884232616,5.296040783501716,QC_FAILED,negative stiffness -22 pN/nm is unphysical | r2 0.01 below 0.5 | negative stiffness -61 pN/nm is unphysical | r2 0.10 below 0.5,779b297ee54d560c11b07397c92fa69e593a32de7fc748657547006a26ac50d5,False
2SPC_MILD_101_seed1,2SPC,2SPC,A,P13395,GCR_DEEP_SPACE_REFERENCE,MILD,A:101,A:101,1,17,ARG,0.9528301886792453,0.7978700348366911,7.0,medium,6,107.0,12273.75,0.40186915887850466,0.32710280373831774,SIDE_CHAIN_LOSS,1,-22.360649996530086,-31.775360712700028,pN/nm,0.013038135068890844,0.01241546729193077,-42.10392237091011,5.296040783501716,QC_FAILED,negative stiffness -22 pN/nm is unphysical | r2 0.01 below 0.5 | negative stiffness -32 pN/nm is unphysical | r2 0.01 below 0.5,779b297ee54d560c11b07397c92fa69e593a32de7fc748657547006a26ac50d5,False
2SPC_MILD_90_seed1,2SPC,2SPC,A,P13395,GCR_DEEP_SPACE_REFERENCE,MILD,A:90,A:90,1,19,TRP,0.8490566037735849,0.6151020966005193,8.0,high,7,107.0,12273.75,0.40186915887850466,0.32710280373831774,SIDE_CHAIN_LOSS,1,-22.360649996530086,18.117542068923047,pN/nm,0.013038135068890844,0.008202265953891508,181.02421920532058,5.296040783501716,QC_FAILED,negative stiffness -22 pN/nm is unphysical | r2 0.01 below 0.5 | r2 0.01 below 0.5,779b297ee54d560c11b07397c92fa69e593a32de7fc748657547006a26ac50d5,False
2SPC_MODERATE_74_seed1,2SPC,2SPC,A,P13395,GCR_DEEP_SPACE_REFERENCE,MODERATE,A:74,A:17 A:74 A:92,3,37,TYR,0.6981132075471698,0.7790190768342719,8.0,high,3,107.0,12273.75,0.40186915887850466,0.32710280373831774,SIDE_CHAIN_LOSS,1,-22.360649996530086,-11.97395052076857,pN/nm,0.013038135068890844,0.0036924119840042735,46.450794039409935,5.296040783501716,QC_FAILED,negative stiffness -22 pN/nm is unphysical | r2 0.01 below 0.5 | negative stiffness -12 pN/nm is unphysical | r2 0.00 below 0.5,779b297ee54d560c11b07397c92fa69e593a32de7fc748657547006a26ac50d5,False
2SPC_SEVERE_74_seed1,2SPC,2SPC,A,P13395,GCR_DEEP_SPACE_REFERENCE,SEVERE,A:74,A:17 A:74 A:90 A:92 A:101 A:103,6,79,TYR,0.6981132075471698,0.7790190768342719,8.0,high,3,107.0,12273.75,0.40186915887850466,0.32710280373831774,SIDE_CHAIN_LOSS,1,-22.360649996530086,6.462046335636139,pN/nm,0.013038135068890844,0.0009567408367217034,128.89918824649067,5.296040783501716,QC_FAILED,negative stiffness -22 pN/nm is unphysical | r2 0.01 below 0.5 | r2 0.00 below 0.5,779b297ee54d560c11b07397c92fa69e593a32de7fc748657547006a26ac50d5,False
2SPC_EXTREME_74_seed1,2SPC,2SPC,A,P13395,GCR_DEEP_SPACE_REFERENCE,EXTREME,A:74,A:1 A:2 A:8 A:9 A:17 A:24 A:38 A:42 A:44 A:49 A:56 A:62 A:73 A:74 A:82 A:89 A:90 A:91 A:92 A:101 A:103 A:104,22,275,TYR,0.6981132075471698,0.7790190768342719,8.0,high,3,107.0,12273.75,0.40186915887850466,0.32710280373831774,SIDE_CHAIN_LOSS,1,-22.360649996530086,23.797590465994173,pN/nm,0.013038135068890844,0.018247066768923847,206.42620169667282,5.296040783501716,QC_FAILED,negative stiffness -22 pN/nm is unphysical | r2 0.01 below 0.5 | r2 0.02 below 0.5,779b297ee54d560c11b07397c92fa69e593a32de7fc748657547006a26ac50d5,False
2SPC_MILD_74_seed2,2SPC,2SPC,A,P13395,GCR_DEEP_SPACE_REFERENCE,MILD,A:74,A:74,1,12,TYR,0.6981132075471698,0.7790190768342719,8.0,high,3,107.0,12273.75,0.40186915887850466,0.32710280373831774,SIDE_CHAIN_LOSS,2,57.15253801564485,38.93883881030269,pN/nm,0.10032534911310298,0.041628619707949066,31.86857458606015,5.206238569474681,QC_FAILED,r2 0.10 below 0.5 | r2 0.04 below 0.5,779b297ee54d560c11b07397c92fa69e593a32de7fc748657547006a26ac50d5,False
2SPC_MILD_92_seed2,2SPC,2SPC,A,P13395,GCR_DEEP_SPACE_REFERENCE,MILD,A:92,A:92,1,19,HIS,0.8679245283018868,0.7145315006216041,8.0,high,4,107.0,12273.75,0.40186915887850466,0.32710280373831774,SIDE_CHAIN_LOSS,2,57.15253801564485,-35.105427427864505,pN/nm,0.10032534911310298,0.034831020113274214,161.42409181943032,5.206238569474681,QC_FAILED,r2 0.10 below 0.5 | negative stiffness -35 pN/nm is unphysical | r2 0.03 below 0.5,779b297ee54d560c11b07397c92fa69e593a32de7fc748657547006a26ac50d5,False
2SPC_MILD_17_seed2,2SPC,2SPC,A,P13395,GCR_DEEP_SPACE_REFERENCE,MILD,A:17,A:17,1,6,TRP,0.16037735849056603,0.6952039048483541,8.0,high,5,107.0,12273.75,0.40186915887850466,0.32710280373831774,SIDE_CHAIN_LOSS,2,57.15253801564485,85.97522023583774,pN/nm,0.10032534911310298,0.13346603914305444,-50.43115007823976,5.206238569474681,QC_FAILED,r2 0.10 below 0.5 | r2 0.13 below 0.5,779b297ee54d560c11b07397c92fa69e593a32de7fc748657547006a26ac50d5,False
2SPC_MILD_101_seed2,2SPC,2SPC,A,P13395,GCR_DEEP_SPACE_REFERENCE,MILD,A:101,A:101,1,17,ARG,0.9528301886792453,0.7978700348366911,7.0,medium,6,107.0,12273.75,0.40186915887850466,0.32710280373831774,SIDE_CHAIN_LOSS,2,57.15253801564485,-22.762854317127303,pN/nm,0.10032534911310298,0.017912166468982527,139.8282475415112,5.206238569474681,QC_FAILED,r2 0.10 below 0.5 | negative stiffness -23 pN/nm is unphysical | r2 0.02 below 0.5,779b297ee54d560c11b07397c92fa69e593a32de7fc748657547006a26ac50d5,False
2SPC_MILD_90_seed2,2SPC,2SPC,A,P13395,GCR_DEEP_SPACE_REFERENCE,MILD,A:90,A:90,1,19,TRP,0.8490566037735849,0.6151020966005193,8.0,high,7,107.0,12273.75,0.40186915887850466,0.32710280373831774,SIDE_CHAIN_LOSS,2,57.15253801564485,39.36602367192931,pN/nm,0.10032534911310298,0.03904009602806757,31.121127707131198,5.206238569474681,QC_FAILED,r2 0.10 below 0.5 | r2 0.04 below 0.5,779b297ee54d560c11b07397c92fa69e593a32de7fc748657547006a26ac50d5,False
2SPC_MODERATE_74_seed2,2SPC,2SPC,A,P13395,GCR_DEEP_SPACE_REFERENCE,MODERATE,A:74,A:17 A:74 A:92,3,37,TYR,0.6981132075471698,0.7790190768342719,8.0,high,3,107.0,12273.75,0.40186915887850466,0.32710280373831774,SIDE_CHAIN_LOSS,2,57.15253801564485,31.412640641624424,pN/nm,0.10032534911310298,0.021318555443679332,45.03719041659082,5.206238569474681,QC_FAILED,r2 0.10 below 0.5 | r2 0.02 below 0.5,779b297ee54d560c11b07397c92fa69e593a32de7fc748657547006a26ac50d5,False
2SPC_SEVERE_74_seed2,2SPC,2SPC,A,P13395,GCR_DEEP_SPACE_REFERENCE,SEVERE,A:74,A:17 A:74 A:90 A:92 A:101 A:103,6,79,TYR,0.6981132075471698,0.7790190768342719,8.0,high,3,107.0,12273.75,0.40186915887850466,0.32710280373831774,SIDE_CHAIN_LOSS,2,57.15253801564485,-15.87580471174869,pN/nm,0.10032534911310298,0.008644884607521441,127.77795223617692,5.206238569474681,QC_FAILED,r2 0.10 below 0.5 | negative stiffness -16 pN/nm is unphysical | r2 0.01 below 0.5,779b297ee54d560c11b07397c92fa69e593a32de7fc748657547006a26ac50d5,False
2SPC_EXTREME_74_seed2,2SPC,2SPC,A,P13395,GCR_DEEP_SPACE_REFERENCE,EXTREME,A:74,A:1 A:2 A:8 A:9 A:17 A:24 A:38 A:42 A:44 A:49 A:56 A:62 A:73 A:74 A:82 A:89 A:90 A:91 A:92 A:101 A:103 A:104,22,275,TYR,0.6981132075471698,0.7790190768342719,8.0,high,3,107.0,12273.75,0.40186915887850466,0.32710280373831774,SIDE_CHAIN_LOSS,2,57.15253801564485,10.888680410710238,pN/nm,0.10032534911310298,0.004494451919503595,80.94803697478913,5.206238569474681,QC_FAILED,r2 0.10 below 0.5 | r2 0.00 below 0.5,779b297ee54d560c11b07397c92fa69e593a32de7fc748657547006a26ac50d5,False
2SPC_MILD_74_seed3,2SPC,2SPC,A,P13395,GCR_DEEP_SPACE_REFERENCE,MILD,A:74,A:74,1,12,TYR,0.6981132075471698,0.7790190768342719,8.0,high,3,107.0,12273.75,0.40186915887850466,0.32710280373831774,SIDE_CHAIN_LOSS,3,36.621211955524025,9.16925554839033,pN/nm,0.031397462156196765,0.0025796788661724968,74.96190033381126,5.698617319592207,QC_FAILED,r2 0.03 below 0.5 | r2 0.00 below 0.5,779b297ee54d560c11b07397c92fa69e593a32de7fc748657547006a26ac50d5,False
2SPC_MILD_92_seed3,2SPC,2SPC,A,P13395,GCR_DEEP_SPACE_REFERENCE,MILD,A:92,A:92,1,19,HIS,0.8679245283018868,0.7145315006216041,8.0,high,4,107.0,12273.75,0.40186915887850466,0.32710280373831774,SIDE_CHAIN_LOSS,3,36.621211955524025,61.472237196583386,pN/nm,0.031397462156196765,0.06654332456795442,-67.85964722096199,5.698617319592207,QC_FAILED,r2 0.03 below 0.5 | r2 0.07 below 0.5,779b297ee54d560c11b07397c92fa69e593a32de7fc748657547006a26ac50d5,False
2SPC_MILD_17_seed3,2SPC,2SPC,A,P13395,GCR_DEEP_SPACE_REFERENCE,MILD,A:17,A:17,1,6,TRP,0.16037735849056603,0.6952039048483541,8.0,high,5,107.0,12273.75,0.40186915887850466,0.32710280373831774,SIDE_CHAIN_LOSS,3,36.621211955524025,-5.538181371768261,pN/nm,0.031397462156196765,0.0012013584482509776,115.1228784522323,5.698617319592207,QC_FAILED,r2 0.03 below 0.5 | negative stiffness -6 pN/nm is unphysical | r2 0.00 below 0.5,779b297ee54d560c11b07397c92fa69e593a32de7fc748657547006a26ac50d5,False
2SPC_MILD_101_seed3,2SPC,2SPC,A,P13395,GCR_DEEP_SPACE_REFERENCE,MILD,A:101,A:101,1,17,ARG,0.9528301886792453,0.7978700348366911,7.0,medium,6,107.0,12273.75,0.40186915887850466,0.32710280373831774,SIDE_CHAIN_LOSS,3,36.621211955524025,42.01244588746337,pN/nm,0.031397462156196765,0.031430923094357355,-14.721615271736304,5.698617319592207,QC_FAILED,r2 0.03 below 0.5 | r2 0.03 below 0.5,779b297ee54d560c11b07397c92fa69e593a32de7fc748657547006a26ac50d5,False
2SPC_MILD_90_seed3,2SPC,2SPC,A,P13395,GCR_DEEP_SPACE_REFERENCE,MILD,A:90,A:90,1,19,TRP,0.8490566037735849,0.6151020966005193,8.0,high,7,107.0,12273.75,0.40186915887850466,0.32710280373831774,SIDE_CHAIN_LOSS,3,36.621211955524025,62.124620402078186,pN/nm,0.031397462156196765,0.06933629795109264,-69.64108254398492,5.698617319592207,QC_FAILED,r2 0.03 below 0.5 | r2 0.07 below 0.5,779b297ee54d560c11b07397c92fa69e593a32de7fc748657547006a26ac50d5,False
2SPC_MODERATE_74_seed3,2SPC,2SPC,A,P13395,GCR_DEEP_SPACE_REFERENCE,MODERATE,A:74,A:17 A:74 A:92,3,37,TYR,0.6981132075471698,0.7790190768342719,8.0,high,3,107.0,12273.75,0.40186915887850466,0.32710280373831774,SIDE_CHAIN_LOSS,3,36.621211955524025,46.79248163782957,pN/nm,0.031397462156196765,0.044114895622329064,-27.774257429433014,5.698617319592207,QC_FAILED,r2 0.03 below 0.5 | r2 0.04 below 0.5,779b297ee54d560c11b07397c92fa69e593a32de7fc748657547006a26ac50d5,False
2SPC_SEVERE_74_seed3,2SPC,2SPC,A,P13395,GCR_DEEP_SPACE_REFERENCE,SEVERE,A:74,A:17 A:74 A:90 A:92 A:101 A:103,6,79,TYR,0.6981132075471698,0.7790190768342719,8.0,high,3,107.0,12273.75,0.40186915887850466,0.32710280373831774,SIDE_CHAIN_LOSS,3,36.621211955524025,-40.04911452646144,pN/nm,0.031397462156196765,0.051805747938969526,209.3604290734576,5.698617319592207,QC_FAILED,r2 0.03 below 0.5 | negative stiffness -40 pN/nm is unphysical | r2 0.05 below 0.5,779b297ee54d560c11b07397c92fa69e593a32de7fc748657547006a26ac50d5,False
2SPC_EXTREME_74_seed3,2SPC,2SPC,A,P13395,GCR_DEEP_SPACE_REFERENCE,EXTREME,A:74,A:1 A:2 A:8 A:9 A:17 A:24 A:38 A:42 A:44 A:49 A:56 A:62 A:73 A:74 A:82 A:89 A:90 A:91 A:92 A:101 A:103 A:104,22,275,TYR,0.6981132075471698,0.7790190768342719,8.0,high,3,107.0,12273.75,0.40186915887850466,0.32710280373831774,SIDE_CHAIN_LOSS,3,36.621211955524025,61.59303568375341,pN/nm,0.031397462156196765,0.09964692283519239,-68.18950655854135,5.698617319592207,QC_FAILED,r2 0.03 below 0.5 | r2 0.10 below 0.5,779b297ee54d560c11b07397c92fa69e593a32de7fc748657547006a26ac50d5,False
2SPC_MILD_74_seed4,2SPC,2SPC,A,P13395,GCR_DEEP_SPACE_REFERENCE,MILD,A:74,A:74,1,12,TYR,0.6981132075471698,0.7790190768342719,8.0,high,3,107.0,12273.75,0.40186915887850466,0.32710280373831774,SIDE_CHAIN_LOSS,4,-60.70260767546436,-93.17148011791092,pN/nm,0.13833923705701634,0.19290611936617552,-53.48843103419145,5.512460008436006,QC_FAILED,negative stiffness -61 pN/nm is unphysical | r2 0.14 below 0.5 | negative stiffness -93 pN/nm is unphysical | r2 0.19 below 0.5,779b297ee54d560c11b07397c92fa69e593a32de7fc748657547006a26ac50d5,False
2SPC_MILD_92_seed4,2SPC,2SPC,A,P13395,GCR_DEEP_SPACE_REFERENCE,MILD,A:92,A:92,1,19,HIS,0.8679245283018868,0.7145315006216041,8.0,high,4,107.0,12273.75,0.40186915887850466,0.32710280373831774,SIDE_CHAIN_LOSS,4,-60.70260767546436,-2.827459512021941,pN/nm,0.13833923705701634,0.0002810637535919369,95.34211194494569,5.512460008436006,QC_FAILED,negative stiffness -61 pN/nm is unphysical | r2 0.14 below 0.5 | negative stiffness -3 pN/nm is unphysical | r2 0.00 below 0.5,779b297ee54d560c11b07397c92fa69e593a32de7fc748657547006a26ac50d5,False
2SPC_MILD_17_seed4,2SPC,2SPC,A,P13395,GCR_DEEP_SPACE_REFERENCE,MILD,A:17,A:17,1,6,TRP,0.16037735849056603,0.6952039048483541,8.0,high,5,107.0,12273.75,0.40186915887850466,0.32710280373831774,SIDE_CHAIN_LOSS,4,-60.70260767546436,-85.88281741508023,pN/nm,0.13833923705701634,0.15780897299699048,-41.4812653094532,5.512460008436006,QC_FAILED,negative stiffness -61 pN/nm is unphysical | r2 0.14 below 0.5 | negative stiffness -86 pN/nm is unphysical | r2 0.16 below 0.5,779b297ee54d560c11b07397c92fa69e593a32de7fc748657547006a26ac50d5,False
2SPC_MILD_101_seed4,2SPC,2SPC,A,P13395,GCR_DEEP_SPACE_REFERENCE,MILD,A:101,A:101,1,17,ARG,0.9528301886792453,0.7978700348366911,7.0,medium,6,107.0,12273.75,0.40186915887850466,0.32710280373831774,SIDE_CHAIN_LOSS,4,-60.70260767546436,-18.463885149014217,pN/nm,0.13833923705701634,0.014949710021670337,69.58304452466345,5.512460008436006,QC_FAILED,negative stiffness -61 pN/nm is unphysical | r2 0.14 below 0.5 | negative stiffness -18 pN/nm is unphysical | r2 0.01 below 0.5,779b297ee54d560c11b07397c92fa69e593a32de7fc748657547006a26ac50d5,False
2SPC_MILD_90_seed4,2SPC,2SPC,A,P13395,GCR_DEEP_SPACE_REFERENCE,MILD,A:90,A:90,1,19,TRP,0.8490566037735849,0.6151020966005193,8.0,high,7,107.0,12273.75,0.40186915887850466,0.32710280373831774,SIDE_CHAIN_LOSS,4,-60.70260767546436,12.57119238119893,pN/nm,0.13833923705701634,0.00430095840664535,120.70947668081833,5.512460008436006,QC_FAILED,negative stiffness -61 pN/nm is unphysical | r2 0.14 below 0.5 | r2 0.00 below 0.5,779b297ee54d560c11b07397c92fa69e593a32de7fc748657547006a26ac50d5,False
2SPC_MODERATE_74_seed4,2SPC,2SPC,A,P13395,GCR_DEEP_SPACE_REFERENCE,MODERATE,A:74,A:17 A:74 A:92,3,37,TYR,0.6981132075471698,0.7790190768342719,8.0,high,3,107.0,12273.75,0.40186915887850466,0.32710280373831774,SIDE_CHAIN_LOSS,4,-60.70260767546436,18.59415142627478,pN/nm,0.13833923705701634,0.010521028511026098,130.63155297328427,5.512460008436006,QC_FAILED,negative stiffness -61 pN/nm is unphysical | r2 0.14 below 0.5 | r2 0.01 below 0.5,779b297ee54d560c11b07397c92fa69e593a32de7fc748657547006a26ac50d5,False
2SPC_SEVERE_74_seed4,2SPC,2SPC,A,P13395,GCR_DEEP_SPACE_REFERENCE,SEVERE,A:74,A:17 A:74 A:90 A:92 A:101 A:103,6,79,TYR,0.6981132075471698,0.7790190768342719,8.0,high,3,107.0,12273.75,0.40186915887850466,0.32710280373831774,SIDE_CHAIN_LOSS,4,-60.70260767546436,33.34321483552495,pN/nm,0.13833923705701634,0.03283963994445227,154.92880143434445,5.512460008436006,QC_FAILED,negative stiffness -61 pN/nm is unphysical | r2 0.14 below 0.5 | r2 0.03 below 0.5,779b297ee54d560c11b07397c92fa69e593a32de7fc748657547006a26ac50d5,False
2SPC_EXTREME_74_seed4,2SPC,2SPC,A,P13395,GCR_DEEP_SPACE_REFERENCE,EXTREME,A:74,A:1 A:2 A:8 A:9 A:17 A:24 A:38 A:42 A:44 A:49 A:56 A:62 A:73 A:74 A:82 A:89 A:90 A:91 A:92 A:101 A:103 A:104,22,275,TYR,0.6981132075471698,0.7790190768342719,8.0,high,3,107.0,12273.75,0.40186915887850466,0.32710280373831774,SIDE_CHAIN_LOSS,4,-60.70260767546436,7.326914493936217,pN/nm,0.13833923705701634,0.001486777460081412,112.0701807953758,5.512460008436006,QC_FAILED,negative stiffness -61 pN/nm is unphysical | r2 0.14 below 0.5 | r2 0.00 below 0.5,779b297ee54d560c11b07397c92fa69e593a32de7fc748657547006a26ac50d5,False
2SPC_MILD_74_seed5,2SPC,2SPC,A,P13395,GCR_DEEP_SPACE_REFERENCE,MILD,A:74,A:74,1,12,TYR,0.6981132075471698,0.7790190768342719,8.0,high,3,107.0,12273.75,0.40186915887850466,0.32710280373831774,SIDE_CHAIN_LOSS,5,-18.794442809066226,17.21105880253429,pN/nm,0.008316929993623878,0.00908095623441274,191.5752543311998,5.487766280405087,QC_FAILED,negative stiffness -19 pN/nm is unphysical | r2 0.01 below 0.5 | r2 0.01 below 0.5,779b297ee54d560c11b07397c92fa69e593a32de7fc748657547006a26ac50d5,False
2SPC_MILD_92_seed5,2SPC,2SPC,A,P13395,GCR_DEEP_SPACE_REFERENCE,MILD,A:92,A:92,1,19,HIS,0.8679245283018868,0.7145315006216041,8.0,high,4,107.0,12273.75,0.40186915887850466,0.32710280373831774,SIDE_CHAIN_LOSS,5,-18.794442809066226,-30.654911788496808,pN/nm,0.008316929993623878,0.028972388476365518,-63.1062548643859,5.487766280405087,QC_FAILED,negative stiffness -19 pN/nm is unphysical | r2 0.01 below 0.5 | negative stiffness -31 pN/nm is unphysical | r2 0.03 below 0.5,779b297ee54d560c11b07397c92fa69e593a32de7fc748657547006a26ac50d5,False
2SPC_MILD_17_seed5,2SPC,2SPC,A,P13395,GCR_DEEP_SPACE_REFERENCE,MILD,A:17,A:17,1,6,TRP,0.16037735849056603,0.6952039048483541,8.0,high,5,107.0,12273.75,0.40186915887850466,0.32710280373831774,SIDE_CHAIN_LOSS,5,-18.794442809066226,-42.914766629993686,pN/nm,0.008316929993623878,0.04287238441426744,-128.33753075825206,5.487766280405087,QC_FAILED,negative stiffness -19 pN/nm is unphysical | r2 0.01 below 0.5 | negative stiffness -43 pN/nm is unphysical | r2 0.04 below 0.5,779b297ee54d560c11b07397c92fa69e593a32de7fc748657547006a26ac50d5,False
2SPC_MILD_101_seed5,2SPC,2SPC,A,P13395,GCR_DEEP_SPACE_REFERENCE,MILD,A:101,A:101,1,17,ARG,0.9528301886792453,0.7978700348366911,7.0,medium,6,107.0,12273.75,0.40186915887850466,0.32710280373831774,SIDE_CHAIN_LOSS,5,-18.794442809066226,23.888985111944496,pN/nm,0.008316929993623878,0.017906630300396298,227.10664186554504,5.487766280405087,QC_FAILED,negative stiffness -19 pN/nm is unphysical | r2 0.01 below 0.5 | r2 0.02 below 0.5,779b297ee54d560c11b07397c92fa69e593a32de7fc748657547006a26ac50d5,False
2SPC_MILD_90_seed5,2SPC,2SPC,A,P13395,GCR_DEEP_SPACE_REFERENCE,MILD,A:90,A:90,1,19,TRP,0.8490566037735849,0.6151020966005193,8.0,high,7,107.0,12273.75,0.40186915887850466,0.32710280373831774,SIDE_CHAIN_LOSS,5,-18.794442809066226,0.19635561975880886,pN/nm,0.008316929993623878,1.3621064204327737e-06,101.0447536101687,5.487766280405087,QC_FAILED,negative stiffness -19 pN/nm is unphysical | r2 0.01 below 0.5 | r2 0.00 below 0.5,779b297ee54d560c11b07397c92fa69e593a32de7fc748657547006a26ac50d5,False
2SPC_MODERATE_74_seed5,2SPC,2SPC,A,P13395,GCR_DEEP_SPACE_REFERENCE,MODERATE,A:74,A:17 A:74 A:92,3,37,TYR,0.6981132075471698,0.7790190768342719,8.0,high,3,107.0,12273.75,0.40186915887850466,0.32710280373831774,SIDE_CHAIN_LOSS,5,-18.794442809066226,-54.590671397134656,pN/nm,0.008316929993623878,0.07589395067828075,-190.4617708102564,5.487766280405087,QC_FAILED,negative stiffness -19 pN/nm is unphysical | r2 0.01 below 0.5 | negative stiffness -55 pN/nm is unphysical | r2 0.08 below 0.5,779b297ee54d560c11b07397c92fa69e593a32de7fc748657547006a26ac50d5,False
2SPC_SEVERE_74_seed5,2SPC,2SPC,A,P13395,GCR_DEEP_SPACE_REFERENCE,SEVERE,A:74,A:17 A:74 A:90 A:92 A:101 A:103,6,79,TYR,0.6981132075471698,0.7790190768342719,8.0,high,3,107.0,12273.75,0.40186915887850466,0.32710280373831774,SIDE_CHAIN_LOSS,5,-18.794442809066226,58.47418312478199,pN/nm,0.008316929993623878,0.09830853560491037,411.1248559950642,5.487766280405087,QC_FAILED,negative stiffness -19 pN/nm is unphysical | r2 0.01 below 0.5 | r2 0.10 below 0.5,779b297ee54d560c11b07397c92fa69e593a32de7fc748657547006a26ac50d5,False
2SPC_EXTREME_74_seed5,2SPC,2SPC,A,P13395,GCR_DEEP_SPACE_REFERENCE,EXTREME,A:74,A:1 A:2 A:8 A:9 A:17 A:24 A:38 A:42 A:44 A:49 A:56 A:62 A:73 A:74 A:82 A:89 A:90 A:91 A:92 A:101 A:103 A:104,22,275,TYR,0.6981132075471698,0.7790190768342719,8.0,high,3,107.0,12273.75,0.40186915887850466,0.32710280373831774,SIDE_CHAIN_LOSS,5,-18.794442809066226,8.220230798238658,pN/nm,0.008316929993623878,0.0020171820457632883,143.73756052120532,5.487766280405087,QC_FAILED,negative stiffness -19 pN/nm is unphysical | r2 0.01 below 0.5 | r2 0.00 below 0.5,779b297ee54d560c11b07397c92fa69e593a32de7fc748657547006a26ac50d5,False
1UBQ_MILD_74_seed1,1UBQ,1UBQ,A,P0CG48,GCR_DEEP_SPACE_REFERENCE,MILD,A:74,A:74,1,19,ARG,0.9733333333333334,1.0,5.0,medium,1,76.0,8564.83,0.34210526315789475,0.2894736842105263,SIDE_CHAIN_LOSS,1,603.3027649021443,504.3956351142651,pN/nm,0.7836394638448325,0.5945453113620113,16.39427755712705,3.6017137561862866,COMPLETED,,779b297ee54d560c11b07397c92fa69e593a32de7fc748657547006a26ac50d5,False
1UBQ_MILD_9_seed1,1UBQ,1UBQ,A,P0CG48,GCR_DEEP_SPACE_REFERENCE,MILD,A:9,A:9,1,9,THR,0.10666666666666667,0.5843934376263156,4.0,medium,2,76.0,8564.83,0.34210526315789475,0.2894736842105263,SIDE_CHAIN_LOSS,1,603.3027649021443,560.7228443735289,pN/nm,0.7836394638448325,0.654806673871684,7.057802981480095,3.6017137561862866,COMPLETED,,779b297ee54d560c11b07397c92fa69e593a32de7fc748657547006a26ac50d5,False
1UBQ_MILD_63_seed1,1UBQ,1UBQ,A,P0CG48,GCR_DEEP_SPACE_REFERENCE,MILD,A:63,A:63,1,17,LYS,0.8266666666666667,0.639348584579648,7.0,medium,4,76.0,8564.83,0.34210526315789475,0.2894736842105263,SIDE_CHAIN_LOSS,1,603.3027649021443,408.070272999982,pN/nm,0.7836394638448325,0.553385192021836,32.360616138371086,3.6017137561862866,COMPLETED,,779b297ee54d560c11b07397c92fa69e593a32de7fc748657547006a26ac50d5,False
1UBQ_MILD_60_seed1,1UBQ,1UBQ,A,P0CG48,GCR_DEEP_SPACE_REFERENCE,MILD,A:60,A:60,1,9,ASN,0.7866666666666666,0.5566598544247922,6.0,medium,5,76.0,8564.83,0.34210526315789475,0.2894736842105263,SIDE_CHAIN_LOSS,1,603.3027649021443,846.3679284243799,pN/nm,0.7836394638448325,0.7006174691206172,-40.28908496079257,3.6017137561862866,COMPLETED,,779b297ee54d560c11b07397c92fa69e593a32de7fc748657547006a26ac50d5,False
1UBQ_MILD_33_seed1,1UBQ,1UBQ,A,P0CG48,GCR_DEEP_SPACE_REFERENCE,MILD,A:33,A:33,1,17,LYS,0.4266666666666667,0.528749287869705,6.0,medium,6,76.0,8564.83,0.34210526315789475,0.2894736842105263,SIDE_CHAIN_LOSS,1,603.3027649021443,650.1648928355607,pN/nm,0.7836394638448325,0.7923763335233251,-7.767597077234924,3.6017137561862866,COMPLETED,,779b297ee54d560c11b07397c92fa69e593a32de7fc748657547006a26ac50d5,False
1UBQ_MODERATE_74_seed1,1UBQ,1UBQ,A,P0CG48,GCR_DEEP_SPACE_REFERENCE,MODERATE,A:74,A:9 A:63 A:74,3,45,ARG,0.9733333333333334,1.0,5.0,medium,1,76.0,8564.83,0.34210526315789475,0.2894736842105263,SIDE_CHAIN_LOSS,1,603.3027649021443,518.7582072963766,pN/nm,0.7836394638448325,0.722387560256323,14.013620113191571,3.6017137561862866,COMPLETED,,779b297ee54d560c11b07397c92fa69e593a32de7fc748657547006a26ac50d5,False
1UBQ_SEVERE_74_seed1,1UBQ,1UBQ,A,P0CG48,GCR_DEEP_SPACE_REFERENCE,SEVERE,A:74,A:9 A:33 A:60 A:62 A:63 A:74,6,83,ARG,0.9733333333333334,1.0,5.0,medium,1,76.0,8564.83,0.34210526315789475,0.2894736842105263,SIDE_CHAIN_LOSS,1,603.3027649021443,604.2437387341217,pN/nm,0.7836394638448325,0.7299526384096349,-0.1559704159701732,3.6017137561862866,COMPLETED,,779b297ee54d560c11b07397c92fa69e593a32de7fc748657547006a26ac50d5,False
1UBQ_EXTREME_74_seed1,1UBQ,1UBQ,A,P0CG48,GCR_DEEP_SPACE_REFERENCE,EXTREME,A:74,A:8 A:9 A:11 A:16 A:20 A:33 A:48 A:49 A:54 A:59 A:60 A:62 A:63 A:68 A:72 A:74,16,225,ARG,0.9733333333333334,1.0,5.0,medium,1,76.0,8564.83,0.34210526315789475,0.2894736842105263,SIDE_CHAIN_LOSS,1,603.3027649021443,270.7706306497663,pN/nm,0.7836394638448325,0.3654375399366824,55.11861599147729,3.6017137561862866,QC_FAILED,r2 0.37 below 0.5,779b297ee54d560c11b07397c92fa69e593a32de7fc748657547006a26ac50d5,False
1UBQ_MILD_74_seed2,1UBQ,1UBQ,A,P0CG48,GCR_DEEP_SPACE_REFERENCE,MILD,A:74,A:74,1,19,ARG,0.9733333333333334,1.0,5.0,medium,1,76.0,8564.83,0.34210526315789475,0.2894736842105263,SIDE_CHAIN_LOSS,2,730.9973461617869,738.1079958352904,pN/nm,0.8291511929160645,0.7770328782422637,-0.9727326249320832,3.9440863733511677,COMPLETED,,779b297ee54d560c11b07397c92fa69e593a32de7fc748657547006a26ac50d5,False
1UBQ_MILD_9_seed2,1UBQ,1UBQ,A,P0CG48,GCR_DEEP_SPACE_REFERENCE,MILD,A:9,A:9,1,9,THR,0.10666666666666667,0.5843934376263156,4.0,medium,2,76.0,8564.83,0.34210526315789475,0.2894736842105263,SIDE_CHAIN_LOSS,2,730.9973461617869,648.917210238482,pN/nm,0.8291511929160645,0.7604637525482711,11.228513530764406,3.9440863733511677,COMPLETED,,779b297ee54d560c11b07397c92fa69e593a32de7fc748657547006a26ac50d5,False
1UBQ_MILD_63_seed2,1UBQ,1UBQ,A,P0CG48,GCR_DEEP_SPACE_REFERENCE,MILD,A:63,A:63,1,17,LYS,0.8266666666666667,0.639348584579648,7.0,medium,4,76.0,8564.83,0.34210526315789475,0.2894736842105263,SIDE_CHAIN_LOSS,2,730.9973461617869,853.5925935243001,pN/nm,0.8291511929160645,0.8728067175182737,-16.770956557669905,3.9440863733511677,COMPLETED,,779b297ee54d560c11b07397c92fa69e593a32de7fc748657547006a26ac50d5,False
1UBQ_MILD_60_seed2,1UBQ,1UBQ,A,P0CG48,GCR_DEEP_SPACE_REFERENCE,MILD,A:60,A:60,1,9,ASN,0.7866666666666666,0.5566598544247922,6.0,medium,5,76.0,8564.83,0.34210526315789475,0.2894736842105263,SIDE_CHAIN_LOSS,2,730.9973461617869,393.91469486521936,pN/nm,0.8291511929160645,0.7224696893337575,46.11270520563056,3.9440863733511677,COMPLETED,,779b297ee54d560c11b07397c92fa69e593a32de7fc748657547006a26ac50d5,False
1UBQ_MILD_33_seed2,1UBQ,1UBQ,A,P0CG48,GCR_DEEP_SPACE_REFERENCE,MILD,A:33,A:33,1,17,LYS,0.4266666666666667,0.528749287869705,6.0,medium,6,76.0,8564.83,0.34210526315789475,0.2894736842105263,SIDE_CHAIN_LOSS,2,730.9973461617869,858.5160772534887,pN/nm,0.8291511929160645,0.8287069802237876,-17.444486188801957,3.9440863733511677,COMPLETED,,779b297ee54d560c11b07397c92fa69e593a32de7fc748657547006a26ac50d5,False
1UBQ_MODERATE_74_seed2,1UBQ,1UBQ,A,P0CG48,GCR_DEEP_SPACE_REFERENCE,MODERATE,A:74,A:9 A:63 A:74,3,45,ARG,0.9733333333333334,1.0,5.0,medium,1,76.0,8564.83,0.34210526315789475,0.2894736842105263,SIDE_CHAIN_LOSS,2,730.9973461617869,707.1298731133944,pN/nm,0.8291511929160645,0.8254184900974006,3.2650560461966562,3.9440863733511677,COMPLETED,,779b297ee54d560c11b07397c92fa69e593a32de7fc748657547006a26ac50d5,False
1UBQ_SEVERE_74_seed2,1UBQ,1UBQ,A,P0CG48,GCR_DEEP_SPACE_REFERENCE,SEVERE,A:74,A:9 A:33 A:60 A:62 A:63 A:74,6,83,ARG,0.9733333333333334,1.0,5.0,medium,1,76.0,8564.83,0.34210526315789475,0.2894736842105263,SIDE_CHAIN_LOSS,2,730.9973461617869,908.1569385138262,pN/nm,0.8291511929160645,0.7197384116931809,-24.235326336305143,3.9440863733511677,COMPLETED,,779b297ee54d560c11b07397c92fa69e593a32de7fc748657547006a26ac50d5,False
1UBQ_EXTREME_74_seed2,1UBQ,1UBQ,A,P0CG48,GCR_DEEP_SPACE_REFERENCE,EXTREME,A:74,A:8 A:9 A:11 A:16 A:20 A:33 A:48 A:49 A:54 A:59 A:60 A:62 A:63 A:68 A:72 A:74,16,225,ARG,0.9733333333333334,1.0,5.0,medium,1,76.0,8564.83,0.34210526315789475,0.2894736842105263,SIDE_CHAIN_LOSS,2,730.9973461617869,741.8612903023594,pN/nm,0.8291511929160645,0.8141905988655541,-1.4861810644888476,3.9440863733511677,COMPLETED,,779b297ee54d560c11b07397c92fa69e593a32de7fc748657547006a26ac50d5,False
1UBQ_MILD_74_seed3,1UBQ,1UBQ,A,P0CG48,GCR_DEEP_SPACE_REFERENCE,MILD,A:74,A:74,1,19,ARG,0.9733333333333334,1.0,5.0,medium,1,76.0,8564.83,0.34210526315789475,0.2894736842105263,SIDE_CHAIN_LOSS,3,870.5589725936957,556.4269269379474,pN/nm,0.7383398379048226,0.6395989471738195,36.083947847879905,3.5708846363990454,COMPLETED,,779b297ee54d560c11b07397c92fa69e593a32de7fc748657547006a26ac50d5,False
1UBQ_MILD_9_seed3,1UBQ,1UBQ,A,P0CG48,GCR_DEEP_SPACE_REFERENCE,MILD,A:9,A:9,1,9,THR,0.10666666666666667,0.5843934376263156,4.0,medium,2,76.0,8564.83,0.34210526315789475,0.2894736842105263,SIDE_CHAIN_LOSS,3,870.5589725936957,459.20914925607616,pN/nm,0.7383398379048226,0.7638264522972232,47.251230104729885,3.5708846363990454,COMPLETED,,779b297ee54d560c11b07397c92fa69e593a32de7fc748657547006a26ac50d5,False
1UBQ_MILD_63_seed3,1UBQ,1UBQ,A,P0CG48,GCR_DEEP_SPACE_REFERENCE,MILD,A:63,A:63,1,17,LYS,0.8266666666666667,0.639348584579648,7.0,medium,4,76.0,8564.83,0.34210526315789475,0.2894736842105263,SIDE_CHAIN_LOSS,3,870.5589725936957,440.4924299182029,pN/nm,0.7383398379048226,0.7289710451014464,49.40119580804229,3.5708846363990454,COMPLETED,,779b297ee54d560c11b07397c92fa69e593a32de7fc748657547006a26ac50d5,False
1UBQ_MILD_60_seed3,1UBQ,1UBQ,A,P0CG48,GCR_DEEP_SPACE_REFERENCE,MILD,A:60,A:60,1,9,ASN,0.7866666666666666,0.5566598544247922,6.0,medium,5,76.0,8564.83,0.34210526315789475,0.2894736842105263,SIDE_CHAIN_LOSS,3,870.5589725936957,468.7779545067471,pN/nm,0.7383398379048226,0.6749772024596317,46.15207363722922,3.5708846363990454,COMPLETED,,779b297ee54d560c11b07397c92fa69e593a32de7fc748657547006a26ac50d5,False
1UBQ_MILD_33_seed3,1UBQ,1UBQ,A,P0CG48,GCR_DEEP_SPACE_REFERENCE,MILD,A:33,A:33,1,17,LYS,0.4266666666666667,0.528749287869705,6.0,medium,6,76.0,8564.83,0.34210526315789475,0.2894736842105263,SIDE_CHAIN_LOSS,3,870.5589725936957,523.8516086147522,pN/nm,0.7383398379048226,0.7061638202712017,39.825833159353074,3.5708846363990454,COMPLETED,,779b297ee54d560c11b07397c92fa69e593a32de7fc748657547006a26ac50d5,False
1UBQ_MODERATE_74_seed3,1UBQ,1UBQ,A,P0CG48,GCR_DEEP_SPACE_REFERENCE,MODERATE,A:74,A:9 A:63 A:74,3,45,ARG,0.9733333333333334,1.0,5.0,medium,1,76.0,8564.83,0.34210526315789475,0.2894736842105263,SIDE_CHAIN_LOSS,3,870.5589725936957,561.296870001674,pN/nm,0.7383398379048226,0.8104399624325493,35.52454369295891,3.5708846363990454,COMPLETED,,779b297ee54d560c11b07397c92fa69e593a32de7fc748657547006a26ac50d5,False
1UBQ_SEVERE_74_seed3,1UBQ,1UBQ,A,P0CG48,GCR_DEEP_SPACE_REFERENCE,SEVERE,A:74,A:9 A:33 A:60 A:62 A:63 A:74,6,83,ARG,0.9733333333333334,1.0,5.0,medium,1,76.0,8564.83,0.34210526315789475,0.2894736842105263,SIDE_CHAIN_LOSS,3,870.5589725936957,752.4156663703429,pN/nm,0.7383398379048226,0.8545204463509025,13.570971059130324,3.5708846363990454,COMPLETED,,779b297ee54d560c11b07397c92fa69e593a32de7fc748657547006a26ac50d5,False
1UBQ_EXTREME_74_seed3,1UBQ,1UBQ,A,P0CG48,GCR_DEEP_SPACE_REFERENCE,EXTREME,A:74,A:8 A:9 A:11 A:16 A:20 A:33 A:48 A:49 A:54 A:59 A:60 A:62 A:63 A:68 A:72 A:74,16,225,ARG,0.9733333333333334,1.0,5.0,medium,1,76.0,8564.83,0.34210526315789475,0.2894736842105263,SIDE_CHAIN_LOSS,3,870.5589725936957,497.11803708791996,pN/nm,0.7383398379048226,0.8068564676927777,42.8966844593154,3.5708846363990454,COMPLETED,,779b297ee54d560c11b07397c92fa69e593a32de7fc748657547006a26ac50d5,False
1UBQ_MILD_74_seed4,1UBQ,1UBQ,A,P0CG48,GCR_DEEP_SPACE_REFERENCE,MILD,A:74,A:74,1,19,ARG,0.9733333333333334,1.0,5.0,medium,1,76.0,8564.83,0.34210526315789475,0.2894736842105263,SIDE_CHAIN_LOSS,4,506.5830580756882,907.4231162883045,pN/nm,0.6800275959214842,0.8884653925710781,-79.12622655310496,3.713606503637594,COMPLETED,,779b297ee54d560c11b07397c92fa69e593a32de7fc748657547006a26ac50d5,False
1UBQ_MILD_9_seed4,1UBQ,1UBQ,A,P0CG48,GCR_DEEP_SPACE_REFERENCE,MILD,A:9,A:9,1,9,THR,0.10666666666666667,0.5843934376263156,4.0,medium,2,76.0,8564.83,0.34210526315789475,0.2894736842105263,SIDE_CHAIN_LOSS,4,506.5830580756882,744.6896057162837,pN/nm,0.6800275959214842,0.8070618941685745,-47.002469554562204,3.713606503637594,COMPLETED,,779b297ee54d560c11b07397c92fa69e593a32de7fc748657547006a26ac50d5,False
1UBQ_MILD_63_seed4,1UBQ,1UBQ,A,P0CG48,GCR_DEEP_SPACE_REFERENCE,MILD,A:63,A:63,1,17,LYS,0.8266666666666667,0.639348584579648,7.0,medium,4,76.0,8564.83,0.34210526315789475,0.2894736842105263,SIDE_CHAIN_LOSS,4,506.5830580756882,651.1369730889169,pN/nm,0.6800275959214842,0.7769686065128846,-28.535086736286193,3.713606503637594,COMPLETED,,779b297ee54d560c11b07397c92fa69e593a32de7fc748657547006a26ac50d5,False
1UBQ_MILD_60_seed4,1UBQ,1UBQ,A,P0CG48,GCR_DEEP_SPACE_REFERENCE,MILD,A:60,A:60,1,9,ASN,0.7866666666666666,0.5566598544247922,6.0,medium,5,76.0,8564.83,0.34210526315789475,0.2894736842105263,SIDE_CHAIN_LOSS,4,506.5830580756882,623.2655577283061,pN/nm,0.6800275959214842,0.7649746052666362,-23.033241596323677,3.713606503637594,COMPLETED,,779b297ee54d560c11b07397c92fa69e593a32de7fc748657547006a26ac50d5,False
1UBQ_MILD_33_seed4,1UBQ,1UBQ,A,P0CG48,GCR_DEEP_SPACE_REFERENCE,MILD,A:33,A:33,1,17,LYS,0.4266666666666667,0.528749287869705,6.0,medium,6,76.0,8564.83,0.34210526315789475,0.2894736842105263,SIDE_CHAIN_LOSS,4,506.5830580756882,732.77235362569,pN/nm,0.6800275959214842,0.78974263051446,-44.649992127491764,3.713606503637594,COMPLETED,,779b297ee54d560c11b07397c92fa69e593a32de7fc748657547006a26ac50d5,False
1UBQ_MODERATE_74_seed4,1UBQ,1UBQ,A,P0CG48,GCR_DEEP_SPACE_REFERENCE,MODERATE,A:74,A:9 A:63 A:74,3,45,ARG,0.9733333333333334,1.0,5.0,medium,1,76.0,8564.83,0.34210526315789475,0.2894736842105263,SIDE_CHAIN_LOSS,4,506.5830580756882,643.8533544269676,pN/nm,0.6800275959214842,0.8628715094661948,-27.09729316110882,3.713606503637594,COMPLETED,,779b297ee54d560c11b07397c92fa69e593a32de7fc748657547006a26ac50d5,False
1UBQ_SEVERE_74_seed4,1UBQ,1UBQ,A,P0CG48,GCR_DEEP_SPACE_REFERENCE,SEVERE,A:74,A:9 A:33 A:60 A:62 A:63 A:74,6,83,ARG,0.9733333333333334,1.0,5.0,medium,1,76.0,8564.83,0.34210526315789475,0.2894736842105263,SIDE_CHAIN_LOSS,4,506.5830580756882,540.0896569385415,pN/nm,0.6800275959214842,0.7472313006985043,-6.614235973491055,3.713606503637594,COMPLETED,,779b297ee54d560c11b07397c92fa69e593a32de7fc748657547006a26ac50d5,False
1UBQ_EXTREME_74_seed4,1UBQ,1UBQ,A,P0CG48,GCR_DEEP_SPACE_REFERENCE,EXTREME,A:74,A:8 A:9 A:11 A:16 A:20 A:33 A:48 A:49 A:54 A:59 A:60 A:62 A:63 A:68 A:72 A:74,16,225,ARG,0.9733333333333334,1.0,5.0,medium,1,76.0,8564.83,0.34210526315789475,0.2894736842105263,SIDE_CHAIN_LOSS,4,506.5830580756882,429.76776990371775,pN/nm,0.6800275959214842,0.5630948494351993,15.163414359683056,3.713606503637594,COMPLETED,,779b297ee54d560c11b07397c92fa69e593a32de7fc748657547006a26ac50d5,False
1UBQ_MILD_74_seed5,1UBQ,1UBQ,A,P0CG48,GCR_DEEP_SPACE_REFERENCE,MILD,A:74,A:74,1,19,ARG,0.9733333333333334,1.0,5.0,medium,1,76.0,8564.83,0.34210526315789475,0.2894736842105263,SIDE_CHAIN_LOSS,5,591.660021881692,404.23473888923115,pN/nm,0.8121304176315682,0.5786942494325255,31.67786838062524,3.50494446237144,COMPLETED,,779b297ee54d560c11b07397c92fa69e593a32de7fc748657547006a26ac50d5,False
1UBQ_MILD_9_seed5,1UBQ,1UBQ,A,P0CG48,GCR_DEEP_SPACE_REFERENCE,MILD,A:9,A:9,1,9,THR,0.10666666666666667,0.5843934376263156,4.0,medium,2,76.0,8564.83,0.34210526315789475,0.2894736842105263,SIDE_CHAIN_LOSS,5,591.660021881692,357.1880451968386,pN/nm,0.8121304176315682,0.5638470636784819,39.62951154603079,3.50494446237144,COMPLETED,,779b297ee54d560c11b07397c92fa69e593a32de7fc748657547006a26ac50d5,False
1UBQ_MILD_63_seed5,1UBQ,1UBQ,A,P0CG48,GCR_DEEP_SPACE_REFERENCE,MILD,A:63,A:63,1,17,LYS,0.8266666666666667,0.639348584579648,7.0,medium,4,76.0,8564.83,0.34210526315789475,0.2894736842105263,SIDE_CHAIN_LOSS,5,591.660021881692,650.2484234656929,pN/nm,0.8121304176315682,0.7572390452710592,-9.90237626630047,3.50494446237144,COMPLETED,,779b297ee54d560c11b07397c92fa69e593a32de7fc748657547006a26ac50d5,False
1UBQ_MILD_60_seed5,1UBQ,1UBQ,A,P0CG48,GCR_DEEP_SPACE_REFERENCE,MILD,A:60,A:60,1,9,ASN,0.7866666666666666,0.5566598544247922,6.0,medium,5,76.0,8564.83,0.34210526315789475,0.2894736842105263,SIDE_CHAIN_LOSS,5,591.660021881692,340.26470298047735,pN/nm,0.8121304176315682,0.6243563948933497,42.48982686064997,3.50494446237144,COMPLETED,,779b297ee54d560c11b07397c92fa69e593a32de7fc748657547006a26ac50d5,False
1UBQ_MILD_33_seed5,1UBQ,1UBQ,A,P0CG48,GCR_DEEP_SPACE_REFERENCE,MILD,A:33,A:33,1,17,LYS,0.4266666666666667,0.528749287869705,6.0,medium,6,76.0,8564.83,0.34210526315789475,0.2894736842105263,SIDE_CHAIN_LOSS,5,591.660021881692,632.853041561502,pN/nm,0.8121304176315682,0.7407673841086719,-6.962278699987418,3.50494446237144,COMPLETED,,779b297ee54d560c11b07397c92fa69e593a32de7fc748657547006a26ac50d5,False
1UBQ_MODERATE_74_seed5,1UBQ,1UBQ,A,P0CG48,GCR_DEEP_SPACE_REFERENCE,MODERATE,A:74,A:9 A:63 A:74,3,45,ARG,0.9733333333333334,1.0,5.0,medium,1,76.0,8564.83,0.34210526315789475,0.2894736842105263,SIDE_CHAIN_LOSS,5,591.660021881692,388.1892450817627,pN/nm,0.8121304176315682,0.6435682753845458,34.38981328378736,3.50494446237144,COMPLETED,,779b297ee54d560c11b07397c92fa69e593a32de7fc748657547006a26ac50d5,False
1UBQ_SEVERE_74_seed5,1UBQ,1UBQ,A,P0CG48,GCR_DEEP_SPACE_REFERENCE,SEVERE,A:74,A:9 A:33 A:60 A:62 A:63 A:74,6,83,ARG,0.9733333333333334,1.0,5.0,medium,1,76.0,8564.83,0.34210526315789475,0.2894736842105263,SIDE_CHAIN_LOSS,5,591.660021881692,436.6875211564735,pN/nm,0.8121304176315682,0.6332709797933935,26.192829495619822,3.50494446237144,COMPLETED,,779b297ee54d560c11b07397c92fa69e593a32de7fc748657547006a26ac50d5,False
1UBQ_EXTREME_74_seed5,1UBQ,1UBQ,A,P0CG48,GCR_DEEP_SPACE_REFERENCE,EXTREME,A:74,A:8 A:9 A:11 A:16 A:20 A:33 A:48 A:49 A:54 A:59 A:60 A:62 A:63 A:68 A:72 A:74,16,225,ARG,0.9733333333333334,1.0,5.0,medium,1,76.0,8564.83,0.34210526315789475,0.2894736842105263,SIDE_CHAIN_LOSS,5,591.660021881692,438.46412301818515,pN/nm,0.8121304176315682,0.5681362187505099,25.892555386163956,3.50494446237144,COMPLETED,,779b297ee54d560c11b07397c92fa69e593a32de7fc748657547006a26ac50d5,False
1PGA_MILD_10_seed1,1PGA,1PGA,A,P06654,GCR_DEEP_SPACE_REFERENCE,MILD,A:10,A:10,1,17,LYS,0.16363636363636364,1.0,6.0,medium,1,56.0,6195.76,0.375,0.2857142857142857,SIDE_CHAIN_LOSS,1,-337.00561014623963,-290.8761082950406,pN/nm,0.18707030685174897,0.12786299047304606,13.688051611716997,2.700271221593894,QC_FAILED,negative stiffness -337 pN/nm is unphysical | r2 0.19 below 0.5 | negative stiffness -291 pN/nm is unphysical | r2 0.13 below 0.5,779b297ee54d560c11b07397c92fa69e593a32de7fc748657547006a26ac50d5,False
1PGA_MILD_11_seed1,1PGA,1PGA,A,P06654,GCR_DEEP_SPACE_REFERENCE,MILD,A:11,A:11,1,9,THR,0.18181818181818182,0.8646784294298946,4.0,medium,3,56.0,6195.76,0.375,0.2857142857142857,SIDE_CHAIN_LOSS,1,-337.00561014623963,-323.26284352885466,pN/nm,0.18707030685174897,0.20962536341171578,4.077904403852939,2.700271221593894,QC_FAILED,negative stiffness -337 pN/nm is unphysical | r2 0.19 below 0.5 | negative stiffness -323 pN/nm is unphysical | r2 0.21 below 0.5,779b297ee54d560c11b07397c92fa69e593a32de7fc748657547006a26ac50d5,False
1PGA_MILD_33_seed1,1PGA,1PGA,A,P06654,GCR_DEEP_SPACE_REFERENCE,MILD,A:33,A:33,1,16,TYR,0.5818181818181818,0.5460035521991201,8.0,high,4,56.0,6195.76,0.375,0.2857142857142857,SIDE_CHAIN_LOSS,1,-337.00561014623963,-451.31324772445487,pN/nm,0.18707030685174897,0.38143130633564504,-33.918615636283555,2.700271221593894,QC_FAILED,negative stiffness -337 pN/nm is unphysical | r2 0.19 below 0.5 | negative stiffness -451 pN/nm is unphysical | r2 0.38 below 0.5,779b297ee54d560c11b07397c92fa69e593a32de7fc748657547006a26ac50d5,False
1PGA_MILD_42_seed1,1PGA,1PGA,A,P06654,GCR_DEEP_SPACE_REFERENCE,MILD,A:42,A:42,1,10,GLU,0.7454545454545455,0.9624554996025316,8.0,low,5,56.0,6195.76,0.375,0.2857142857142857,SIDE_CHAIN_LOSS,1,-337.00561014623963,-169.43486773924243,pN/nm,0.18707030685174897,0.13339325242638722,49.72342814538958,2.700271221593894,QC_FAILED,negative stiffness -337 pN/nm is unphysical | r2 0.19 below 0.5 | negative stiffness -169 pN/nm is unphysical | r2 0.13 below 0.5,779b297ee54d560c11b07397c92fa69e593a32de7fc748657547006a26ac50d5,False
1PGA_MILD_13_seed1,1PGA,1PGA,A,P06654,GCR_DEEP_SPACE_REFERENCE,MILD,A:13,A:13,1,17,LYS,0.21818181818181817,0.7833727604736884,9.0,medium,6,56.0,6195.76,0.375,0.2857142857142857,SIDE_CHAIN_LOSS,1,-337.00561014623963,-218.93439818085477,pN/nm,0.18707030685174897,0.0951698820993403,35.03538469705274,2.700271221593894,QC_FAILED,negative stiffness -337 pN/nm is unphysical | r2 0.19 below 0.5 | negative stiffness -219 pN/nm is unphysical | r2 0.10 below 0.5,779b297ee54d560c11b07397c92fa69e593a32de7fc748657547006a26ac50d5,False
1PGA_MODERATE_10_seed1,1PGA,1PGA,A,P06654,GCR_DEEP_SPACE_REFERENCE,MODERATE,A:10,A:10 A:11 A:33,3,42,LYS,0.16363636363636364,1.0,6.0,medium,1,56.0,6195.76,0.375,0.2857142857142857,SIDE_CHAIN_LOSS,1,-337.00561014623963,-374.40337233885776,pN/nm,0.18707030685174897,0.25573125181683676,-11.097074074342505,2.700271221593894,QC_FAILED,negative stiffness -337 pN/nm is unphysical | r2 0.19 below 0.5 | negative stiffness -374 pN/nm is unphysical | r2 0.26 below 0.5,779b297ee54d560c11b07397c92fa69e593a32de7fc748657547006a26ac50d5,False
1PGA_SEVERE_10_seed1,1PGA,1PGA,A,P06654,GCR_DEEP_SPACE_REFERENCE,SEVERE,A:10,A:10 A:11 A:13 A:33 A:42 A:45,6,85,LYS,0.16363636363636364,1.0,6.0,medium,1,56.0,6195.76,0.375,0.2857142857142857,SIDE_CHAIN_LOSS,1,-337.00561014623963,-523.0180118156726,pN/nm,0.18707030685174897,0.6385441702209005,-55.195639499507166,2.700271221593894,QC_FAILED,negative stiffness -337 pN/nm is unphysical | r2 0.19 below 0.5 | negative stiffness -523 pN/nm is unphysical,779b297ee54d560c11b07397c92fa69e593a32de7fc748657547006a26ac50d5,False
1PGA_EXTREME_10_seed1,1PGA,1PGA,A,P06654,GCR_DEEP_SPACE_REFERENCE,EXTREME,A:10,A:10 A:11 A:13 A:19 A:21 A:28 A:32 A:33 A:35 A:42 A:45,11,144,LYS,0.16363636363636364,1.0,6.0,medium,1,56.0,6195.76,0.375,0.2857142857142857,SIDE_CHAIN_LOSS,1,-337.00561014623963,-360.8348529263405,pN/nm,0.18707030685174897,0.44983128033333564,-7.070874211785505,2.700271221593894,QC_FAILED,negative stiffness -337 pN/nm is unphysical | r2 0.19 below 0.5 | negative stiffness -361 pN/nm is unphysical | r2 0.45 below 0.5,779b297ee54d560c11b07397c92fa69e593a32de7fc748657547006a26ac50d5,False
1PGA_MILD_10_seed2,1PGA,1PGA,A,P06654,GCR_DEEP_SPACE_REFERENCE,MILD,A:10,A:10,1,17,LYS,0.16363636363636364,1.0,6.0,medium,1,56.0,6195.76,0.375,0.2857142857142857,SIDE_CHAIN_LOSS,2,-339.2274510226634,-426.68154372399755,pN/nm,0.3498721597662636,0.364190651657889,-25.78037020226039,2.8264937580065084,QC_FAILED,negative stiffness -339 pN/nm is unphysical | r2 0.35 below 0.5 | negative stiffness -427 pN/nm is unphysical | r2 0.36 below 0.5,779b297ee54d560c11b07397c92fa69e593a32de7fc748657547006a26ac50d5,False
1PGA_MILD_11_seed2,1PGA,1PGA,A,P06654,GCR_DEEP_SPACE_REFERENCE,MILD,A:11,A:11,1,9,THR,0.18181818181818182,0.8646784294298946,4.0,medium,3,56.0,6195.76,0.375,0.2857142857142857,SIDE_CHAIN_LOSS,2,-339.2274510226634,-428.8615145928048,pN/nm,0.3498721597662636,0.5195250973125525,-26.422998286230392,2.8264937580065084,QC_FAILED,negative stiffness -339 pN/nm is unphysical | r2 0.35 below 0.5 | negative stiffness -429 pN/nm is unphysical,779b297ee54d560c11b07397c92fa69e593a32de7fc748657547006a26ac50d5,False
1PGA_MILD_33_seed2,1PGA,1PGA,A,P06654,GCR_DEEP_SPACE_REFERENCE,MILD,A:33,A:33,1,16,TYR,0.5818181818181818,0.5460035521991201,8.0,high,4,56.0,6195.76,0.375,0.2857142857142857,SIDE_CHAIN_LOSS,2,-339.2274510226634,-562.8196610140661,pN/nm,0.3498721597662636,0.608406064056277,-65.91218054946408,2.8264937580065084,QC_FAILED,negative stiffness -339 pN/nm is unphysical | r2 0.35 below 0.5 | negative stiffness -563 pN/nm is unphysical,779b297ee54d560c11b07397c92fa69e593a32de7fc748657547006a26ac50d5,False
1PGA_MILD_42_seed2,1PGA,1PGA,A,P06654,GCR_DEEP_SPACE_REFERENCE,MILD,A:42,A:42,1,10,GLU,0.7454545454545455,0.9624554996025316,8.0,low,5,56.0,6195.76,0.375,0.2857142857142857,SIDE_CHAIN_LOSS,2,-339.2274510226634,-299.13791178761755,pN/nm,0.3498721597662636,0.2913701291845763,11.817893603300252,2.8264937580065084,QC_FAILED,negative stiffness -339 pN/nm is unphysical | r2 0.35 below 0.5 | negative stiffness -299 pN/nm is unphysical | r2 0.29 below 0.5,779b297ee54d560c11b07397c92fa69e593a32de7fc748657547006a26ac50d5,False
1PGA_MILD_13_seed2,1PGA,1PGA,A,P06654,GCR_DEEP_SPACE_REFERENCE,MILD,A:13,A:13,1,17,LYS,0.21818181818181817,0.7833727604736884,9.0,medium,6,56.0,6195.76,0.375,0.2857142857142857,SIDE_CHAIN_LOSS,2,-339.2274510226634,-541.2129952318301,pN/nm,0.3498721597662636,0.7044745955313412,-59.54280633841519,2.8264937580065084,QC_FAILED,negative stiffness -339 pN/nm is unphysical | r2 0.35 below 0.5 | negative stiffness -541 pN/nm is unphysical,779b297ee54d560c11b07397c92fa69e593a32de7fc748657547006a26ac50d5,False
1PGA_MODERATE_10_seed2,1PGA,1PGA,A,P06654,GCR_DEEP_SPACE_REFERENCE,MODERATE,A:10,A:10 A:11 A:33,3,42,LYS,0.16363636363636364,1.0,6.0,medium,1,56.0,6195.76,0.375,0.2857142857142857,SIDE_CHAIN_LOSS,2,-339.2274510226634,-290.8531922974022,pN/nm,0.3498721597662636,0.09113754926153383,14.260125051621891,2.8264937580065084,QC_FAILED,negative stiffness -339 pN/nm is unphysical | r2 0.35 below 0.5 | negative stiffness -291 pN/nm is unphysical | r2 0.09 below 0.5,779b297ee54d560c11b07397c92fa69e593a32de7fc748657547006a26ac50d5,False
1PGA_SEVERE_10_seed2,1PGA,1PGA,A,P06654,GCR_DEEP_SPACE_REFERENCE,SEVERE,A:10,A:10 A:11 A:13 A:33 A:42 A:45,6,85,LYS,0.16363636363636364,1.0,6.0,medium,1,56.0,6195.76,0.375,0.2857142857142857,SIDE_CHAIN_LOSS,2,-339.2274510226634,-572.9173842979105,pN/nm,0.3498721597662636,0.7229351723340807,-68.88886278829911,2.8264937580065084,QC_FAILED,negative stiffness -339 pN/nm is unphysical | r2 0.35 below 0.5 | negative stiffness -573 pN/nm is unphysical,779b297ee54d560c11b07397c92fa69e593a32de7fc748657547006a26ac50d5,False
1PGA_EXTREME_10_seed2,1PGA,1PGA,A,P06654,GCR_DEEP_SPACE_REFERENCE,EXTREME,A:10,A:10 A:11 A:13 A:19 A:21 A:28 A:32 A:33 A:35 A:42 A:45,11,144,LYS,0.16363636363636364,1.0,6.0,medium,1,56.0,6195.76,0.375,0.2857142857142857,SIDE_CHAIN_LOSS,2,-339.2274510226634,-404.01705291795673,pN/nm,0.3498721597662636,0.5192134606527693,-19.099162435107537,2.8264937580065084,QC_FAILED,negative stiffness -339 pN/nm is unphysical | r2 0.35 below 0.5 | negative stiffness -404 pN/nm is unphysical,779b297ee54d560c11b07397c92fa69e593a32de7fc748657547006a26ac50d5,False
1PGA_MILD_10_seed3,1PGA,1PGA,A,P06654,GCR_DEEP_SPACE_REFERENCE,MILD,A:10,A:10,1,17,LYS,0.16363636363636364,1.0,6.0,medium,1,56.0,6195.76,0.375,0.2857142857142857,SIDE_CHAIN_LOSS,3,-283.46148841696674,-394.4621203488036,pN/nm,0.21875496912303627,0.29189890612412284,-39.158981543396436,2.708136426177129,QC_FAILED,negative stiffness -283 pN/nm is unphysical | r2 0.22 below 0.5 | negative stiffness -394 pN/nm is unphysical | r2 0.29 below 0.5,779b297ee54d560c11b07397c92fa69e593a32de7fc748657547006a26ac50d5,False
1PGA_MILD_11_seed3,1PGA,1PGA,A,P06654,GCR_DEEP_SPACE_REFERENCE,MILD,A:11,A:11,1,9,THR,0.18181818181818182,0.8646784294298946,4.0,medium,3,56.0,6195.76,0.375,0.2857142857142857,SIDE_CHAIN_LOSS,3,-283.46148841696674,-336.97789984432933,pN/nm,0.21875496912303627,0.22102745976596738,-18.879605736297027,2.708136426177129,QC_FAILED,negative stiffness -283 pN/nm is unphysical | r2 0.22 below 0.5 | negative stiffness -337 pN/nm is unphysical | r2 0.22 below 0.5,779b297ee54d560c11b07397c92fa69e593a32de7fc748657547006a26ac50d5,False
1PGA_MILD_33_seed3,1PGA,1PGA,A,P06654,GCR_DEEP_SPACE_REFERENCE,MILD,A:33,A:33,1,16,TYR,0.5818181818181818,0.5460035521991201,8.0,high,4,56.0,6195.76,0.375,0.2857142857142857,SIDE_CHAIN_LOSS,3,-283.46148841696674,-372.6532171129323,pN/nm,0.21875496912303627,0.3182153911340734,-31.46520156726409,2.708136426177129,QC_FAILED,negative stiffness -283 pN/nm is unphysical | r2 0.22 below 0.5 | negative stiffness -373 pN/nm is unphysical | r2 0.32 below 0.5,779b297ee54d560c11b07397c92fa69e593a32de7fc748657547006a26ac50d5,False
1PGA_MILD_42_seed3,1PGA,1PGA,A,P06654,GCR_DEEP_SPACE_REFERENCE,MILD,A:42,A:42,1,10,GLU,0.7454545454545455,0.9624554996025316,8.0,low,5,56.0,6195.76,0.375,0.2857142857142857,SIDE_CHAIN_LOSS,3,-283.46148841696674,-374.19602635616855,pN/nm,0.21875496912303627,0.42606025816588355,-32.00947629461852,2.708136426177129,QC_FAILED,negative stiffness -283 pN/nm is unphysical | r2 0.22 below 0.5 | negative stiffness -374 pN/nm is unphysical | r2 0.43 below 0.5,779b297ee54d560c11b07397c92fa69e593a32de7fc748657547006a26ac50d5,False
1PGA_MILD_13_seed3,1PGA,1PGA,A,P06654,GCR_DEEP_SPACE_REFERENCE,MILD,A:13,A:13,1,17,LYS,0.21818181818181817,0.7833727604736884,9.0,medium,6,56.0,6195.76,0.375,0.2857142857142857,SIDE_CHAIN_LOSS,3,-283.46148841696674,-391.71828807861596,pN/nm,0.21875496912303627,0.42800904614356006,-38.19100798003481,2.708136426177129,QC_FAILED,negative stiffness -283 pN/nm is unphysical | r2 0.22 below 0.5 | negative stiffness -392 pN/nm is unphysical | r2 0.43 below 0.5,779b297ee54d560c11b07397c92fa69e593a32de7fc748657547006a26ac50d5,False
1PGA_MODERATE_10_seed3,1PGA,1PGA,A,P06654,GCR_DEEP_SPACE_REFERENCE,MODERATE,A:10,A:10 A:11 A:33,3,42,LYS,0.16363636363636364,1.0,6.0,medium,1,56.0,6195.76,0.375,0.2857142857142857,SIDE_CHAIN_LOSS,3,-283.46148841696674,-649.7085451807429,pN/nm,0.21875496912303627,0.5194558743582538,-129.20522601117278,2.708136426177129,QC_FAILED,negative stiffness -283 pN/nm is unphysical | r2 0.22 below 0.5 | negative stiffness -650 pN/nm is unphysical,779b297ee54d560c11b07397c92fa69e593a32de7fc748657547006a26ac50d5,False
1PGA_SEVERE_10_seed3,1PGA,1PGA,A,P06654,GCR_DEEP_SPACE_REFERENCE,SEVERE,A:10,A:10 A:11 A:13 A:33 A:42 A:45,6,85,LYS,0.16363636363636364,1.0,6.0,medium,1,56.0,6195.76,0.375,0.2857142857142857,SIDE_CHAIN_LOSS,3,-283.46148841696674,-288.30825709522577,pN/nm,0.21875496912303627,0.3100704572826347,-1.7098508532240244,2.708136426177129,QC_FAILED,negative stiffness -283 pN/nm is unphysical | r2 0.22 below 0.5 | negative stiffness -288 pN/nm is unphysical | r2 0.31 below 0.5,779b297ee54d560c11b07397c92fa69e593a32de7fc748657547006a26ac50d5,False
1PGA_EXTREME_10_seed3,1PGA,1PGA,A,P06654,GCR_DEEP_SPACE_REFERENCE,EXTREME,A:10,A:10 A:11 A:13 A:19 A:21 A:28 A:32 A:33 A:35 A:42 A:45,11,144,LYS,0.16363636363636364,1.0,6.0,medium,1,56.0,6195.76,0.375,0.2857142857142857,SIDE_CHAIN_LOSS,3,-283.46148841696674,-413.1978820286085,pN/nm,0.21875496912303627,0.6168344439413167,-45.768613696405154,2.708136426177129,QC_FAILED,negative stiffness -283 pN/nm is unphysical | r2 0.22 below 0.5 | negative stiffness -413 pN/nm is unphysical,779b297ee54d560c11b07397c92fa69e593a32de7fc748657547006a26ac50d5,False
1PGA_MILD_10_seed4,1PGA,1PGA,A,P06654,GCR_DEEP_SPACE_REFERENCE,MILD,A:10,A:10,1,17,LYS,0.16363636363636364,1.0,6.0,medium,1,56.0,6195.76,0.375,0.2857142857142857,SIDE_CHAIN_LOSS,4,-693.5913112797491,-558.1951813792087,pN/nm,0.5559933813695567,0.5188160107767639,19.521024513804853,2.7447748199950968,QC_FAILED,negative stiffness -694 pN/nm is unphysical | negative stiffness -558 pN/nm is unphysical,779b297ee54d560c11b07397c92fa69e593a32de7fc748657547006a26ac50d5,False
1PGA_MILD_11_seed4,1PGA,1PGA,A,P06654,GCR_DEEP_SPACE_REFERENCE,MILD,A:11,A:11,1,9,THR,0.18181818181818182,0.8646784294298946,4.0,medium,3,56.0,6195.76,0.375,0.2857142857142857,SIDE_CHAIN_LOSS,4,-693.5913112797491,-417.08260027896205,pN/nm,0.5559933813695567,0.30053319952617064,39.86623051701719,2.7447748199950968,QC_FAILED,negative stiffness -694 pN/nm is unphysical | negative stiffness -417 pN/nm is unphysical | r2 0.30 below 0.5,779b297ee54d560c11b07397c92fa69e593a32de7fc748657547006a26ac50d5,False
1PGA_MILD_33_seed4,1PGA,1PGA,A,P06654,GCR_DEEP_SPACE_REFERENCE,MILD,A:33,A:33,1,16,TYR,0.5818181818181818,0.5460035521991201,8.0,high,4,56.0,6195.76,0.375,0.2857142857142857,SIDE_CHAIN_LOSS,4,-693.5913112797491,270.13366487200966,pN/nm,0.5559933813695567,0.031381134564394175,138.94709470532214,2.7447748199950968,QC_FAILED,negative stiffness -694 pN/nm is unphysical | r2 0.03 below 0.5,779b297ee54d560c11b07397c92fa69e593a32de7fc748657547006a26ac50d5,False
1PGA_MILD_42_seed4,1PGA,1PGA,A,P06654,GCR_DEEP_SPACE_REFERENCE,MILD,A:42,A:42,1,10,GLU,0.7454545454545455,0.9624554996025316,8.0,low,5,56.0,6195.76,0.375,0.2857142857142857,SIDE_CHAIN_LOSS,4,-693.5913112797491,-350.14261576106753,pN/nm,0.5559933813695567,0.1504017967607355,49.517444917956446,2.7447748199950968,QC_FAILED,negative stiffness -694 pN/nm is unphysical | negative stiffness -350 pN/nm is unphysical | r2 0.15 below 0.5,779b297ee54d560c11b07397c92fa69e593a32de7fc748657547006a26ac50d5,False
1PGA_MILD_13_seed4,1PGA,1PGA,A,P06654,GCR_DEEP_SPACE_REFERENCE,MILD,A:13,A:13,1,17,LYS,0.21818181818181817,0.7833727604736884,9.0,medium,6,56.0,6195.76,0.375,0.2857142857142857,SIDE_CHAIN_LOSS,4,-693.5913112797491,-516.4668591432703,pN/nm,0.5559933813695567,0.45395358468554925,25.537293973545534,2.7447748199950968,QC_FAILED,negative stiffness -694 pN/nm is unphysical | negative stiffness -516 pN/nm is unphysical | r2 0.45 below 0.5,779b297ee54d560c11b07397c92fa69e593a32de7fc748657547006a26ac50d5,False
1PGA_MODERATE_10_seed4,1PGA,1PGA,A,P06654,GCR_DEEP_SPACE_REFERENCE,MODERATE,A:10,A:10 A:11 A:33,3,42,LYS,0.16363636363636364,1.0,6.0,medium,1,56.0,6195.76,0.375,0.2857142857142857,SIDE_CHAIN_LOSS,4,-693.5913112797491,-427.1720770404202,pN/nm,0.5559933813695567,0.30087834984855466,38.411558782037986,2.7447748199950968,QC_FAILED,negative stiffness -694 pN/nm is unphysical | negative stiffness -427 pN/nm is unphysical | r2 0.30 below 0.5,779b297ee54d560c11b07397c92fa69e593a32de7fc748657547006a26ac50d5,False
1PGA_SEVERE_10_seed4,1PGA,1PGA,A,P06654,GCR_DEEP_SPACE_REFERENCE,SEVERE,A:10,A:10 A:11 A:13 A:33 A:42 A:45,6,85,LYS,0.16363636363636364,1.0,6.0,medium,1,56.0,6195.76,0.375,0.2857142857142857,SIDE_CHAIN_LOSS,4,-693.5913112797491,-242.37364657962618,pN/nm,0.5559933813695567,0.19926810494764802,65.05526487458137,2.7447748199950968,QC_FAILED,negative stiffness -694 pN/nm is unphysical | negative stiffness -242 pN/nm is unphysical | r2 0.20 below 0.5,779b297ee54d560c11b07397c92fa69e593a32de7fc748657547006a26ac50d5,False
1PGA_EXTREME_10_seed4,1PGA,1PGA,A,P06654,GCR_DEEP_SPACE_REFERENCE,EXTREME,A:10,A:10 A:11 A:13 A:19 A:21 A:28 A:32 A:33 A:35 A:42 A:45,11,144,LYS,0.16363636363636364,1.0,6.0,medium,1,56.0,6195.76,0.375,0.2857142857142857,SIDE_CHAIN_LOSS,4,-693.5913112797491,-547.8465860698019,pN/nm,0.5559933813695567,0.7503509978859026,21.013055215618664,2.7447748199950968,QC_FAILED,negative stiffness -694 pN/nm is unphysical | negative stiffness -548 pN/nm is unphysical,779b297ee54d560c11b07397c92fa69e593a32de7fc748657547006a26ac50d5,False
1PGA_MILD_10_seed5,1PGA,1PGA,A,P06654,GCR_DEEP_SPACE_REFERENCE,MILD,A:10,A:10,1,17,LYS,0.16363636363636364,1.0,6.0,medium,1,56.0,6195.76,0.375,0.2857142857142857,SIDE_CHAIN_LOSS,5,-355.4430410704937,-44.09350704687876,pN/nm,0.342488762154013,0.001674847592776918,87.59477554713644,2.7607006940185355,QC_FAILED,negative stiffness -355 pN/nm is unphysical | r2 0.34 below 0.5 | negative stiffness -44 pN/nm is unphysical | r2 0.00 below 0.5,779b297ee54d560c11b07397c92fa69e593a32de7fc748657547006a26ac50d5,False
1PGA_MILD_11_seed5,1PGA,1PGA,A,P06654,GCR_DEEP_SPACE_REFERENCE,MILD,A:11,A:11,1,9,THR,0.18181818181818182,0.8646784294298946,4.0,medium,3,56.0,6195.76,0.375,0.2857142857142857,SIDE_CHAIN_LOSS,5,-355.4430410704937,266.7514924892681,pN/nm,0.342488762154013,0.05772319640261103,175.04760585152778,2.7607006940185355,QC_FAILED,negative stiffness -355 pN/nm is unphysical | r2 0.34 below 0.5 | r2 0.06 below 0.5,779b297ee54d560c11b07397c92fa69e593a32de7fc748657547006a26ac50d5,False
1PGA_MILD_33_seed5,1PGA,1PGA,A,P06654,GCR_DEEP_SPACE_REFERENCE,MILD,A:33,A:33,1,16,TYR,0.5818181818181818,0.5460035521991201,8.0,high,4,56.0,6195.76,0.375,0.2857142857142857,SIDE_CHAIN_LOSS,5,-355.4430410704937,-568.965320342915,pN/nm,0.342488762154013,0.5211194131549959,-60.0721506965934,2.7607006940185355,QC_FAILED,negative stiffness -355 pN/nm is unphysical | r2 0.34 below 0.5 | negative stiffness -569 pN/nm is unphysical,779b297ee54d560c11b07397c92fa69e593a32de7fc748657547006a26ac50d5,False
1PGA_MILD_42_seed5,1PGA,1PGA,A,P06654,GCR_DEEP_SPACE_REFERENCE,MILD,A:42,A:42,1,10,GLU,0.7454545454545455,0.9624554996025316,8.0,low,5,56.0,6195.76,0.375,0.2857142857142857,SIDE_CHAIN_LOSS,5,-355.4430410704937,-479.7413369502567,pN/nm,0.342488762154013,0.44608381879019543,-34.96996185532619,2.7607006940185355,QC_FAILED,negative stiffness -355 pN/nm is unphysical | r2 0.34 below 0.5 | negative stiffness -480 pN/nm is unphysical | r2 0.45 below 0.5,779b297ee54d560c11b07397c92fa69e593a32de7fc748657547006a26ac50d5,False
1PGA_MILD_13_seed5,1PGA,1PGA,A,P06654,GCR_DEEP_SPACE_REFERENCE,MILD,A:13,A:13,1,17,LYS,0.21818181818181817,0.7833727604736884,9.0,medium,6,56.0,6195.76,0.375,0.2857142857142857,SIDE_CHAIN_LOSS,5,-355.4430410704937,-389.0255463061275,pN/nm,0.342488762154013,0.34986301713596213,-9.448069410641114,2.7607006940185355,QC_FAILED,negative stiffness -355 pN/nm is unphysical | r2 0.34 below 0.5 | negative stiffness -389 pN/nm is unphysical | r2 0.35 below 0.5,779b297ee54d560c11b07397c92fa69e593a32de7fc748657547006a26ac50d5,False
1PGA_MODERATE_10_seed5,1PGA,1PGA,A,P06654,GCR_DEEP_SPACE_REFERENCE,MODERATE,A:10,A:10 A:11 A:33,3,42,LYS,0.16363636363636364,1.0,6.0,medium,1,56.0,6195.76,0.375,0.2857142857142857,SIDE_CHAIN_LOSS,5,-355.4430410704937,-582.8686861708964,pN/nm,0.342488762154013,0.6372120721470713,-63.98371013692127,2.7607006940185355,QC_FAILED,negative stiffness -355 pN/nm is unphysical | r2 0.34 below 0.5 | negative stiffness -583 pN/nm is unphysical,779b297ee54d560c11b07397c92fa69e593a32de7fc748657547006a26ac50d5,False
1PGA_SEVERE_10_seed5,1PGA,1PGA,A,P06654,GCR_DEEP_SPACE_REFERENCE,SEVERE,A:10,A:10 A:11 A:13 A:33 A:42 A:45,6,85,LYS,0.16363636363636364,1.0,6.0,medium,1,56.0,6195.76,0.375,0.2857142857142857,SIDE_CHAIN_LOSS,5,-355.4430410704937,-361.68281063456675,pN/nm,0.342488762154013,0.3809121208689523,-1.7554907096452514,2.7607006940185355,QC_FAILED,negative stiffness -355 pN/nm is unphysical | r2 0.34 below 0.5 | negative stiffness -362 pN/nm is unphysical | r2 0.38 below 0.5,779b297ee54d560c11b07397c92fa69e593a32de7fc748657547006a26ac50d5,False
1PGA_EXTREME_10_seed5,1PGA,1PGA,A,P06654,GCR_DEEP_SPACE_REFERENCE,EXTREME,A:10,A:10 A:11 A:13 A:19 A:21 A:28 A:32 A:33 A:35 A:42 A:45,11,144,LYS,0.16363636363636364,1.0,6.0,medium,1,56.0,6195.76,0.375,0.2857142857142857,SIDE_CHAIN_LOSS,5,-355.4430410704937,-654.311513186272,pN/nm,0.342488762154013,0.8373651428176261,-84.08336571048662,2.7607006940185355,QC_FAILED,negative stiffness -355 pN/nm is unphysical | r2 0.34 below 0.5 | negative stiffness -654 pN/nm is unphysical,779b297ee54d560c11b07397c92fa69e593a32de7fc748657547006a26ac50d5,False
1SHG_MILD_18_seed1,1SHG,1SHG,A,P07751,GCR_DEEP_SPACE_REFERENCE,MILD,A:18,A:18,1,11,LYS,0.21428571428571427,0.725757456671525,5.0,medium,3,57.0,6685.68,0.42105263157894735,0.3333333333333333,SIDE_CHAIN_LOSS,1,138.73852246752003,175.87695111095135,pN/nm,0.2798324686498961,0.3282816844167751,-26.76864938656513,0.6672066406454814,QC_FAILED,r2 0.28 below 0.5 | r2 0.33 below 0.5,779b297ee54d560c11b07397c92fa69e593a32de7fc748657547006a26ac50d5,False
1SHG_MILD_21_seed1,1SHG,1SHG,A,P07751,GCR_DEEP_SPACE_REFERENCE,MILD,A:21,A:21,1,17,ARG,0.26785714285714285,0.7615438887069406,6.0,medium,4,57.0,6685.68,0.42105263157894735,0.3333333333333333,SIDE_CHAIN_LOSS,1,138.73852246752003,153.02957350380547,pN/nm,0.2798324686498961,0.22906332076632663,-10.300708687186074,0.6672066406454814,QC_FAILED,r2 0.28 below 0.5 | r2 0.23 below 0.5,779b297ee54d560c11b07397c92fa69e593a32de7fc748657547006a26ac50d5,False
1SHG_MILD_39_seed1,1SHG,1SHG,A,P07751,GCR_DEEP_SPACE_REFERENCE,MILD,A:39,A:39,1,11,LYS,0.5892857142857143,0.7787164910663892,7.0,medium,5,57.0,6685.68,0.42105263157894735,0.3333333333333333,SIDE_CHAIN_LOSS,1,138.73852246752003,35.60498985204926,pN/nm,0.2798324686498961,0.027898112820620602,74.3366231535407,0.6672066406454814,QC_FAILED,r2 0.28 below 0.5 | r2 0.03 below 0.5,779b297ee54d560c11b07397c92fa69e593a32de7fc748657547006a26ac50d5,False
1SHG_MILD_47_seed1,1SHG,1SHG,A,P07751,GCR_DEEP_SPACE_REFERENCE,MILD,A:47,A:47,1,15,ASN,0.7321428571428571,0.6808699205902631,5.0,medium,6,57.0,6685.68,0.42105263157894735,0.3333333333333333,SIDE_CHAIN_LOSS,1,138.73852246752003,80.41965213631141,pN/nm,0.2798324686498961,0.12393952007297104,42.035095439957274,0.6672066406454814,QC_FAILED,r2 0.28 below 0.5 | r2 0.12 below 0.5,779b297ee54d560c11b07397c92fa69e593a32de7fc748657547006a26ac50d5,False
1SHG_MILD_13_seed1,1SHG,1SHG,A,P07751,GCR_DEEP_SPACE_REFERENCE,MILD,A:13,A:13,1,17,TYR,0.125,0.6050793147095308,10.0,high,8,57.0,6685.68,0.42105263157894735,0.3333333333333333,SIDE_CHAIN_LOSS,1,138.73852246752003,112.88673746582255,pN/nm,0.2798324686498961,0.19309302817210094,18.633458495818722,0.6672066406454814,QC_FAILED,r2 0.28 below 0.5 | r2 0.19 below 0.5,779b297ee54d560c11b07397c92fa69e593a32de7fc748657547006a26ac50d5,False
1SHG_MODERATE_18_seed1,1SHG,1SHG,A,P07751,GCR_DEEP_SPACE_REFERENCE,MODERATE,A:18,A:18 A:21 A:39,3,39,LYS,0.21428571428571427,0.725757456671525,5.0,medium,3,57.0,6685.68,0.42105263157894735,0.3333333333333333,SIDE_CHAIN_LOSS,1,138.73852246752003,128.94241450021187,pN/nm,0.2798324686498961,0.18904892062663914,7.060842074054465,0.6672066406454814,QC_FAILED,r2 0.28 below 0.5 | r2 0.19 below 0.5,779b297ee54d560c11b07397c92fa69e593a32de7fc748657547006a26ac50d5,False
1SHG_SEVERE_18_seed1,1SHG,1SHG,A,P07751,GCR_DEEP_SPACE_REFERENCE,SEVERE,A:18,A:13 A:18 A:21 A:37 A:39 A:47,6,90,LYS,0.21428571428571427,0.725757456671525,5.0,medium,3,57.0,6685.68,0.42105263157894735,0.3333333333333333,SIDE_CHAIN_LOSS,1,138.73852246752003,19.80049723680638,pN/nm,0.2798324686498961,0.009389109411739649,85.72819078317497,0.6672066406454814,QC_FAILED,r2 0.28 below 0.5 | r2 0.01 below 0.5,779b297ee54d560c11b07397c92fa69e593a32de7fc748657547006a26ac50d5,False
1SHG_EXTREME_18_seed1,1SHG,1SHG,A,P07751,GCR_DEEP_SPACE_REFERENCE,EXTREME,A:18,A:13 A:16 A:18 A:21 A:26 A:27 A:37 A:39 A:41 A:47 A:49 A:57,12,159,LYS,0.21428571428571427,0.725757456671525,5.0,medium,3,57.0,6685.68,0.42105263157894735,0.3333333333333333,SIDE_CHAIN_LOSS,1,138.73852246752003,36.725625369291194,pN/nm,0.2798324686498961,0.03798201275921376,73.52889109952213,0.6672066406454814,QC_FAILED,r2 0.28 below 0.5 | r2 0.04 below 0.5,779b297ee54d560c11b07397c92fa69e593a32de7fc748657547006a26ac50d5,False
1SHG_MILD_18_seed2,1SHG,1SHG,A,P07751,GCR_DEEP_SPACE_REFERENCE,MILD,A:18,A:18,1,11,LYS,0.21428571428571427,0.725757456671525,5.0,medium,3,57.0,6685.68,0.42105263157894735,0.3333333333333333,SIDE_CHAIN_LOSS,2,71.21730559043253,123.33773932306173,pN/nm,0.15312489037086885,0.325844772698187,-73.18506829277062,0.6533036732299061,QC_FAILED,r2 0.15 below 0.5 | r2 0.33 below 0.5,779b297ee54d560c11b07397c92fa69e593a32de7fc748657547006a26ac50d5,False
1SHG_MILD_21_seed2,1SHG,1SHG,A,P07751,GCR_DEEP_SPACE_REFERENCE,MILD,A:21,A:21,1,17,ARG,0.26785714285714285,0.7615438887069406,6.0,medium,4,57.0,6685.68,0.42105263157894735,0.3333333333333333,SIDE_CHAIN_LOSS,2,71.21730559043253,179.9775726737858,pN/nm,0.15312489037086885,0.351697917953251,-152.71606554287325,0.6533036732299061,QC_FAILED,r2 0.15 below 0.5 | r2 0.35 below 0.5,779b297ee54d560c11b07397c92fa69e593a32de7fc748657547006a26ac50d5,False
1SHG_MILD_39_seed2,1SHG,1SHG,A,P07751,GCR_DEEP_SPACE_REFERENCE,MILD,A:39,A:39,1,11,LYS,0.5892857142857143,0.7787164910663892,7.0,medium,5,57.0,6685.68,0.42105263157894735,0.3333333333333333,SIDE_CHAIN_LOSS,2,71.21730559043253,87.24211433682201,pN/nm,0.15312489037086885,0.08931239940629787,-22.501284783992563,0.6533036732299061,QC_FAILED,r2 0.15 below 0.5 | r2 0.09 below 0.5,779b297ee54d560c11b07397c92fa69e593a32de7fc748657547006a26ac50d5,False
1SHG_MILD_47_seed2,1SHG,1SHG,A,P07751,GCR_DEEP_SPACE_REFERENCE,MILD,A:47,A:47,1,15,ASN,0.7321428571428571,0.6808699205902631,5.0,medium,6,57.0,6685.68,0.42105263157894735,0.3333333333333333,SIDE_CHAIN_LOSS,2,71.21730559043253,114.76567900447837,pN/nm,0.15312489037086885,0.35343771876742314,-61.14858327341187,0.6533036732299061,QC_FAILED,r2 0.15 below 0.5 | r2 0.35 below 0.5,779b297ee54d560c11b07397c92fa69e593a32de7fc748657547006a26ac50d5,False
1SHG_MILD_13_seed2,1SHG,1SHG,A,P07751,GCR_DEEP_SPACE_REFERENCE,MILD,A:13,A:13,1,17,TYR,0.125,0.6050793147095308,10.0,high,8,57.0,6685.68,0.42105263157894735,0.3333333333333333,SIDE_CHAIN_LOSS,2,71.21730559043253,217.97493518552193,pN/nm,0.15312489037086885,0.45726622199228606,-206.07017968228928,0.6533036732299061,QC_FAILED,r2 0.15 below 0.5 | r2 0.46 below 0.5,779b297ee54d560c11b07397c92fa69e593a32de7fc748657547006a26ac50d5,False
1SHG_MODERATE_18_seed2,1SHG,1SHG,A,P07751,GCR_DEEP_SPACE_REFERENCE,MODERATE,A:18,A:18 A:21 A:39,3,39,LYS,0.21428571428571427,0.725757456671525,5.0,medium,3,57.0,6685.68,0.42105263157894735,0.3333333333333333,SIDE_CHAIN_LOSS,2,71.21730559043253,123.55596467981748,pN/nm,0.15312489037086885,0.19208481430728264,-73.49149010267558,0.6533036732299061,QC_FAILED,r2 0.15 below 0.5 | r2 0.19 below 0.5,779b297ee54d560c11b07397c92fa69e593a32de7fc748657547006a26ac50d5,False
1SHG_SEVERE_18_seed2,1SHG,1SHG,A,P07751,GCR_DEEP_SPACE_REFERENCE,SEVERE,A:18,A:13 A:18 A:21 A:37 A:39 A:47,6,90,LYS,0.21428571428571427,0.725757456671525,5.0,medium,3,57.0,6685.68,0.42105263157894735,0.3333333333333333,SIDE_CHAIN_LOSS,2,71.21730559043253,196.01255904825499,pN/nm,0.15312489037086885,0.455709141992265,-175.23164127482477,0.6533036732299061,QC_FAILED,r2 0.15 below 0.5 | r2 0.46 below 0.5,779b297ee54d560c11b07397c92fa69e593a32de7fc748657547006a26ac50d5,False
1SHG_EXTREME_18_seed2,1SHG,1SHG,A,P07751,GCR_DEEP_SPACE_REFERENCE,EXTREME,A:18,A:13 A:16 A:18 A:21 A:26 A:27 A:37 A:39 A:41 A:47 A:49 A:57,12,159,LYS,0.21428571428571427,0.725757456671525,5.0,medium,3,57.0,6685.68,0.42105263157894735,0.3333333333333333,SIDE_CHAIN_LOSS,2,71.21730559043253,129.83812792738757,pN/nm,0.15312489037086885,0.2067528647714899,-82.31260906454494,0.6533036732299061,QC_FAILED,r2 0.15 below 0.5 | r2 0.21 below 0.5,779b297ee54d560c11b07397c92fa69e593a32de7fc748657547006a26ac50d5,False
1SHG_MILD_18_seed3,1SHG,1SHG,A,P07751,GCR_DEEP_SPACE_REFERENCE,MILD,A:18,A:18,1,11,LYS,0.21428571428571427,0.725757456671525,5.0,medium,3,57.0,6685.68,0.42105263157894735,0.3333333333333333,SIDE_CHAIN_LOSS,3,198.1786248990804,115.08093023033508,pN/nm,0.48611765485162584,0.1831638895915605,41.93070504503783,0.7511924236454891,QC_FAILED,r2 0.49 below 0.5 | r2 0.18 below 0.5,779b297ee54d560c11b07397c92fa69e593a32de7fc748657547006a26ac50d5,False
1SHG_MILD_21_seed3,1SHG,1SHG,A,P07751,GCR_DEEP_SPACE_REFERENCE,MILD,A:21,A:21,1,17,ARG,0.26785714285714285,0.7615438887069406,6.0,medium,4,57.0,6685.68,0.42105263157894735,0.3333333333333333,SIDE_CHAIN_LOSS,3,198.1786248990804,181.06538599560224,pN/nm,0.48611765485162584,0.38378515957032533,8.635259686655324,0.7511924236454891,QC_FAILED,r2 0.49 below 0.5 | r2 0.38 below 0.5,779b297ee54d560c11b07397c92fa69e593a32de7fc748657547006a26ac50d5,False
1SHG_MILD_39_seed3,1SHG,1SHG,A,P07751,GCR_DEEP_SPACE_REFERENCE,MILD,A:39,A:39,1,11,LYS,0.5892857142857143,0.7787164910663892,7.0,medium,5,57.0,6685.68,0.42105263157894735,0.3333333333333333,SIDE_CHAIN_LOSS,3,198.1786248990804,111.94534163804991,pN/nm,0.48611765485162584,0.17367129102843448,43.51290826896369,0.7511924236454891,QC_FAILED,r2 0.49 below 0.5 | r2 0.17 below 0.5,779b297ee54d560c11b07397c92fa69e593a32de7fc748657547006a26ac50d5,False
1SHG_MILD_47_seed3,1SHG,1SHG,A,P07751,GCR_DEEP_SPACE_REFERENCE,MILD,A:47,A:47,1,15,ASN,0.7321428571428571,0.6808699205902631,5.0,medium,6,57.0,6685.68,0.42105263157894735,0.3333333333333333,SIDE_CHAIN_LOSS,3,198.1786248990804,74.1678458871129,pN/nm,0.48611765485162584,0.11636062531744507,62.57525455892037,0.7511924236454891,QC_FAILED,r2 0.49 below 0.5 | r2 0.12 below 0.5,779b297ee54d560c11b07397c92fa69e593a32de7fc748657547006a26ac50d5,False
1SHG_MILD_13_seed3,1SHG,1SHG,A,P07751,GCR_DEEP_SPACE_REFERENCE,MILD,A:13,A:13,1,17,TYR,0.125,0.6050793147095308,10.0,high,8,57.0,6685.68,0.42105263157894735,0.3333333333333333,SIDE_CHAIN_LOSS,3,198.1786248990804,151.76232319594774,pN/nm,0.48611765485162584,0.46191481983184424,23.421447054024867,0.7511924236454891,QC_FAILED,r2 0.49 below 0.5 | r2 0.46 below 0.5,779b297ee54d560c11b07397c92fa69e593a32de7fc748657547006a26ac50d5,False
1SHG_MODERATE_18_seed3,1SHG,1SHG,A,P07751,GCR_DEEP_SPACE_REFERENCE,MODERATE,A:18,A:18 A:21 A:39,3,39,LYS,0.21428571428571427,0.725757456671525,5.0,medium,3,57.0,6685.68,0.42105263157894735,0.3333333333333333,SIDE_CHAIN_LOSS,3,198.1786248990804,52.81296301240454,pN/nm,0.48611765485162584,0.06153359446963058,73.35082780027423,0.7511924236454891,QC_FAILED,r2 0.49 below 0.5 | r2 0.06 below 0.5,779b297ee54d560c11b07397c92fa69e593a32de7fc748657547006a26ac50d5,False
1SHG_SEVERE_18_seed3,1SHG,1SHG,A,P07751,GCR_DEEP_SPACE_REFERENCE,SEVERE,A:18,A:13 A:18 A:21 A:37 A:39 A:47,6,90,LYS,0.21428571428571427,0.725757456671525,5.0,medium,3,57.0,6685.68,0.42105263157894735,0.3333333333333333,SIDE_CHAIN_LOSS,3,198.1786248990804,185.5395771029806,pN/nm,0.48611765485162584,0.34805463129996295,6.377603943178064,0.7511924236454891,QC_FAILED,r2 0.49 below 0.5 | r2 0.35 below 0.5,779b297ee54d560c11b07397c92fa69e593a32de7fc748657547006a26ac50d5,False
1SHG_EXTREME_18_seed3,1SHG,1SHG,A,P07751,GCR_DEEP_SPACE_REFERENCE,EXTREME,A:18,A:13 A:16 A:18 A:21 A:26 A:27 A:37 A:39 A:41 A:47 A:49 A:57,12,159,LYS,0.21428571428571427,0.725757456671525,5.0,medium,3,57.0,6685.68,0.42105263157894735,0.3333333333333333,SIDE_CHAIN_LOSS,3,198.1786248990804,161.04247438147033,pN/nm,0.48611765485162584,0.34202668279575255,18.7387265082302,0.7511924236454891,QC_FAILED,r2 0.49 below 0.5 | r2 0.34 below 0.5,779b297ee54d560c11b07397c92fa69e593a32de7fc748657547006a26ac50d5,False
1SHG_MILD_18_seed4,1SHG,1SHG,A,P07751,GCR_DEEP_SPACE_REFERENCE,MILD,A:18,A:18,1,11,LYS,0.21428571428571427,0.725757456671525,5.0,medium,3,57.0,6685.68,0.42105263157894735,0.3333333333333333,SIDE_CHAIN_LOSS,4,143.2982326315609,222.89917366855332,pN/nm,0.30119758754644044,0.5694304154329555,-55.54914361132226,0.9124944198195722,QC_FAILED,r2 0.30 below 0.5,779b297ee54d560c11b07397c92fa69e593a32de7fc748657547006a26ac50d5,False
1SHG_MILD_21_seed4,1SHG,1SHG,A,P07751,GCR_DEEP_SPACE_REFERENCE,MILD,A:21,A:21,1,17,ARG,0.26785714285714285,0.7615438887069406,6.0,medium,4,57.0,6685.68,0.42105263157894735,0.3333333333333333,SIDE_CHAIN_LOSS,4,143.2982326315609,325.6964587352883,pN/nm,0.30119758754644044,0.7243345871293325,-127.28574718203109,0.9124944198195722,QC_FAILED,r2 0.30 below 0.5,779b297ee54d560c11b07397c92fa69e593a32de7fc748657547006a26ac50d5,False
1SHG_MILD_39_seed4,1SHG,1SHG,A,P07751,GCR_DEEP_SPACE_REFERENCE,MILD,A:39,A:39,1,11,LYS,0.5892857142857143,0.7787164910663892,7.0,medium,5,57.0,6685.68,0.42105263157894735,0.3333333333333333,SIDE_CHAIN_LOSS,4,143.2982326315609,141.27223480204313,pN/nm,0.30119758754644044,0.3197805327165334,1.4138330894330549,0.9124944198195722,QC_FAILED,r2 0.30 below 0.5 | r2 0.32 below 0.5,779b297ee54d560c11b07397c92fa69e593a32de7fc748657547006a26ac50d5,False
1SHG_MILD_47_seed4,1SHG,1SHG,A,P07751,GCR_DEEP_SPACE_REFERENCE,MILD,A:47,A:47,1,15,ASN,0.7321428571428571,0.6808699205902631,5.0,medium,6,57.0,6685.68,0.42105263157894735,0.3333333333333333,SIDE_CHAIN_LOSS,4,143.2982326315609,185.89951262640645,pN/nm,0.30119758754644044,0.2872235417630741,-29.729103571276553,0.9124944198195722,QC_FAILED,r2 0.30 below 0.5 | r2 0.29 below 0.5,779b297ee54d560c11b07397c92fa69e593a32de7fc748657547006a26ac50d5,False
1SHG_MILD_13_seed4,1SHG,1SHG,A,P07751,GCR_DEEP_SPACE_REFERENCE,MILD,A:13,A:13,1,17,TYR,0.125,0.6050793147095308,10.0,high,8,57.0,6685.68,0.42105263157894735,0.3333333333333333,SIDE_CHAIN_LOSS,4,143.2982326315609,219.91444825322043,pN/nm,0.30119758754644044,0.43760154898993564,-53.46626696970518,0.9124944198195722,QC_FAILED,r2 0.30 below 0.5 | r2 0.44 below 0.5,779b297ee54d560c11b07397c92fa69e593a32de7fc748657547006a26ac50d5,False
1SHG_MODERATE_18_seed4,1SHG,1SHG,A,P07751,GCR_DEEP_SPACE_REFERENCE,MODERATE,A:18,A:18 A:21 A:39,3,39,LYS,0.21428571428571427,0.725757456671525,5.0,medium,3,57.0,6685.68,0.42105263157894735,0.3333333333333333,SIDE_CHAIN_LOSS,4,143.2982326315609,160.6038604696437,pN/nm,0.30119758754644044,0.34959304161304294,-12.076651274951814,0.9124944198195722,QC_FAILED,r2 0.30 below 0.5 | r2 0.35 below 0.5,779b297ee54d560c11b07397c92fa69e593a32de7fc748657547006a26ac50d5,False
1SHG_SEVERE_18_seed4,1SHG,1SHG,A,P07751,GCR_DEEP_SPACE_REFERENCE,SEVERE,A:18,A:13 A:18 A:21 A:37 A:39 A:47,6,90,LYS,0.21428571428571427,0.725757456671525,5.0,medium,3,57.0,6685.68,0.42105263157894735,0.3333333333333333,SIDE_CHAIN_LOSS,4,143.2982326315609,334.1823472936617,pN/nm,0.30119758754644044,0.5230976664606486,-133.20758473894762,0.9124944198195722,QC_FAILED,r2 0.30 below 0.5,779b297ee54d560c11b07397c92fa69e593a32de7fc748657547006a26ac50d5,False
1SHG_EXTREME_18_seed4,1SHG,1SHG,A,P07751,GCR_DEEP_SPACE_REFERENCE,EXTREME,A:18,A:13 A:16 A:18 A:21 A:26 A:27 A:37 A:39 A:41 A:47 A:49 A:57,12,159,LYS,0.21428571428571427,0.725757456671525,5.0,medium,3,57.0,6685.68,0.42105263157894735,0.3333333333333333,SIDE_CHAIN_LOSS,4,143.2982326315609,36.42740434677238,pN/nm,0.30119758754644044,0.029709342124041416,74.57930661264179,0.9124944198195722,QC_FAILED,r2 0.30 below 0.5 | r2 0.03 below 0.5,779b297ee54d560c11b07397c92fa69e593a32de7fc748657547006a26ac50d5,False
1SHG_MILD_18_seed5,1SHG,1SHG,A,P07751,GCR_DEEP_SPACE_REFERENCE,MILD,A:18,A:18,1,11,LYS,0.21428571428571427,0.725757456671525,5.0,medium,3,57.0,6685.68,0.42105263157894735,0.3333333333333333,SIDE_CHAIN_LOSS,5,20.482616245473103,-128.50740801031785,pN/nm,0.0060267561869626896,0.20981198845997073,727.3974304367465,1.3735064473837435,QC_FAILED,r2 0.01 below 0.5 | negative stiffness -129 pN/nm is unphysical | r2 0.21 below 0.5,779b297ee54d560c11b07397c92fa69e593a32de7fc748657547006a26ac50d5,False
1SHG_MILD_21_seed5,1SHG,1SHG,A,P07751,GCR_DEEP_SPACE_REFERENCE,MILD,A:21,A:21,1,17,ARG,0.26785714285714285,0.7615438887069406,6.0,medium,4,57.0,6685.68,0.42105263157894735,0.3333333333333333,SIDE_CHAIN_LOSS,5,20.482616245473103,-56.37280615458755,pN/nm,0.0060267561869626896,0.046521500945164385,375.2226838553723,1.3735064473837435,QC_FAILED,r2 0.01 below 0.5 | negative stiffness -56 pN/nm is unphysical | r2 0.05 below 0.5,779b297ee54d560c11b07397c92fa69e593a32de7fc748657547006a26ac50d5,False
1SHG_MILD_39_seed5,1SHG,1SHG,A,P07751,GCR_DEEP_SPACE_REFERENCE,MILD,A:39,A:39,1,11,LYS,0.5892857142857143,0.7787164910663892,7.0,medium,5,57.0,6685.68,0.42105263157894735,0.3333333333333333,SIDE_CHAIN_LOSS,5,20.482616245473103,-106.51069951569261,pN/nm,0.0060267561869626896,0.13812747157713423,620.0053461882962,1.3735064473837435,QC_FAILED,r2 0.01 below 0.5 | negative stiffness -107 pN/nm is unphysical | r2 0.14 below 0.5,779b297ee54d560c11b07397c92fa69e593a32de7fc748657547006a26ac50d5,False
1SHG_MILD_47_seed5,1SHG,1SHG,A,P07751,GCR_DEEP_SPACE_REFERENCE,MILD,A:47,A:47,1,15,ASN,0.7321428571428571,0.6808699205902631,5.0,medium,6,57.0,6685.68,0.42105263157894735,0.3333333333333333,SIDE_CHAIN_LOSS,5,20.482616245473103,46.752629211239714,pN/nm,0.0060267561869626896,0.039465254420369744,-128.2551635539849,1.3735064473837435,QC_FAILED,r2 0.01 below 0.5 | r2 0.04 below 0.5,779b297ee54d560c11b07397c92fa69e593a32de7fc748657547006a26ac50d5,False
1SHG_MILD_13_seed5,1SHG,1SHG,A,P07751,GCR_DEEP_SPACE_REFERENCE,MILD,A:13,A:13,1,17,TYR,0.125,0.6050793147095308,10.0,high,8,57.0,6685.68,0.42105263157894735,0.3333333333333333,SIDE_CHAIN_LOSS,5,20.482616245473103,99.12624061441751,pN/nm,0.0060267561869626896,0.13280564972135556,-383.95302351244106,1.3735064473837435,QC_FAILED,r2 0.01 below 0.5 | r2 0.13 below 0.5,779b297ee54d560c11b07397c92fa69e593a32de7fc748657547006a26ac50d5,False
1SHG_MODERATE_18_seed5,1SHG,1SHG,A,P07751,GCR_DEEP_SPACE_REFERENCE,MODERATE,A:18,A:18 A:21 A:39,3,39,LYS,0.21428571428571427,0.725757456671525,5.0,medium,3,57.0,6685.68,0.42105263157894735,0.3333333333333333,SIDE_CHAIN_LOSS,5,20.482616245473103,-30.54939887591932,pN/nm,0.0060267561869626896,0.013517598690094945,249.14793359305887,1.3735064473837435,QC_FAILED,r2 0.01 below 0.5 | negative stiffness -31 pN/nm is unphysical | r2 0.01 below 0.5,779b297ee54d560c11b07397c92fa69e593a32de7fc748657547006a26ac50d5,False
1SHG_SEVERE_18_seed5,1SHG,1SHG,A,P07751,GCR_DEEP_SPACE_REFERENCE,SEVERE,A:18,A:13 A:18 A:21 A:37 A:39 A:47,6,90,LYS,0.21428571428571427,0.725757456671525,5.0,medium,3,57.0,6685.68,0.42105263157894735,0.3333333333333333,SIDE_CHAIN_LOSS,5,20.482616245473103,77.51442357572792,pN/nm,0.0060267561869626896,0.10006947674471256,-278.4400520263592,1.3735064473837435,QC_FAILED,r2 0.01 below 0.5 | r2 0.10 below 0.5,779b297ee54d560c11b07397c92fa69e593a32de7fc748657547006a26ac50d5,False
1SHG_EXTREME_18_seed5,1SHG,1SHG,A,P07751,GCR_DEEP_SPACE_REFERENCE,EXTREME,A:18,A:13 A:16 A:18 A:21 A:26 A:27 A:37 A:39 A:41 A:47 A:49 A:57,12,159,LYS,0.21428571428571427,0.725757456671525,5.0,medium,3,57.0,6685.68,0.42105263157894735,0.3333333333333333,SIDE_CHAIN_LOSS,5,20.482616245473103,-71.55238454637778,pN/nm,0.0060267561869626896,0.05161275746012739,449.332251743923,1.3735064473837435,QC_FAILED,r2 0.01 below 0.5 | negative stiffness -72 pN/nm is unphysical | r2 0.05 below 0.5,779b297ee54d560c11b07397c92fa69e593a32de7fc748657547006a26ac50d5,False
1BPI_MILD_26_seed1,1BPI,1BPI,A,P00974,GCR_DEEP_SPACE_REFERENCE,MILD,A:26,A:26,1,17,LYS,0.43859649122807015,0.9284156018824997,4.0,medium,1,58.0,6517.570000000001,0.3448275862068966,0.2413793103448276,SIDE_CHAIN_LOSS,1,85.26147160455615,79.3062534388228,pN/nm,0.1388086937344687,0.09735158597582705,6.98465327147265,1.0181944132116347,QC_FAILED,r2 0.14 below 0.5 | r2 0.10 below 0.5,779b297ee54d560c11b07397c92fa69e593a32de7fc748657547006a26ac50d5,False
1BPI_MILD_17_seed1,1BPI,1BPI,A,P00974,GCR_DEEP_SPACE_REFERENCE,MILD,A:17,A:17,1,19,ARG,0.2807017543859649,1.0,8.0,medium,2,58.0,6517.570000000001,0.3448275862068966,0.2413793103448276,SIDE_CHAIN_LOSS,1,85.26147160455615,103.66555707931818,pN/nm,0.1388086937344687,0.18894165921501693,-21.585465425837853,1.0181944132116347,QC_FAILED,r2 0.14 below 0.5 | r2 0.19 below 0.5,779b297ee54d560c11b07397c92fa69e593a32de7fc748657547006a26ac50d5,False
1BPI_MILD_39_seed1,1BPI,1BPI,A,P00974,GCR_DEEP_SPACE_REFERENCE,MILD,A:39,A:39,1,19,ARG,0.6666666666666666,0.8526596592168807,6.0,medium,3,58.0,6517.570000000001,0.3448275862068966,0.2413793103448276,SIDE_CHAIN_LOSS,1,85.26147160455615,170.37155400228437,pN/nm,0.1388086937344687,0.29057398115464916,-99.82244124575978,1.0181944132116347,QC_FAILED,r2 0.14 below 0.5 | r2 0.29 below 0.5,779b297ee54d560c11b07397c92fa69e593a32de7fc748657547006a26ac50d5,False
1BPI_MILD_15_seed1,1BPI,1BPI,A,P00974,GCR_DEEP_SPACE_REFERENCE,MILD,A:15,A:15,1,17,LYS,0.24561403508771928,0.8416122738476467,6.0,medium,4,58.0,6517.570000000001,0.3448275862068966,0.2413793103448276,SIDE_CHAIN_LOSS,1,85.26147160455615,45.344777893513594,pN/nm,0.1388086937344687,0.03344011314324746,46.81680125834177,1.0181944132116347,QC_FAILED,r2 0.14 below 0.5 | r2 0.03 below 0.5,779b297ee54d560c11b07397c92fa69e593a32de7fc748657547006a26ac50d5,False
1BPI_MILD_42_seed1,1BPI,1BPI,A,P00974,GCR_DEEP_SPACE_REFERENCE,MILD,A:42,A:42,1,19,ARG,0.7192982456140351,0.7272298928216894,6.0,medium,6,58.0,6517.570000000001,0.3448275862068966,0.2413793103448276,SIDE_CHAIN_LOSS,1,85.26147160455615,16.92970906806417,pN/nm,0.1388086937344687,0.006257469488091361,80.14377567093331,1.0181944132116347,QC_FAILED,r2 0.14 below 0.5 | r2 0.01 below 0.5,779b297ee54d560c11b07397c92fa69e593a32de7fc748657547006a26ac50d5,False
1BPI_MODERATE_26_seed1,1BPI,1BPI,A,P00974,GCR_DEEP_SPACE_REFERENCE,MODERATE,A:26,A:17 A:26 A:39,3,55,LYS,0.43859649122807015,0.9284156018824997,4.0,medium,1,58.0,6517.570000000001,0.3448275862068966,0.2413793103448276,SIDE_CHAIN_LOSS,1,85.26147160455615,-13.81813911580019,pN/nm,0.1388086937344687,0.0038967053370047022,116.20677998602804,1.0181944132116347,QC_FAILED,r2 0.14 below 0.5 | negative stiffness -14 pN/nm is unphysical | r2 0.00 below 0.5,779b297ee54d560c11b07397c92fa69e593a32de7fc748657547006a26ac50d5,False
1BPI_SEVERE_26_seed1,1BPI,1BPI,A,P00974,GCR_DEEP_SPACE_REFERENCE,SEVERE,A:26,A:15 A:17 A:26 A:39 A:42 A:46,6,108,LYS,0.43859649122807015,0.9284156018824997,4.0,medium,1,58.0,6517.570000000001,0.3448275862068966,0.2413793103448276,SIDE_CHAIN_LOSS,1,85.26147160455615,11.815191420683298,pN/nm,0.1388086937344687,0.004385920289677547,86.14240266050966,1.0181944132116347,QC_FAILED,r2 0.14 below 0.5 | r2 0.00 below 0.5,779b297ee54d560c11b07397c92fa69e593a32de7fc748657547006a26ac50d5,False
1BPI_EXTREME_26_seed1,1BPI,1BPI,A,P00974,GCR_DEEP_SPACE_REFERENCE,EXTREME,A:26,A:10 A:15 A:17 A:26 A:39 A:41 A:42 A:46 A:52 A:53,10,172,LYS,0.43859649122807015,0.9284156018824997,4.0,medium,1,58.0,6517.570000000001,0.3448275862068966,0.2413793103448276,SIDE_CHAIN_LOSS,1,85.26147160455615,73.68501013975808,pN/nm,0.1388086937344687,0.15291127029739804,13.577599878277793,1.0181944132116347,QC_FAILED,r2 0.14 below 0.5 | r2 0.15 below 0.5,779b297ee54d560c11b07397c92fa69e593a32de7fc748657547006a26ac50d5,False
1BPI_MILD_26_seed2,1BPI,1BPI,A,P00974,GCR_DEEP_SPACE_REFERENCE,MILD,A:26,A:26,1,17,LYS,0.43859649122807015,0.9284156018824997,4.0,medium,1,58.0,6517.570000000001,0.3448275862068966,0.2413793103448276,SIDE_CHAIN_LOSS,2,-29.405907076261894,-121.17497957652294,pN/nm,0.014140829419818313,0.2764533089142698,-312.0769995710903,1.0197745296247618,QC_FAILED,negative stiffness -29 pN/nm is unphysical | r2 0.01 below 0.5 | negative stiffness -121 pN/nm is unphysical | r2 0.28 below 0.5,779b297ee54d560c11b07397c92fa69e593a32de7fc748657547006a26ac50d5,False
1BPI_MILD_17_seed2,1BPI,1BPI,A,P00974,GCR_DEEP_SPACE_REFERENCE,MILD,A:17,A:17,1,19,ARG,0.2807017543859649,1.0,8.0,medium,2,58.0,6517.570000000001,0.3448275862068966,0.2413793103448276,SIDE_CHAIN_LOSS,2,-29.405907076261894,-52.704356254819395,pN/nm,0.014140829419818313,0.08266098729034788,-79.23050670783532,1.0197745296247618,QC_FAILED,negative stiffness -29 pN/nm is unphysical | r2 0.01 below 0.5 | negative stiffness -53 pN/nm is unphysical | r2 0.08 below 0.5,779b297ee54d560c11b07397c92fa69e593a32de7fc748657547006a26ac50d5,False
1BPI_MILD_39_seed2,1BPI,1BPI,A,P00974,GCR_DEEP_SPACE_REFERENCE,MILD,A:39,A:39,1,19,ARG,0.6666666666666666,0.8526596592168807,6.0,medium,3,58.0,6517.570000000001,0.3448275862068966,0.2413793103448276,SIDE_CHAIN_LOSS,2,-29.405907076261894,-102.48260013579292,pN/nm,0.014140829419818313,0.13911287821908425,-248.5102495563643,1.0197745296247618,QC_FAILED,negative stiffness -29 pN/nm is unphysical | r2 0.01 below 0.5 | negative stiffness -102 pN/nm is unphysical | r2 0.14 below 0.5,779b297ee54d560c11b07397c92fa69e593a32de7fc748657547006a26ac50d5,False
1BPI_MILD_15_seed2,1BPI,1BPI,A,P00974,GCR_DEEP_SPACE_REFERENCE,MILD,A:15,A:15,1,17,LYS,0.24561403508771928,0.8416122738476467,6.0,medium,4,58.0,6517.570000000001,0.3448275862068966,0.2413793103448276,SIDE_CHAIN_LOSS,2,-29.405907076261894,-82.79884471985646,pN/nm,0.014140829419818313,0.16700212117923807,-181.57214978991877,1.0197745296247618,QC_FAILED,negative stiffness -29 pN/nm is unphysical | r2 0.01 below 0.5 | negative stiffness -83 pN/nm is unphysical | r2 0.17 below 0.5,779b297ee54d560c11b07397c92fa69e593a32de7fc748657547006a26ac50d5,False
1BPI_MILD_42_seed2,1BPI,1BPI,A,P00974,GCR_DEEP_SPACE_REFERENCE,MILD,A:42,A:42,1,19,ARG,0.7192982456140351,0.7272298928216894,6.0,medium,6,58.0,6517.570000000001,0.3448275862068966,0.2413793103448276,SIDE_CHAIN_LOSS,2,-29.405907076261894,-3.9590954234761746,pN/nm,0.014140829419818313,0.0002678684572721135,86.53639415642384,1.0197745296247618,QC_FAILED,negative stiffness -29 pN/nm is unphysical | r2 0.01 below 0.5 | negative stiffness -4 pN/nm is unphysical | r2 0.00 below 0.5,779b297ee54d560c11b07397c92fa69e593a32de7fc748657547006a26ac50d5,False
1BPI_MODERATE_26_seed2,1BPI,1BPI,A,P00974,GCR_DEEP_SPACE_REFERENCE,MODERATE,A:26,A:17 A:26 A:39,3,55,LYS,0.43859649122807015,0.9284156018824997,4.0,medium,1,58.0,6517.570000000001,0.3448275862068966,0.2413793103448276,SIDE_CHAIN_LOSS,2,-29.405907076261894,72.82927978230433,pN/nm,0.014140829419818313,0.10328389052301601,347.6688768465035,1.0197745296247618,QC_FAILED,negative stiffness -29 pN/nm is unphysical | r2 0.01 below 0.5 | r2 0.10 below 0.5,779b297ee54d560c11b07397c92fa69e593a32de7fc748657547006a26ac50d5,False
1BPI_SEVERE_26_seed2,1BPI,1BPI,A,P00974,GCR_DEEP_SPACE_REFERENCE,SEVERE,A:26,A:15 A:17 A:26 A:39 A:42 A:46,6,108,LYS,0.43859649122807015,0.9284156018824997,4.0,medium,1,58.0,6517.570000000001,0.3448275862068966,0.2413793103448276,SIDE_CHAIN_LOSS,2,-29.405907076261894,22.755790619955903,pN/nm,0.014140829419818313,0.00966952334684923,177.38510007849976,1.0197745296247618,QC_FAILED,negative stiffness -29 pN/nm is unphysical | r2 0.01 below 0.5 | r2 0.01 below 0.5,779b297ee54d560c11b07397c92fa69e593a32de7fc748657547006a26ac50d5,False
1BPI_EXTREME_26_seed2,1BPI,1BPI,A,P00974,GCR_DEEP_SPACE_REFERENCE,EXTREME,A:26,A:10 A:15 A:17 A:26 A:39 A:41 A:42 A:46 A:52 A:53,10,172,LYS,0.43859649122807015,0.9284156018824997,4.0,medium,1,58.0,6517.570000000001,0.3448275862068966,0.2413793103448276,SIDE_CHAIN_LOSS,2,-29.405907076261894,-64.5716860279608,pN/nm,0.014140829419818313,0.04941287786771642,-119.58746540448226,1.0197745296247618,QC_FAILED,negative stiffness -29 pN/nm is unphysical | r2 0.01 below 0.5 | negative stiffness -65 pN/nm is unphysical | r2 0.05 below 0.5,779b297ee54d560c11b07397c92fa69e593a32de7fc748657547006a26ac50d5,False
1BPI_MILD_26_seed3,1BPI,1BPI,A,P00974,GCR_DEEP_SPACE_REFERENCE,MILD,A:26,A:26,1,17,LYS,0.43859649122807015,0.9284156018824997,4.0,medium,1,58.0,6517.570000000001,0.3448275862068966,0.2413793103448276,SIDE_CHAIN_LOSS,3,55.424294411910644,107.13143114230007,pN/nm,0.04227240836764046,0.17287214718062838,-93.29327017878572,1.112271801716412,QC_FAILED,r2 0.04 below 0.5 | r2 0.17 below 0.5,779b297ee54d560c11b07397c92fa69e593a32de7fc748657547006a26ac50d5,False
1BPI_MILD_17_seed3,1BPI,1BPI,A,P00974,GCR_DEEP_SPACE_REFERENCE,MILD,A:17,A:17,1,19,ARG,0.2807017543859649,1.0,8.0,medium,2,58.0,6517.570000000001,0.3448275862068966,0.2413793103448276,SIDE_CHAIN_LOSS,3,55.424294411910644,3.4306865300266858,pN/nm,0.04227240836764046,0.0005199152075455737,93.8101394588265,1.112271801716412,QC_FAILED,r2 0.04 below 0.5 | r2 0.00 below 0.5,779b297ee54d560c11b07397c92fa69e593a32de7fc748657547006a26ac50d5,False
1BPI_MILD_39_seed3,1BPI,1BPI,A,P00974,GCR_DEEP_SPACE_REFERENCE,MILD,A:39,A:39,1,19,ARG,0.6666666666666666,0.8526596592168807,6.0,medium,3,58.0,6517.570000000001,0.3448275862068966,0.2413793103448276,SIDE_CHAIN_LOSS,3,55.424294411910644,34.62499281911969,pN/nm,0.04227240836764046,0.019216612257003773,37.527408898003394,1.112271801716412,QC_FAILED,r2 0.04 below 0.5 | r2 0.02 below 0.5,779b297ee54d560c11b07397c92fa69e593a32de7fc748657547006a26ac50d5,False
1BPI_MILD_15_seed3,1BPI,1BPI,A,P00974,GCR_DEEP_SPACE_REFERENCE,MILD,A:15,A:15,1,17,LYS,0.24561403508771928,0.8416122738476467,6.0,medium,4,58.0,6517.570000000001,0.3448275862068966,0.2413793103448276,SIDE_CHAIN_LOSS,3,55.424294411910644,58.82095140807279,pN/nm,0.04227240836764046,0.09361966617462647,-6.128462314591422,1.112271801716412,QC_FAILED,r2 0.04 below 0.5 | r2 0.09 below 0.5,779b297ee54d560c11b07397c92fa69e593a32de7fc748657547006a26ac50d5,False
1BPI_MILD_42_seed3,1BPI,1BPI,A,P00974,GCR_DEEP_SPACE_REFERENCE,MILD,A:42,A:42,1,19,ARG,0.7192982456140351,0.7272298928216894,6.0,medium,6,58.0,6517.570000000001,0.3448275862068966,0.2413793103448276,SIDE_CHAIN_LOSS,3,55.424294411910644,57.643660635695426,pN/nm,0.04227240836764046,0.06902041702584605,-4.004320212523701,1.112271801716412,QC_FAILED,r2 0.04 below 0.5 | r2 0.07 below 0.5,779b297ee54d560c11b07397c92fa69e593a32de7fc748657547006a26ac50d5,False
1BPI_MODERATE_26_seed3,1BPI,1BPI,A,P00974,GCR_DEEP_SPACE_REFERENCE,MODERATE,A:26,A:17 A:26 A:39,3,55,LYS,0.43859649122807015,0.9284156018824997,4.0,medium,1,58.0,6517.570000000001,0.3448275862068966,0.2413793103448276,SIDE_CHAIN_LOSS,3,55.424294411910644,39.05026611713844,pN/nm,0.04227240836764046,0.043994977070385355,29.543052317601422,1.112271801716412,QC_FAILED,r2 0.04 below 0.5 | r2 0.04 below 0.5,779b297ee54d560c11b07397c92fa69e593a32de7fc748657547006a26ac50d5,False
1BPI_SEVERE_26_seed3,1BPI,1BPI,A,P00974,GCR_DEEP_SPACE_REFERENCE,SEVERE,A:26,A:15 A:17 A:26 A:39 A:42 A:46,6,108,LYS,0.43859649122807015,0.9284156018824997,4.0,medium,1,58.0,6517.570000000001,0.3448275862068966,0.2413793103448276,SIDE_CHAIN_LOSS,3,55.424294411910644,-59.49978827965224,pN/nm,0.04227240836764046,0.07195173843675162,207.35326251959606,1.112271801716412,QC_FAILED,r2 0.04 below 0.5 | negative stiffness -59 pN/nm is unphysical | r2 0.07 below 0.5,779b297ee54d560c11b07397c92fa69e593a32de7fc748657547006a26ac50d5,False
1BPI_EXTREME_26_seed3,1BPI,1BPI,A,P00974,GCR_DEEP_SPACE_REFERENCE,EXTREME,A:26,A:10 A:15 A:17 A:26 A:39 A:41 A:42 A:46 A:52 A:53,10,172,LYS,0.43859649122807015,0.9284156018824997,4.0,medium,1,58.0,6517.570000000001,0.3448275862068966,0.2413793103448276,SIDE_CHAIN_LOSS,3,55.424294411910644,17.514067164613017,pN/nm,0.04227240836764046,0.005609155068639904,68.40001780726458,1.112271801716412,QC_FAILED,r2 0.04 below 0.5 | r2 0.01 below 0.5,779b297ee54d560c11b07397c92fa69e593a32de7fc748657547006a26ac50d5,False
1BPI_MILD_26_seed4,1BPI,1BPI,A,P00974,GCR_DEEP_SPACE_REFERENCE,MILD,A:26,A:26,1,17,LYS,0.43859649122807015,0.9284156018824997,4.0,medium,1,58.0,6517.570000000001,0.3448275862068966,0.2413793103448276,SIDE_CHAIN_LOSS,4,21.903838250237786,48.62310239281106,pN/nm,0.005766703680375351,0.06247039454007963,-121.98439304254455,1.0345115195072057,QC_FAILED,r2 0.01 below 0.5 | r2 0.06 below 0.5,779b297ee54d560c11b07397c92fa69e593a32de7fc748657547006a26ac50d5,False
1BPI_MILD_17_seed4,1BPI,1BPI,A,P00974,GCR_DEEP_SPACE_REFERENCE,MILD,A:17,A:17,1,19,ARG,0.2807017543859649,1.0,8.0,medium,2,58.0,6517.570000000001,0.3448275862068966,0.2413793103448276,SIDE_CHAIN_LOSS,4,21.903838250237786,-6.630298213689068,pN/nm,0.005766703680375351,0.0005501605870950055,130.2700291060499,1.0345115195072057,QC_FAILED,r2 0.01 below 0.5 | negative stiffness -7 pN/nm is unphysical | r2 0.00 below 0.5,779b297ee54d560c11b07397c92fa69e593a32de7fc748657547006a26ac50d5,False
1BPI_MILD_39_seed4,1BPI,1BPI,A,P00974,GCR_DEEP_SPACE_REFERENCE,MILD,A:39,A:39,1,19,ARG,0.6666666666666666,0.8526596592168807,6.0,medium,3,58.0,6517.570000000001,0.3448275862068966,0.2413793103448276,SIDE_CHAIN_LOSS,4,21.903838250237786,33.463439731408236,pN/nm,0.005766703680375351,0.022037511816289546,-52.77431904449422,1.0345115195072057,QC_FAILED,r2 0.01 below 0.5 | r2 0.02 below 0.5,779b297ee54d560c11b07397c92fa69e593a32de7fc748657547006a26ac50d5,False
1BPI_MILD_15_seed4,1BPI,1BPI,A,P00974,GCR_DEEP_SPACE_REFERENCE,MILD,A:15,A:15,1,17,LYS,0.24561403508771928,0.8416122738476467,6.0,medium,4,58.0,6517.570000000001,0.3448275862068966,0.2413793103448276,SIDE_CHAIN_LOSS,4,21.903838250237786,57.45988772299802,pN/nm,0.005766703680375351,0.06073300378703128,-162.32794027491616,1.0345115195072057,QC_FAILED,r2 0.01 below 0.5 | r2 0.06 below 0.5,779b297ee54d560c11b07397c92fa69e593a32de7fc748657547006a26ac50d5,False
1BPI_MILD_42_seed4,1BPI,1BPI,A,P00974,GCR_DEEP_SPACE_REFERENCE,MILD,A:42,A:42,1,19,ARG,0.7192982456140351,0.7272298928216894,6.0,medium,6,58.0,6517.570000000001,0.3448275862068966,0.2413793103448276,SIDE_CHAIN_LOSS,4,21.903838250237786,8.257377926919732,pN/nm,0.005766703680375351,0.0016844666565439814,62.30168506275338,1.0345115195072057,QC_FAILED,r2 0.01 below 0.5 | r2 0.00 below 0.5,779b297ee54d560c11b07397c92fa69e593a32de7fc748657547006a26ac50d5,False
1BPI_MODERATE_26_seed4,1BPI,1BPI,A,P00974,GCR_DEEP_SPACE_REFERENCE,MODERATE,A:26,A:17 A:26 A:39,3,55,LYS,0.43859649122807015,0.9284156018824997,4.0,medium,1,58.0,6517.570000000001,0.3448275862068966,0.2413793103448276,SIDE_CHAIN_LOSS,4,21.903838250237786,185.3989854553343,pN/nm,0.005766703680375351,0.48125645696932984,-746.4223636846918,1.0345115195072057,QC_FAILED,r2 0.01 below 0.5 | r2 0.48 below 0.5,779b297ee54d560c11b07397c92fa69e593a32de7fc748657547006a26ac50d5,False
1BPI_SEVERE_26_seed4,1BPI,1BPI,A,P00974,GCR_DEEP_SPACE_REFERENCE,SEVERE,A:26,A:15 A:17 A:26 A:39 A:42 A:46,6,108,LYS,0.43859649122807015,0.9284156018824997,4.0,medium,1,58.0,6517.570000000001,0.3448275862068966,0.2413793103448276,SIDE_CHAIN_LOSS,4,21.903838250237786,84.80516965394244,pN/nm,0.005766703680375351,0.1334835869102018,-287.1703611261912,1.0345115195072057,QC_FAILED,r2 0.01 below 0.5 | r2 0.13 below 0.5,779b297ee54d560c11b07397c92fa69e593a32de7fc748657547006a26ac50d5,False
1BPI_EXTREME_26_seed4,1BPI,1BPI,A,P00974,GCR_DEEP_SPACE_REFERENCE,EXTREME,A:26,A:10 A:15 A:17 A:26 A:39 A:41 A:42 A:46 A:52 A:53,10,172,LYS,0.43859649122807015,0.9284156018824997,4.0,medium,1,58.0,6517.570000000001,0.3448275862068966,0.2413793103448276,SIDE_CHAIN_LOSS,4,21.903838250237786,162.07024296386444,pN/nm,0.005766703680375351,0.3524515093755225,-639.917091754935,1.0345115195072057,QC_FAILED,r2 0.01 below 0.5 | r2 0.35 below 0.5,779b297ee54d560c11b07397c92fa69e593a32de7fc748657547006a26ac50d5,False
1BPI_MILD_26_seed5,1BPI,1BPI,A,P00974,GCR_DEEP_SPACE_REFERENCE,MILD,A:26,A:26,1,17,LYS,0.43859649122807015,0.9284156018824997,4.0,medium,1,58.0,6517.570000000001,0.3448275862068966,0.2413793103448276,SIDE_CHAIN_LOSS,5,12.250027629361803,-113.96266296134655,pN/nm,0.0017893767808122574,0.20027159468717193,1030.305354480933,1.0070101013361659,QC_FAILED,r2 0.00 below 0.5 | negative stiffness -114 pN/nm is unphysical | r2 0.20 below 0.5,779b297ee54d560c11b07397c92fa69e593a32de7fc748657547006a26ac50d5,False
1BPI_MILD_17_seed5,1BPI,1BPI,A,P00974,GCR_DEEP_SPACE_REFERENCE,MILD,A:17,A:17,1,19,ARG,0.2807017543859649,1.0,8.0,medium,2,58.0,6517.570000000001,0.3448275862068966,0.2413793103448276,SIDE_CHAIN_LOSS,5,12.250027629361803,38.25708251962754,pN/nm,0.0017893767808122574,0.03171289460278248,-212.30201006183887,1.0070101013361659,QC_FAILED,r2 0.00 below 0.5 | r2 0.03 below 0.5,779b297ee54d560c11b07397c92fa69e593a32de7fc748657547006a26ac50d5,False
1BPI_MILD_39_seed5,1BPI,1BPI,A,P00974,GCR_DEEP_SPACE_REFERENCE,MILD,A:39,A:39,1,19,ARG,0.6666666666666666,0.8526596592168807,6.0,medium,3,58.0,6517.570000000001,0.3448275862068966,0.2413793103448276,SIDE_CHAIN_LOSS,5,12.250027629361803,-55.51644999675494,pN/nm,0.0017893767808122574,0.05753750226882204,553.1944880164095,1.0070101013361659,QC_FAILED,r2 0.00 below 0.5 | negative stiffness -56 pN/nm is unphysical | r2 0.06 below 0.5,779b297ee54d560c11b07397c92fa69e593a32de7fc748657547006a26ac50d5,False
1BPI_MILD_15_seed5,1BPI,1BPI,A,P00974,GCR_DEEP_SPACE_REFERENCE,MILD,A:15,A:15,1,17,LYS,0.24561403508771928,0.8416122738476467,6.0,medium,4,58.0,6517.570000000001,0.3448275862068966,0.2413793103448276,SIDE_CHAIN_LOSS,5,12.250027629361803,-6.4901339100663265,pN/nm,0.0017893767808122574,0.00119391773294808,152.98056548468736,1.0070101013361659,QC_FAILED,r2 0.00 below 0.5 | negative stiffness -6 pN/nm is unphysical | r2 0.00 below 0.5,779b297ee54d560c11b07397c92fa69e593a32de7fc748657547006a26ac50d5,False
1BPI_MILD_42_seed5,1BPI,1BPI,A,P00974,GCR_DEEP_SPACE_REFERENCE,MILD,A:42,A:42,1,19,ARG,0.7192982456140351,0.7272298928216894,6.0,medium,6,58.0,6517.570000000001,0.3448275862068966,0.2413793103448276,SIDE_CHAIN_LOSS,5,12.250027629361803,116.35155747590014,pN/nm,0.0017893767808122574,0.12646864008720704,-849.8064902075798,1.0070101013361659,QC_FAILED,r2 0.00 below 0.5 | r2 0.13 below 0.5,779b297ee54d560c11b07397c92fa69e593a32de7fc748657547006a26ac50d5,False
1BPI_MODERATE_26_seed5,1BPI,1BPI,A,P00974,GCR_DEEP_SPACE_REFERENCE,MODERATE,A:26,A:17 A:26 A:39,3,55,LYS,0.43859649122807015,0.9284156018824997,4.0,medium,1,58.0,6517.570000000001,0.3448275862068966,0.2413793103448276,SIDE_CHAIN_LOSS,5,12.250027629361803,-11.894634382827698,pN/nm,0.0017893767808122574,0.0017629095006150841,197.0988371839891,1.0070101013361659,QC_FAILED,r2 0.00 below 0.5 | negative stiffness -12 pN/nm is unphysical | r2 0.00 below 0.5,779b297ee54d560c11b07397c92fa69e593a32de7fc748657547006a26ac50d5,False
1BPI_SEVERE_26_seed5,1BPI,1BPI,A,P00974,GCR_DEEP_SPACE_REFERENCE,SEVERE,A:26,A:15 A:17 A:26 A:39 A:42 A:46,6,108,LYS,0.43859649122807015,0.9284156018824997,4.0,medium,1,58.0,6517.570000000001,0.3448275862068966,0.2413793103448276,SIDE_CHAIN_LOSS,5,12.250027629361803,-86.6282924399612,pN/nm,0.0017893767808122574,0.18123514008043207,807.1681392156528,1.0070101013361659,QC_FAILED,r2 0.00 below 0.5 | negative stiffness -87 pN/nm is unphysical | r2 0.18 below 0.5,779b297ee54d560c11b07397c92fa69e593a32de7fc748657547006a26ac50d5,False
1BPI_EXTREME_26_seed5,1BPI,1BPI,A,P00974,GCR_DEEP_SPACE_REFERENCE,EXTREME,A:26,A:10 A:15 A:17 A:26 A:39 A:41 A:42 A:46 A:52 A:53,10,172,LYS,0.43859649122807015,0.9284156018824997,4.0,medium,1,58.0,6517.570000000001,0.3448275862068966,0.2413793103448276,SIDE_CHAIN_LOSS,5,12.250027629361803,34.2125668456383,pN/nm,0.0017893767808122574,0.026629967731657156,-179.285630047356,1.0070101013361659,QC_FAILED,r2 0.00 below 0.5 | r2 0.03 below 0.5,779b297ee54d560c11b07397c92fa69e593a32de7fc748657547006a26ac50d5,False
1BDD_MILD_59_seed1,1BDD,1BDD,A,P38507,GCR_DEEP_SPACE_REFERENCE,MILD,A:59,A:59,1,17,LYS,0.9830508474576272,1.0,4.0,medium,1,60.0,6770.46,0.35,0.26666666666666666,SIDE_CHAIN_LOSS,1,60.42054094598401,183.58054199169712,pN/nm,0.06157462999135421,0.39866801784844474,-203.83796489974858,4.59284261878013,QC_FAILED,r2 0.06 below 0.5 | r2 0.40 below 0.5,779b297ee54d560c11b07397c92fa69e593a32de7fc748657547006a26ac50d5,False
1BDD_MILD_5_seed1,1BDD,1BDD,A,P38507,GCR_DEEP_SPACE_REFERENCE,MILD,A:5,A:5,1,17,LYS,0.06779661016949153,0.7428632000235155,4.0,medium,3,60.0,6770.46,0.35,0.26666666666666666,SIDE_CHAIN_LOSS,1,60.42054094598401,175.19362728336478,pN/nm,0.06157462999135421,0.3522464672839797,-189.95706516429232,4.59284261878013,QC_FAILED,r2 0.06 below 0.5 | r2 0.35 below 0.5,779b297ee54d560c11b07397c92fa69e593a32de7fc748657547006a26ac50d5,False
1BDD_MILD_15_seed1,1BDD,1BDD,A,P38507,GCR_DEEP_SPACE_REFERENCE,MILD,A:15,A:15,1,16,TYR,0.23728813559322035,0.6647356145016006,8.0,high,4,60.0,6770.46,0.35,0.26666666666666666,SIDE_CHAIN_LOSS,1,60.42054094598401,47.86279639837932,pN/nm,0.06157462999135421,0.0752358919739553,20.783899566260622,4.59284261878013,QC_FAILED,r2 0.06 below 0.5 | r2 0.08 below 0.5,779b297ee54d560c11b07397c92fa69e593a32de7fc748657547006a26ac50d5,False
1BDD_MILD_19_seed1,1BDD,1BDD,A,P38507,GCR_DEEP_SPACE_REFERENCE,MILD,A:19,A:19,1,12,HIS,0.3050847457627119,0.5265356553034117,6.0,high,5,60.0,6770.46,0.35,0.26666666666666666,SIDE_CHAIN_LOSS,1,60.42054094598401,103.83766381513185,pN/nm,0.06157462999135421,0.17479722163000333,-71.85821607913569,4.59284261878013,QC_FAILED,r2 0.06 below 0.5 | r2 0.17 below 0.5,779b297ee54d560c11b07397c92fa69e593a32de7fc748657547006a26ac50d5,False
1BDD_MILD_8_seed1,1BDD,1BDD,A,P38507,GCR_DEEP_SPACE_REFERENCE,MILD,A:8,A:8,1,17,LYS,0.11864406779661017,0.7318774739245283,6.0,medium,6,60.0,6770.46,0.35,0.26666666666666666,SIDE_CHAIN_LOSS,1,60.42054094598401,112.60886332387125,pN/nm,0.06157462999135421,0.20245353078705075,-86.3751326300498,4.59284261878013,QC_FAILED,r2 0.06 below 0.5 | r2 0.20 below 0.5,779b297ee54d560c11b07397c92fa69e593a32de7fc748657547006a26ac50d5,False
1BDD_MODERATE_59_seed1,1BDD,1BDD,A,P38507,GCR_DEEP_SPACE_REFERENCE,MODERATE,A:59,A:5 A:15 A:59,3,50,LYS,0.9830508474576272,1.0,4.0,medium,1,60.0,6770.46,0.35,0.26666666666666666,SIDE_CHAIN_LOSS,1,60.42054094598401,177.32587181400308,pN/nm,0.06157462999135421,0.4692523181621403,-193.48607118981687,4.59284261878013,QC_FAILED,r2 0.06 below 0.5 | r2 0.47 below 0.5,779b297ee54d560c11b07397c92fa69e593a32de7fc748657547006a26ac50d5,False
1BDD_SEVERE_59_seed1,1BDD,1BDD,A,P38507,GCR_DEEP_SPACE_REFERENCE,SEVERE,A:59,A:4 A:5 A:8 A:15 A:19 A:59,6,88,LYS,0.9830508474576272,1.0,4.0,medium,1,60.0,6770.46,0.35,0.26666666666666666,SIDE_CHAIN_LOSS,1,60.42054094598401,26.044985103963896,pN/nm,0.06157462999135421,0.022837162925143595,56.89382336505705,4.59284261878013,QC_FAILED,r2 0.06 below 0.5 | r2 0.02 below 0.5,779b297ee54d560c11b07397c92fa69e593a32de7fc748657547006a26ac50d5,False
1BDD_EXTREME_59_seed1,1BDD,1BDD,A,P38507,GCR_DEEP_SPACE_REFERENCE,EXTREME,A:59,A:3 A:4 A:5 A:8 A:15 A:19 A:26 A:27 A:33 A:41 A:51 A:59,12,158,LYS,0.9830508474576272,1.0,4.0,medium,1,60.0,6770.46,0.35,0.26666666666666666,SIDE_CHAIN_LOSS,1,60.42054094598401,54.126765881486925,pN/nm,0.06157462999135421,0.0818206424624659,10.4166148895021,4.59284261878013,QC_FAILED,r2 0.06 below 0.5 | r2 0.08 below 0.5,779b297ee54d560c11b07397c92fa69e593a32de7fc748657547006a26ac50d5,False
1BDD_MILD_59_seed2,1BDD,1BDD,A,P38507,GCR_DEEP_SPACE_REFERENCE,MILD,A:59,A:59,1,17,LYS,0.9830508474576272,1.0,4.0,medium,1,60.0,6770.46,0.35,0.26666666666666666,SIDE_CHAIN_LOSS,2,215.2863834933716,162.8129659012521,pN/nm,0.3890105584621496,0.3764795378042395,24.373774476886542,4.782289775473628,QC_FAILED,r2 0.39 below 0.5 | r2 0.38 below 0.5,779b297ee54d560c11b07397c92fa69e593a32de7fc748657547006a26ac50d5,False
1BDD_MILD_5_seed2,1BDD,1BDD,A,P38507,GCR_DEEP_SPACE_REFERENCE,MILD,A:5,A:5,1,17,LYS,0.06779661016949153,0.7428632000235155,4.0,medium,3,60.0,6770.46,0.35,0.26666666666666666,SIDE_CHAIN_LOSS,2,215.2863834933716,-33.85477980611128,pN/nm,0.3890105584621496,0.025875123972620817,115.7254626403967,4.782289775473628,QC_FAILED,r2 0.39 below 0.5 | negative stiffness -34 pN/nm is unphysical | r2 0.03 below 0.5,779b297ee54d560c11b07397c92fa69e593a32de7fc748657547006a26ac50d5,False
1BDD_MILD_15_seed2,1BDD,1BDD,A,P38507,GCR_DEEP_SPACE_REFERENCE,MILD,A:15,A:15,1,16,TYR,0.23728813559322035,0.6647356145016006,8.0,high,4,60.0,6770.46,0.35,0.26666666666666666,SIDE_CHAIN_LOSS,2,215.2863834933716,228.88217506093005,pN/nm,0.3890105584621496,0.4818969244343301,-6.315212019889334,4.782289775473628,QC_FAILED,r2 0.39 below 0.5 | r2 0.48 below 0.5,779b297ee54d560c11b07397c92fa69e593a32de7fc748657547006a26ac50d5,False
1BDD_MILD_19_seed2,1BDD,1BDD,A,P38507,GCR_DEEP_SPACE_REFERENCE,MILD,A:19,A:19,1,12,HIS,0.3050847457627119,0.5265356553034117,6.0,high,5,60.0,6770.46,0.35,0.26666666666666666,SIDE_CHAIN_LOSS,2,215.2863834933716,43.431212730291115,pN/nm,0.3890105584621496,0.03782789877777215,79.82630762542941,4.782289775473628,QC_FAILED,r2 0.39 below 0.5 | r2 0.04 below 0.5,779b297ee54d560c11b07397c92fa69e593a32de7fc748657547006a26ac50d5,False
1BDD_MILD_8_seed2,1BDD,1BDD,A,P38507,GCR_DEEP_SPACE_REFERENCE,MILD,A:8,A:8,1,17,LYS,0.11864406779661017,0.7318774739245283,6.0,medium,6,60.0,6770.46,0.35,0.26666666666666666,SIDE_CHAIN_LOSS,2,215.2863834933716,41.72109372376656,pN/nm,0.3890105584621496,0.04061329985577178,80.62065373258913,4.782289775473628,QC_FAILED,r2 0.39 below 0.5 | r2 0.04 below 0.5,779b297ee54d560c11b07397c92fa69e593a32de7fc748657547006a26ac50d5,False
1BDD_MODERATE_59_seed2,1BDD,1BDD,A,P38507,GCR_DEEP_SPACE_REFERENCE,MODERATE,A:59,A:5 A:15 A:59,3,50,LYS,0.9830508474576272,1.0,4.0,medium,1,60.0,6770.46,0.35,0.26666666666666666,SIDE_CHAIN_LOSS,2,215.2863834933716,282.79471727914296,pN/nm,0.3890105584621496,0.5984455939100899,-31.35745637524254,4.782289775473628,QC_FAILED,r2 0.39 below 0.5,779b297ee54d560c11b07397c92fa69e593a32de7fc748657547006a26ac50d5,False
1BDD_SEVERE_59_seed2,1BDD,1BDD,A,P38507,GCR_DEEP_SPACE_REFERENCE,SEVERE,A:59,A:4 A:5 A:8 A:15 A:19 A:59,6,88,LYS,0.9830508474576272,1.0,4.0,medium,1,60.0,6770.46,0.35,0.26666666666666666,SIDE_CHAIN_LOSS,2,215.2863834933716,35.97895268192076,pN/nm,0.3890105584621496,0.06184496712826548,83.28786424013272,4.782289775473628,QC_FAILED,r2 0.39 below 0.5 | r2 0.06 below 0.5,779b297ee54d560c11b07397c92fa69e593a32de7fc748657547006a26ac50d5,False
1BDD_EXTREME_59_seed2,1BDD,1BDD,A,P38507,GCR_DEEP_SPACE_REFERENCE,EXTREME,A:59,A:3 A:4 A:5 A:8 A:15 A:19 A:26 A:27 A:33 A:41 A:51 A:59,12,158,LYS,0.9830508474576272,1.0,4.0,medium,1,60.0,6770.46,0.35,0.26666666666666666,SIDE_CHAIN_LOSS,2,215.2863834933716,64.55338892269765,pN/nm,0.3890105584621496,0.11149394737752771,70.01510830586962,4.782289775473628,QC_FAILED,r2 0.39 below 0.5 | r2 0.11 below 0.5,779b297ee54d560c11b07397c92fa69e593a32de7fc748657547006a26ac50d5,False
1BDD_MILD_59_seed3,1BDD,1BDD,A,P38507,GCR_DEEP_SPACE_REFERENCE,MILD,A:59,A:59,1,17,LYS,0.9830508474576272,1.0,4.0,medium,1,60.0,6770.46,0.35,0.26666666666666666,SIDE_CHAIN_LOSS,3,53.80309931924298,63.9855805122673,pN/nm,0.08843298020535606,0.09342611127694334,-18.925454707741146,4.344172907672789,QC_FAILED,r2 0.09 below 0.5 | r2 0.09 below 0.5,779b297ee54d560c11b07397c92fa69e593a32de7fc748657547006a26ac50d5,False
1BDD_MILD_5_seed3,1BDD,1BDD,A,P38507,GCR_DEEP_SPACE_REFERENCE,MILD,A:5,A:5,1,17,LYS,0.06779661016949153,0.7428632000235155,4.0,medium,3,60.0,6770.46,0.35,0.26666666666666666,SIDE_CHAIN_LOSS,3,53.80309931924298,14.778766640616364,pN/nm,0.08843298020535606,0.00742374294128989,72.5317559255724,4.344172907672789,QC_FAILED,r2 0.09 below 0.5 | r2 0.01 below 0.5,779b297ee54d560c11b07397c92fa69e593a32de7fc748657547006a26ac50d5,False
1BDD_MILD_15_seed3,1BDD,1BDD,A,P38507,GCR_DEEP_SPACE_REFERENCE,MILD,A:15,A:15,1,16,TYR,0.23728813559322035,0.6647356145016006,8.0,high,4,60.0,6770.46,0.35,0.26666666666666666,SIDE_CHAIN_LOSS,3,53.80309931924298,53.337965475169774,pN/nm,0.08843298020535606,0.10018762152041338,0.8645112455572793,4.344172907672789,QC_FAILED,r2 0.09 below 0.5 | r2 0.10 below 0.5,779b297ee54d560c11b07397c92fa69e593a32de7fc748657547006a26ac50d5,False
1BDD_MILD_19_seed3,1BDD,1BDD,A,P38507,GCR_DEEP_SPACE_REFERENCE,MILD,A:19,A:19,1,12,HIS,0.3050847457627119,0.5265356553034117,6.0,high,5,60.0,6770.46,0.35,0.26666666666666666,SIDE_CHAIN_LOSS,3,53.80309931924298,35.602169400732535,pN/nm,0.08843298020535606,0.052393682862252766,33.828775941910806,4.344172907672789,QC_FAILED,r2 0.09 below 0.5 | r2 0.05 below 0.5,779b297ee54d560c11b07397c92fa69e593a32de7fc748657547006a26ac50d5,False
1BDD_MILD_8_seed3,1BDD,1BDD,A,P38507,GCR_DEEP_SPACE_REFERENCE,MILD,A:8,A:8,1,17,LYS,0.11864406779661017,0.7318774739245283,6.0,medium,6,60.0,6770.46,0.35,0.26666666666666666,SIDE_CHAIN_LOSS,3,53.80309931924298,100.63896895398707,pN/nm,0.08843298020535606,0.2210799951193334,-87.05050494738504,4.344172907672789,QC_FAILED,r2 0.09 below 0.5 | r2 0.22 below 0.5,779b297ee54d560c11b07397c92fa69e593a32de7fc748657547006a26ac50d5,False
1BDD_MODERATE_59_seed3,1BDD,1BDD,A,P38507,GCR_DEEP_SPACE_REFERENCE,MODERATE,A:59,A:5 A:15 A:59,3,50,LYS,0.9830508474576272,1.0,4.0,medium,1,60.0,6770.46,0.35,0.26666666666666666,SIDE_CHAIN_LOSS,3,53.80309931924298,-40.14577088995067,pN/nm,0.08843298020535606,0.05889924840015959,174.61609349257748,4.344172907672789,QC_FAILED,r2 0.09 below 0.5 | negative stiffness -40 pN/nm is unphysical | r2 0.06 below 0.5,779b297ee54d560c11b07397c92fa69e593a32de7fc748657547006a26ac50d5,False
1BDD_SEVERE_59_seed3,1BDD,1BDD,A,P38507,GCR_DEEP_SPACE_REFERENCE,SEVERE,A:59,A:4 A:5 A:8 A:15 A:19 A:59,6,88,LYS,0.9830508474576272,1.0,4.0,medium,1,60.0,6770.46,0.35,0.26666666666666666,SIDE_CHAIN_LOSS,3,53.80309931924298,85.10238641115254,pN/nm,0.08843298020535606,0.15870798434766586,-58.17376227007649,4.344172907672789,QC_FAILED,r2 0.09 below 0.5 | r2 0.16 below 0.5,779b297ee54d560c11b07397c92fa69e593a32de7fc748657547006a26ac50d5,False
1BDD_EXTREME_59_seed3,1BDD,1BDD,A,P38507,GCR_DEEP_SPACE_REFERENCE,EXTREME,A:59,A:3 A:4 A:5 A:8 A:15 A:19 A:26 A:27 A:33 A:41 A:51 A:59,12,158,LYS,0.9830508474576272,1.0,4.0,medium,1,60.0,6770.46,0.35,0.26666666666666666,SIDE_CHAIN_LOSS,3,53.80309931924298,100.46884673463758,pN/nm,0.08843298020535606,0.18371527983497293,-86.73431085912244,4.344172907672789,QC_FAILED,r2 0.09 below 0.5 | r2 0.18 below 0.5,779b297ee54d560c11b07397c92fa69e593a32de7fc748657547006a26ac50d5,False
1BDD_MILD_59_seed4,1BDD,1BDD,A,P38507,GCR_DEEP_SPACE_REFERENCE,MILD,A:59,A:59,1,17,LYS,0.9830508474576272,1.0,4.0,medium,1,60.0,6770.46,0.35,0.26666666666666666,SIDE_CHAIN_LOSS,4,124.71829755992826,37.20940439378238,pN/nm,0.2486927135320608,0.05997249054072351,70.16524028809572,4.524234209011293,QC_FAILED,r2 0.25 below 0.5 | r2 0.06 below 0.5,779b297ee54d560c11b07397c92fa69e593a32de7fc748657547006a26ac50d5,False
1BDD_MILD_5_seed4,1BDD,1BDD,A,P38507,GCR_DEEP_SPACE_REFERENCE,MILD,A:5,A:5,1,17,LYS,0.06779661016949153,0.7428632000235155,4.0,medium,3,60.0,6770.46,0.35,0.26666666666666666,SIDE_CHAIN_LOSS,4,124.71829755992826,185.75650019948506,pN/nm,0.2486927135320608,0.5027049197655071,-48.94085618048739,4.524234209011293,QC_FAILED,r2 0.25 below 0.5,779b297ee54d560c11b07397c92fa69e593a32de7fc748657547006a26ac50d5,False
1BDD_MILD_15_seed4,1BDD,1BDD,A,P38507,GCR_DEEP_SPACE_REFERENCE,MILD,A:15,A:15,1,16,TYR,0.23728813559322035,0.6647356145016006,8.0,high,4,60.0,6770.46,0.35,0.26666666666666666,SIDE_CHAIN_LOSS,4,124.71829755992826,177.2341188104892,pN/nm,0.2486927135320608,0.3446421471834782,-42.10755140024793,4.524234209011293,QC_FAILED,r2 0.25 below 0.5 | r2 0.34 below 0.5,779b297ee54d560c11b07397c92fa69e593a32de7fc748657547006a26ac50d5,False
1BDD_MILD_19_seed4,1BDD,1BDD,A,P38507,GCR_DEEP_SPACE_REFERENCE,MILD,A:19,A:19,1,12,HIS,0.3050847457627119,0.5265356553034117,6.0,high,5,60.0,6770.46,0.35,0.26666666666666666,SIDE_CHAIN_LOSS,4,124.71829755992826,35.56283465527753,pN/nm,0.2486927135320608,0.04370739056828965,71.48547137745425,4.524234209011293,QC_FAILED,r2 0.25 below 0.5 | r2 0.04 below 0.5,779b297ee54d560c11b07397c92fa69e593a32de7fc748657547006a26ac50d5,False
1BDD_MILD_8_seed4,1BDD,1BDD,A,P38507,GCR_DEEP_SPACE_REFERENCE,MILD,A:8,A:8,1,17,LYS,0.11864406779661017,0.7318774739245283,6.0,medium,6,60.0,6770.46,0.35,0.26666666666666666,SIDE_CHAIN_LOSS,4,124.71829755992826,77.9263673499005,pN/nm,0.2486927135320608,0.11812278891630401,37.51809568082327,4.524234209011293,QC_FAILED,r2 0.25 below 0.5 | r2 0.12 below 0.5,779b297ee54d560c11b07397c92fa69e593a32de7fc748657547006a26ac50d5,False
1BDD_MODERATE_59_seed4,1BDD,1BDD,A,P38507,GCR_DEEP_SPACE_REFERENCE,MODERATE,A:59,A:5 A:15 A:59,3,50,LYS,0.9830508474576272,1.0,4.0,medium,1,60.0,6770.46,0.35,0.26666666666666666,SIDE_CHAIN_LOSS,4,124.71829755992826,-25.85512917530052,pN/nm,0.2486927135320608,0.040209027046550494,120.73082272701558,4.524234209011293,QC_FAILED,r2 0.25 below 0.5 | negative stiffness -26 pN/nm is unphysical | r2 0.04 below 0.5,779b297ee54d560c11b07397c92fa69e593a32de7fc748657547006a26ac50d5,False
1BDD_SEVERE_59_seed4,1BDD,1BDD,A,P38507,GCR_DEEP_SPACE_REFERENCE,SEVERE,A:59,A:4 A:5 A:8 A:15 A:19 A:59,6,88,LYS,0.9830508474576272,1.0,4.0,medium,1,60.0,6770.46,0.35,0.26666666666666666,SIDE_CHAIN_LOSS,4,124.71829755992826,75.52996095693217,pN/nm,0.2486927135320608,0.15022528816319136,39.43955102446829,4.524234209011293,QC_FAILED,r2 0.25 below 0.5 | r2 0.15 below 0.5,779b297ee54d560c11b07397c92fa69e593a32de7fc748657547006a26ac50d5,False
1BDD_EXTREME_59_seed4,1BDD,1BDD,A,P38507,GCR_DEEP_SPACE_REFERENCE,EXTREME,A:59,A:3 A:4 A:5 A:8 A:15 A:19 A:26 A:27 A:33 A:41 A:51 A:59,12,158,LYS,0.9830508474576272,1.0,4.0,medium,1,60.0,6770.46,0.35,0.26666666666666666,SIDE_CHAIN_LOSS,4,124.71829755992826,37.71130533675088,pN/nm,0.2486927135320608,0.03944650976720021,69.76281261486089,4.524234209011293,QC_FAILED,r2 0.25 below 0.5 | r2 0.04 below 0.5,779b297ee54d560c11b07397c92fa69e593a32de7fc748657547006a26ac50d5,False
1BDD_MILD_59_seed5,1BDD,1BDD,A,P38507,GCR_DEEP_SPACE_REFERENCE,MILD,A:59,A:59,1,17,LYS,0.9830508474576272,1.0,4.0,medium,1,60.0,6770.46,0.35,0.26666666666666666,SIDE_CHAIN_LOSS,5,49.01658612821768,-2.1202764267505025,pN/nm,0.041300059504988273,0.00010088777901706703,104.32563055534769,4.995617989949409,QC_FAILED,r2 0.04 below 0.5 | negative stiffness -2 pN/nm is unphysical | r2 0.00 below 0.5,779b297ee54d560c11b07397c92fa69e593a32de7fc748657547006a26ac50d5,False
1BDD_MILD_5_seed5,1BDD,1BDD,A,P38507,GCR_DEEP_SPACE_REFERENCE,MILD,A:5,A:5,1,17,LYS,0.06779661016949153,0.7428632000235155,4.0,medium,3,60.0,6770.46,0.35,0.26666666666666666,SIDE_CHAIN_LOSS,5,49.01658612821768,24.946555610793617,pN/nm,0.041300059504988273,0.02763990946796191,49.10588928911049,4.995617989949409,QC_FAILED,r2 0.04 below 0.5 | r2 0.03 below 0.5,779b297ee54d560c11b07397c92fa69e593a32de7fc748657547006a26ac50d5,False
1BDD_MILD_15_seed5,1BDD,1BDD,A,P38507,GCR_DEEP_SPACE_REFERENCE,MILD,A:15,A:15,1,16,TYR,0.23728813559322035,0.6647356145016006,8.0,high,4,60.0,6770.46,0.35,0.26666666666666666,SIDE_CHAIN_LOSS,5,49.01658612821768,157.14824086084656,pN/nm,0.041300059504988273,0.2549477001176683,-220.60217423093866,4.995617989949409,QC_FAILED,r2 0.04 below 0.5 | r2 0.25 below 0.5,779b297ee54d560c11b07397c92fa69e593a32de7fc748657547006a26ac50d5,False
1BDD_MILD_19_seed5,1BDD,1BDD,A,P38507,GCR_DEEP_SPACE_REFERENCE,MILD,A:19,A:19,1,12,HIS,0.3050847457627119,0.5265356553034117,6.0,high,5,60.0,6770.46,0.35,0.26666666666666666,SIDE_CHAIN_LOSS,5,49.01658612821768,58.840625356123354,pN/nm,0.041300059504988273,0.04647580777293092,-20.04227549060216,4.995617989949409,QC_FAILED,r2 0.04 below 0.5 | r2 0.05 below 0.5,779b297ee54d560c11b07397c92fa69e593a32de7fc748657547006a26ac50d5,False
1BDD_MILD_8_seed5,1BDD,1BDD,A,P38507,GCR_DEEP_SPACE_REFERENCE,MILD,A:8,A:8,1,17,LYS,0.11864406779661017,0.7318774739245283,6.0,medium,6,60.0,6770.46,0.35,0.26666666666666666,SIDE_CHAIN_LOSS,5,49.01658612821768,93.73483513306768,pN/nm,0.041300059504988273,0.19346808069474197,-91.23085171185915,4.995617989949409,QC_FAILED,r2 0.04 below 0.5 | r2 0.19 below 0.5,779b297ee54d560c11b07397c92fa69e593a32de7fc748657547006a26ac50d5,False
1BDD_MODERATE_59_seed5,1BDD,1BDD,A,P38507,GCR_DEEP_SPACE_REFERENCE,MODERATE,A:59,A:5 A:15 A:59,3,50,LYS,0.9830508474576272,1.0,4.0,medium,1,60.0,6770.46,0.35,0.26666666666666666,SIDE_CHAIN_LOSS,5,49.01658612821768,46.55369397897895,pN/nm,0.041300059504988273,0.03481937729836393,5.024609716385175,4.995617989949409,QC_FAILED,r2 0.04 below 0.5 | r2 0.03 below 0.5,779b297ee54d560c11b07397c92fa69e593a32de7fc748657547006a26ac50d5,False
1BDD_SEVERE_59_seed5,1BDD,1BDD,A,P38507,GCR_DEEP_SPACE_REFERENCE,SEVERE,A:59,A:4 A:5 A:8 A:15 A:19 A:59,6,88,LYS,0.9830508474576272,1.0,4.0,medium,1,60.0,6770.46,0.35,0.26666666666666666,SIDE_CHAIN_LOSS,5,49.01658612821768,-33.22831641411671,pN/nm,0.041300059504988273,0.01894833253854511,167.78994425927175,4.995617989949409,QC_FAILED,r2 0.04 below 0.5 | negative stiffness -33 pN/nm is unphysical | r2 0.02 below 0.5,779b297ee54d560c11b07397c92fa69e593a32de7fc748657547006a26ac50d5,False
1BDD_EXTREME_59_seed5,1BDD,1BDD,A,P38507,GCR_DEEP_SPACE_REFERENCE,EXTREME,A:59,A:3 A:4 A:5 A:8 A:15 A:19 A:26 A:27 A:33 A:41 A:51 A:59,12,158,LYS,0.9830508474576272,1.0,4.0,medium,1,60.0,6770.46,0.35,0.26666666666666666,SIDE_CHAIN_LOSS,5,49.01658612821768,5.675222770637673,pN/nm,0.041300059504988273,0.0006284898926817162,88.42183183506003,4.995617989949409,QC_FAILED,r2 0.04 below 0.5 | r2 0.00 below 0.5,779b297ee54d560c11b07397c92fa69e593a32de7fc748657547006a26ac50d5,False
1VII_MILD_64_seed1,1VII,1VII,A,P68104,GCR_DEEP_SPACE_REFERENCE,MILD,A:64,A:64,1,0,TRP,0.6571428571428571,0.7015519331737847,6.0,high,3,36.0,4189.900000000001,0.4444444444444444,0.2777777777777778,SIDE_CHAIN_LOSS,1,69.2897076941916,-52.98276024636405,pN/nm,0.11084733207529929,0.0866011525671847,176.4655560104282,1.7341462185889467,QC_FAILED,r2 0.11 below 0.5 | negative stiffness -53 pN/nm is unphysical | r2 0.09 below 0.5,779b297ee54d560c11b07397c92fa69e593a32de7fc748657547006a26ac50d5,False
1VII_MILD_53_seed1,1VII,1VII,A,P68104,GCR_DEEP_SPACE_REFERENCE,MILD,A:53,A:53,1,0,MET,0.34285714285714286,0.6155210801780016,8.0,high,4,36.0,4189.900000000001,0.4444444444444444,0.2777777777777778,SIDE_CHAIN_LOSS,1,69.2897076941916,-34.29730497234975,pN/nm,0.11084733207529929,0.02836928566418928,149.4984119773171,1.7341462185889467,QC_FAILED,r2 0.11 below 0.5 | negative stiffness -34 pN/nm is unphysical | r2 0.03 below 0.5,779b297ee54d560c11b07397c92fa69e593a32de7fc748657547006a26ac50d5,False
1VII_MILD_60_seed1,1VII,1VII,A,P68104,GCR_DEEP_SPACE_REFERENCE,MILD,A:60,A:60,1,0,ASN,0.5428571428571428,0.5395314253237307,6.0,medium,5,36.0,4189.900000000001,0.4444444444444444,0.2777777777777778,SIDE_CHAIN_LOSS,1,69.2897076941916,26.182346429655265,pN/nm,0.11084733207529929,0.01931352442805956,62.21322429990555,1.7341462185889467,QC_FAILED,r2 0.11 below 0.5 | r2 0.02 below 0.5,779b297ee54d560c11b07397c92fa69e593a32de7fc748657547006a26ac50d5,False
1VII_MILD_48_seed1,1VII,1VII,A,P68104,GCR_DEEP_SPACE_REFERENCE,MILD,A:48,A:48,1,0,LYS,0.2,0.7020723543043291,10.0,medium,6,36.0,4189.900000000001,0.4444444444444444,0.2777777777777778,SIDE_CHAIN_LOSS,1,69.2897076941916,-21.908605881642078,pN/nm,0.11084733207529929,0.02018912835240594,131.6188458729472,1.7341462185889467,QC_FAILED,r2 0.11 below 0.5 | negative stiffness -22 pN/nm is unphysical | r2 0.02 below 0.5,779b297ee54d560c11b07397c92fa69e593a32de7fc748657547006a26ac50d5,False
1VII_MILD_71_seed1,1VII,1VII,A,P68104,GCR_DEEP_SPACE_REFERENCE,MILD,A:71,A:71,1,0,LYS,0.8571428571428571,0.5728498257986403,8.0,medium,7,36.0,4189.900000000001,0.4444444444444444,0.2777777777777778,SIDE_CHAIN_LOSS,1,69.2897076941916,-22.67277780977463,pN/nm,0.11084733207529929,0.015005012035446685,132.7217108633801,1.7341462185889467,QC_FAILED,r2 0.11 below 0.5 | negative stiffness -23 pN/nm is unphysical | r2 0.02 below 0.5,779b297ee54d560c11b07397c92fa69e593a32de7fc748657547006a26ac50d5,False
1VII_MODERATE_64_seed1,1VII,1VII,A,P68104,GCR_DEEP_SPACE_REFERENCE,MODERATE,A:64,A:53 A:60 A:64,3,0,TRP,0.6571428571428571,0.7015519331737847,6.0,high,3,36.0,4189.900000000001,0.4444444444444444,0.2777777777777778,SIDE_CHAIN_LOSS,1,69.2897076941916,116.48151078994813,pN/nm,0.11084733207529929,0.2524737814136975,-68.10795523057533,1.7341462185889467,QC_FAILED,r2 0.11 below 0.5 | r2 0.25 below 0.5,779b297ee54d560c11b07397c92fa69e593a32de7fc748657547006a26ac50d5,False
1VII_SEVERE_64_seed1,1VII,1VII,A,P68104,GCR_DEEP_SPACE_REFERENCE,SEVERE,A:64,A:48 A:53 A:56 A:60 A:64 A:71,6,0,TRP,0.6571428571428571,0.7015519331737847,6.0,high,3,36.0,4189.900000000001,0.4444444444444444,0.2777777777777778,SIDE_CHAIN_LOSS,1,69.2897076941916,-18.27902748034063,pN/nm,0.11084733207529929,0.0079379960418684,126.38058102512811,1.7341462185889467,QC_FAILED,r2 0.11 below 0.5 | negative stiffness -18 pN/nm is unphysical | r2 0.01 below 0.5,779b297ee54d560c11b07397c92fa69e593a32de7fc748657547006a26ac50d5,False
1VII_EXTREME_64_seed1,1VII,1VII,A,P68104,GCR_DEEP_SPACE_REFERENCE,EXTREME,A:64,A:45 A:48 A:53 A:56 A:60 A:64 A:71,7,0,TRP,0.6571428571428571,0.7015519331737847,6.0,high,3,36.0,4189.900000000001,0.4444444444444444,0.2777777777777778,SIDE_CHAIN_LOSS,1,69.2897076941916,-2.812484974570957,pN/nm,0.11084733207529929,0.00023170194559174462,104.05902271515389,1.7341462185889467,QC_FAILED,r2 0.11 below 0.5 | negative stiffness -3 pN/nm is unphysical | r2 0.00 below 0.5,779b297ee54d560c11b07397c92fa69e593a32de7fc748657547006a26ac50d5,False
1VII_MILD_64_seed2,1VII,1VII,A,P68104,GCR_DEEP_SPACE_REFERENCE,MILD,A:64,A:64,1,0,TRP,0.6571428571428571,0.7015519331737847,6.0,high,3,36.0,4189.900000000001,0.4444444444444444,0.2777777777777778,SIDE_CHAIN_LOSS,2,38.434045112078124,66.21121040721427,pN/nm,0.05711179995616433,0.11946851274748704,-72.27229195921147,0.7119704070368915,QC_FAILED,r2 0.06 below 0.5 | r2 0.12 below 0.5,779b297ee54d560c11b07397c92fa69e593a32de7fc748657547006a26ac50d5,False
1VII_MILD_53_seed2,1VII,1VII,A,P68104,GCR_DEEP_SPACE_REFERENCE,MILD,A:53,A:53,1,0,MET,0.34285714285714286,0.6155210801780016,8.0,high,4,36.0,4189.900000000001,0.4444444444444444,0.2777777777777778,SIDE_CHAIN_LOSS,2,38.434045112078124,11.903199133899658,pN/nm,0.05711179995616433,0.006121982139351667,69.0295437308549,0.7119704070368915,QC_FAILED,r2 0.06 below 0.5 | r2 0.01 below 0.5,779b297ee54d560c11b07397c92fa69e593a32de7fc748657547006a26ac50d5,False
1VII_MILD_60_seed2,1VII,1VII,A,P68104,GCR_DEEP_SPACE_REFERENCE,MILD,A:60,A:60,1,0,ASN,0.5428571428571428,0.5395314253237307,6.0,medium,5,36.0,4189.900000000001,0.4444444444444444,0.2777777777777778,SIDE_CHAIN_LOSS,2,38.434045112078124,46.10625589841595,pN/nm,0.05711179995616433,0.04756458087148441,-19.962017435231637,0.7119704070368915,QC_FAILED,r2 0.06 below 0.5 | r2 0.05 below 0.5,779b297ee54d560c11b07397c92fa69e593a32de7fc748657547006a26ac50d5,False
1VII_MILD_48_seed2,1VII,1VII,A,P68104,GCR_DEEP_SPACE_REFERENCE,MILD,A:48,A:48,1,0,LYS,0.2,0.7020723543043291,10.0,medium,6,36.0,4189.900000000001,0.4444444444444444,0.2777777777777778,SIDE_CHAIN_LOSS,2,38.434045112078124,37.59740063850955,pN/nm,0.05711179995616433,0.041841343125974095,2.1768316895315705,0.7119704070368915,QC_FAILED,r2 0.06 below 0.5 | r2 0.04 below 0.5,779b297ee54d560c11b07397c92fa69e593a32de7fc748657547006a26ac50d5,False
1VII_MILD_71_seed2,1VII,1VII,A,P68104,GCR_DEEP_SPACE_REFERENCE,MILD,A:71,A:71,1,0,LYS,0.8571428571428571,0.5728498257986403,8.0,medium,7,36.0,4189.900000000001,0.4444444444444444,0.2777777777777778,SIDE_CHAIN_LOSS,2,38.434045112078124,44.7057539554182,pN/nm,0.05711179995616433,0.04975566754338323,-16.318107618001306,0.7119704070368915,QC_FAILED,r2 0.06 below 0.5 | r2 0.05 below 0.5,779b297ee54d560c11b07397c92fa69e593a32de7fc748657547006a26ac50d5,False
1VII_MODERATE_64_seed2,1VII,1VII,A,P68104,GCR_DEEP_SPACE_REFERENCE,MODERATE,A:64,A:53 A:60 A:64,3,0,TRP,0.6571428571428571,0.7015519331737847,6.0,high,3,36.0,4189.900000000001,0.4444444444444444,0.2777777777777778,SIDE_CHAIN_LOSS,2,38.434045112078124,12.318257138803123,pN/nm,0.05711179995616433,0.0037744834588283593,67.94962096005857,0.7119704070368915,QC_FAILED,r2 0.06 below 0.5 | r2 0.00 below 0.5,779b297ee54d560c11b07397c92fa69e593a32de7fc748657547006a26ac50d5,False
1VII_SEVERE_64_seed2,1VII,1VII,A,P68104,GCR_DEEP_SPACE_REFERENCE,SEVERE,A:64,A:48 A:53 A:56 A:60 A:64 A:71,6,0,TRP,0.6571428571428571,0.7015519331737847,6.0,high,3,36.0,4189.900000000001,0.4444444444444444,0.2777777777777778,SIDE_CHAIN_LOSS,2,38.434045112078124,35.038046211061115,pN/nm,0.05711179995616433,0.025266801308220788,8.835913292795185,0.7119704070368915,QC_FAILED,r2 0.06 below 0.5 | r2 0.03 below 0.5,779b297ee54d560c11b07397c92fa69e593a32de7fc748657547006a26ac50d5,False
1VII_EXTREME_64_seed2,1VII,1VII,A,P68104,GCR_DEEP_SPACE_REFERENCE,EXTREME,A:64,A:45 A:48 A:53 A:56 A:60 A:64 A:71,7,0,TRP,0.6571428571428571,0.7015519331737847,6.0,high,3,36.0,4189.900000000001,0.4444444444444444,0.2777777777777778,SIDE_CHAIN_LOSS,2,38.434045112078124,85.2011705053362,pN/nm,0.05711179995616433,0.13282632556808494,-121.68150725972173,0.7119704070368915,QC_FAILED,r2 0.06 below 0.5 | r2 0.13 below 0.5,779b297ee54d560c11b07397c92fa69e593a32de7fc748657547006a26ac50d5,False
1VII_MILD_64_seed3,1VII,1VII,A,P68104,GCR_DEEP_SPACE_REFERENCE,MILD,A:64,A:64,1,0,TRP,0.6571428571428571,0.7015519331737847,6.0,high,3,36.0,4189.900000000001,0.4444444444444444,0.2777777777777778,SIDE_CHAIN_LOSS,3,-11.875819899077372,-35.20024779387607,pN/nm,0.0039105069026024175,0.04191440466202334,-196.40267445122475,1.8851979238406265,QC_FAILED,negative stiffness -12 pN/nm is unphysical | r2 0.00 below 0.5 | negative stiffness -35 pN/nm is unphysical | r2 0.04 below 0.5,779b297ee54d560c11b07397c92fa69e593a32de7fc748657547006a26ac50d5,False
1VII_MILD_53_seed3,1VII,1VII,A,P68104,GCR_DEEP_SPACE_REFERENCE,MILD,A:53,A:53,1,0,MET,0.34285714285714286,0.6155210801780016,8.0,high,4,36.0,4189.900000000001,0.4444444444444444,0.2777777777777778,SIDE_CHAIN_LOSS,3,-11.875819899077372,-23.483198754223363,pN/nm,0.0039105069026024175,0.014896643673648735,-97.73959990794204,1.8851979238406265,QC_FAILED,negative stiffness -12 pN/nm is unphysical | r2 0.00 below 0.5 | negative stiffness -23 pN/nm is unphysical | r2 0.01 below 0.5,779b297ee54d560c11b07397c92fa69e593a32de7fc748657547006a26ac50d5,False
1VII_MILD_60_seed3,1VII,1VII,A,P68104,GCR_DEEP_SPACE_REFERENCE,MILD,A:60,A:60,1,0,ASN,0.5428571428571428,0.5395314253237307,6.0,medium,5,36.0,4189.900000000001,0.4444444444444444,0.2777777777777778,SIDE_CHAIN_LOSS,3,-11.875819899077372,8.219435830898988,pN/nm,0.0039105069026024175,0.0022020932507074154,169.2115230842929,1.8851979238406265,QC_FAILED,negative stiffness -12 pN/nm is unphysical | r2 0.00 below 0.5 | r2 0.00 below 0.5,779b297ee54d560c11b07397c92fa69e593a32de7fc748657547006a26ac50d5,False
1VII_MILD_48_seed3,1VII,1VII,A,P68104,GCR_DEEP_SPACE_REFERENCE,MILD,A:48,A:48,1,0,LYS,0.2,0.7020723543043291,10.0,medium,6,36.0,4189.900000000001,0.4444444444444444,0.2777777777777778,SIDE_CHAIN_LOSS,3,-11.875819899077372,39.925571940037614,pN/nm,0.0039105069026024175,0.07543486218398698,436.19213055882915,1.8851979238406265,QC_FAILED,negative stiffness -12 pN/nm is unphysical | r2 0.00 below 0.5 | r2 0.08 below 0.5,779b297ee54d560c11b07397c92fa69e593a32de7fc748657547006a26ac50d5,False
1VII_MILD_71_seed3,1VII,1VII,A,P68104,GCR_DEEP_SPACE_REFERENCE,MILD,A:71,A:71,1,0,LYS,0.8571428571428571,0.5728498257986403,8.0,medium,7,36.0,4189.900000000001,0.4444444444444444,0.2777777777777778,SIDE_CHAIN_LOSS,3,-11.875819899077372,-23.097732727926413,pN/nm,0.0039105069026024175,0.014482069959779409,-94.49379431664222,1.8851979238406265,QC_FAILED,negative stiffness -12 pN/nm is unphysical | r2 0.00 below 0.5 | negative stiffness -23 pN/nm is unphysical | r2 0.01 below 0.5,779b297ee54d560c11b07397c92fa69e593a32de7fc748657547006a26ac50d5,False
1VII_MODERATE_64_seed3,1VII,1VII,A,P68104,GCR_DEEP_SPACE_REFERENCE,MODERATE,A:64,A:53 A:60 A:64,3,0,TRP,0.6571428571428571,0.7015519331737847,6.0,high,3,36.0,4189.900000000001,0.4444444444444444,0.2777777777777778,SIDE_CHAIN_LOSS,3,-11.875819899077372,-63.636502081105974,pN/nm,0.0039105069026024175,0.10091805071013038,-435.84933606184,1.8851979238406265,QC_FAILED,negative stiffness -12 pN/nm is unphysical | r2 0.00 below 0.5 | negative stiffness -64 pN/nm is unphysical | r2 0.10 below 0.5,779b297ee54d560c11b07397c92fa69e593a32de7fc748657547006a26ac50d5,False
1VII_SEVERE_64_seed3,1VII,1VII,A,P68104,GCR_DEEP_SPACE_REFERENCE,SEVERE,A:64,A:48 A:53 A:56 A:60 A:64 A:71,6,0,TRP,0.6571428571428571,0.7015519331737847,6.0,high,3,36.0,4189.900000000001,0.4444444444444444,0.2777777777777778,SIDE_CHAIN_LOSS,3,-11.875819899077372,-19.87135860721135,pN/nm,0.0039105069026024175,0.011491017937137582,-67.32620379966478,1.8851979238406265,QC_FAILED,negative stiffness -12 pN/nm is unphysical | r2 0.00 below 0.5 | negative stiffness -20 pN/nm is unphysical | r2 0.01 below 0.5,779b297ee54d560c11b07397c92fa69e593a32de7fc748657547006a26ac50d5,False
1VII_EXTREME_64_seed3,1VII,1VII,A,P68104,GCR_DEEP_SPACE_REFERENCE,EXTREME,A:64,A:45 A:48 A:53 A:56 A:60 A:64 A:71,7,0,TRP,0.6571428571428571,0.7015519331737847,6.0,high,3,36.0,4189.900000000001,0.4444444444444444,0.2777777777777778,SIDE_CHAIN_LOSS,3,-11.875819899077372,10.17084246738146,pN/nm,0.0039105069026024175,0.0024184798218744863,185.64328655886428,1.8851979238406265,QC_FAILED,negative stiffness -12 pN/nm is unphysical | r2 0.00 below 0.5 | r2 0.00 below 0.5,779b297ee54d560c11b07397c92fa69e593a32de7fc748657547006a26ac50d5,False
1VII_MILD_64_seed4,1VII,1VII,A,P68104,GCR_DEEP_SPACE_REFERENCE,MILD,A:64,A:64,1,0,TRP,0.6571428571428571,0.7015519331737847,6.0,high,3,36.0,4189.900000000001,0.4444444444444444,0.2777777777777778,SIDE_CHAIN_LOSS,4,38.48989891732262,11.375402863169212,pN/nm,0.0583322758128767,0.004626005805854039,70.44574503143306,1.1392254009648433,QC_FAILED,r2 0.06 below 0.5 | r2 0.00 below 0.5,779b297ee54d560c11b07397c92fa69e593a32de7fc748657547006a26ac50d5,False
1VII_MILD_53_seed4,1VII,1VII,A,P68104,GCR_DEEP_SPACE_REFERENCE,MILD,A:53,A:53,1,0,MET,0.34285714285714286,0.6155210801780016,8.0,high,4,36.0,4189.900000000001,0.4444444444444444,0.2777777777777778,SIDE_CHAIN_LOSS,4,38.48989891732262,37.944538364956536,pN/nm,0.0583322758128767,0.035015219725565316,1.4168926593897628,1.1392254009648433,QC_FAILED,r2 0.06 below 0.5 | r2 0.04 below 0.5,779b297ee54d560c11b07397c92fa69e593a32de7fc748657547006a26ac50d5,False
1VII_MILD_60_seed4,1VII,1VII,A,P68104,GCR_DEEP_SPACE_REFERENCE,MILD,A:60,A:60,1,0,ASN,0.5428571428571428,0.5395314253237307,6.0,medium,5,36.0,4189.900000000001,0.4444444444444444,0.2777777777777778,SIDE_CHAIN_LOSS,4,38.48989891732262,51.16016413237196,pN/nm,0.0583322758128767,0.06460849213797293,-32.91841644548204,1.1392254009648433,QC_FAILED,r2 0.06 below 0.5 | r2 0.06 below 0.5,779b297ee54d560c11b07397c92fa69e593a32de7fc748657547006a26ac50d5,False
1VII_MILD_48_seed4,1VII,1VII,A,P68104,GCR_DEEP_SPACE_REFERENCE,MILD,A:48,A:48,1,0,LYS,0.2,0.7020723543043291,10.0,medium,6,36.0,4189.900000000001,0.4444444444444444,0.2777777777777778,SIDE_CHAIN_LOSS,4,38.48989891732262,62.59805475494049,pN/nm,0.0583322758128767,0.11469877685014518,-62.635019877300444,1.1392254009648433,QC_FAILED,r2 0.06 below 0.5 | r2 0.11 below 0.5,779b297ee54d560c11b07397c92fa69e593a32de7fc748657547006a26ac50d5,False
1VII_MILD_71_seed4,1VII,1VII,A,P68104,GCR_DEEP_SPACE_REFERENCE,MILD,A:71,A:71,1,0,LYS,0.8571428571428571,0.5728498257986403,8.0,medium,7,36.0,4189.900000000001,0.4444444444444444,0.2777777777777778,SIDE_CHAIN_LOSS,4,38.48989891732262,82.6456133277543,pN/nm,0.0583322758128767,0.14983631810689568,-114.72026597232534,1.1392254009648433,QC_FAILED,r2 0.06 below 0.5 | r2 0.15 below 0.5,779b297ee54d560c11b07397c92fa69e593a32de7fc748657547006a26ac50d5,False
1VII_MODERATE_64_seed4,1VII,1VII,A,P68104,GCR_DEEP_SPACE_REFERENCE,MODERATE,A:64,A:53 A:60 A:64,3,0,TRP,0.6571428571428571,0.7015519331737847,6.0,high,3,36.0,4189.900000000001,0.4444444444444444,0.2777777777777778,SIDE_CHAIN_LOSS,4,38.48989891732262,32.4163259560911,pN/nm,0.0583322758128767,0.02344907540078267,15.77965422636657,1.1392254009648433,QC_FAILED,r2 0.06 below 0.5 | r2 0.02 below 0.5,779b297ee54d560c11b07397c92fa69e593a32de7fc748657547006a26ac50d5,False
1VII_SEVERE_64_seed4,1VII,1VII,A,P68104,GCR_DEEP_SPACE_REFERENCE,SEVERE,A:64,A:48 A:53 A:56 A:60 A:64 A:71,6,0,TRP,0.6571428571428571,0.7015519331737847,6.0,high,3,36.0,4189.900000000001,0.4444444444444444,0.2777777777777778,SIDE_CHAIN_LOSS,4,38.48989891732262,84.7619962200547,pN/nm,0.0583322758128767,0.21008090694075,-120.21880702291747,1.1392254009648433,QC_FAILED,r2 0.06 below 0.5 | r2 0.21 below 0.5,779b297ee54d560c11b07397c92fa69e593a32de7fc748657547006a26ac50d5,False
1VII_EXTREME_64_seed4,1VII,1VII,A,P68104,GCR_DEEP_SPACE_REFERENCE,EXTREME,A:64,A:45 A:48 A:53 A:56 A:60 A:64 A:71,7,0,TRP,0.6571428571428571,0.7015519331737847,6.0,high,3,36.0,4189.900000000001,0.4444444444444444,0.2777777777777778,SIDE_CHAIN_LOSS,4,38.48989891732262,37.69107091191583,pN/nm,0.0583322758128767,0.043875145984795805,2.0754224559609646,1.1392254009648433,QC_FAILED,r2 0.06 below 0.5 | r2 0.04 below 0.5,779b297ee54d560c11b07397c92fa69e593a32de7fc748657547006a26ac50d5,False
1VII_MILD_64_seed5,1VII,1VII,A,P68104,GCR_DEEP_SPACE_REFERENCE,MILD,A:64,A:64,1,0,TRP,0.6571428571428571,0.7015519331737847,6.0,high,3,36.0,4189.900000000001,0.4444444444444444,0.2777777777777778,SIDE_CHAIN_LOSS,5,45.348289259931086,29.967507530938025,pN/nm,0.04247993501579461,0.016413356072388807,33.917005426229466,1.0216101315717134,QC_FAILED,r2 0.04 below 0.5 | r2 0.02 below 0.5,779b297ee54d560c11b07397c92fa69e593a32de7fc748657547006a26ac50d5,False
1VII_MILD_53_seed5,1VII,1VII,A,P68104,GCR_DEEP_SPACE_REFERENCE,MILD,A:53,A:53,1,0,MET,0.34285714285714286,0.6155210801780016,8.0,high,4,36.0,4189.900000000001,0.4444444444444444,0.2777777777777778,SIDE_CHAIN_LOSS,5,45.348289259931086,21.748427460993714,pN/nm,0.04247993501579461,0.010154687466811252,52.0413497048714,1.0216101315717134,QC_FAILED,r2 0.04 below 0.5 | r2 0.01 below 0.5,779b297ee54d560c11b07397c92fa69e593a32de7fc748657547006a26ac50d5,False
1VII_MILD_60_seed5,1VII,1VII,A,P68104,GCR_DEEP_SPACE_REFERENCE,MILD,A:60,A:60,1,0,ASN,0.5428571428571428,0.5395314253237307,6.0,medium,5,36.0,4189.900000000001,0.4444444444444444,0.2777777777777778,SIDE_CHAIN_LOSS,5,45.348289259931086,35.16685532927089,pN/nm,0.04247993501579461,0.01827339833285624,22.451638411983772,1.0216101315717134,QC_FAILED,r2 0.04 below 0.5 | r2 0.02 below 0.5,779b297ee54d560c11b07397c92fa69e593a32de7fc748657547006a26ac50d5,False
1VII_MILD_48_seed5,1VII,1VII,A,P68104,GCR_DEEP_SPACE_REFERENCE,MILD,A:48,A:48,1,0,LYS,0.2,0.7020723543043291,10.0,medium,6,36.0,4189.900000000001,0.4444444444444444,0.2777777777777778,SIDE_CHAIN_LOSS,5,45.348289259931086,18.27336790624541,pN/nm,0.04247993501579461,0.004639173906728078,59.704394136006755,1.0216101315717134,QC_FAILED,r2 0.04 below 0.5 | r2 0.00 below 0.5,779b297ee54d560c11b07397c92fa69e593a32de7fc748657547006a26ac50d5,False
1VII_MILD_71_seed5,1VII,1VII,A,P68104,GCR_DEEP_SPACE_REFERENCE,MILD,A:71,A:71,1,0,LYS,0.8571428571428571,0.5728498257986403,8.0,medium,7,36.0,4189.900000000001,0.4444444444444444,0.2777777777777778,SIDE_CHAIN_LOSS,5,45.348289259931086,-0.3247320550194989,pN/nm,0.04247993501579461,1.7495804151002048e-06,100.71608446607141,1.0216101315717134,QC_FAILED,r2 0.04 below 0.5 | negative stiffness -0 pN/nm is unphysical | r2 0.00 below 0.5,779b297ee54d560c11b07397c92fa69e593a32de7fc748657547006a26ac50d5,False
1VII_MODERATE_64_seed5,1VII,1VII,A,P68104,GCR_DEEP_SPACE_REFERENCE,MODERATE,A:64,A:53 A:60 A:64,3,0,TRP,0.6571428571428571,0.7015519331737847,6.0,high,3,36.0,4189.900000000001,0.4444444444444444,0.2777777777777778,SIDE_CHAIN_LOSS,5,45.348289259931086,39.06195669985513,pN/nm,0.04247993501579461,0.03372543485072255,13.862336733461836,1.0216101315717134,QC_FAILED,r2 0.04 below 0.5 | r2 0.03 below 0.5,779b297ee54d560c11b07397c92fa69e593a32de7fc748657547006a26ac50d5,False
1VII_SEVERE_64_seed5,1VII,1VII,A,P68104,GCR_DEEP_SPACE_REFERENCE,SEVERE,A:64,A:48 A:53 A:56 A:60 A:64 A:71,6,0,TRP,0.6571428571428571,0.7015519331737847,6.0,high,3,36.0,4189.900000000001,0.4444444444444444,0.2777777777777778,SIDE_CHAIN_LOSS,5,45.348289259931086,-7.583001548404776,pN/nm,0.04247993501579461,0.0012634998788525476,116.72169264189856,1.0216101315717134,QC_FAILED,r2 0.04 below 0.5 | negative stiffness -8 pN/nm is unphysical | r2 0.00 below 0.5,779b297ee54d560c11b07397c92fa69e593a32de7fc748657547006a26ac50d5,False
1VII_EXTREME_64_seed5,1VII,1VII,A,P68104,GCR_DEEP_SPACE_REFERENCE,EXTREME,A:64,A:45 A:48 A:53 A:56 A:60 A:64 A:71,7,0,TRP,0.6571428571428571,0.7015519331737847,6.0,high,3,36.0,4189.900000000001,0.4444444444444444,0.2777777777777778,SIDE_CHAIN_LOSS,5,45.348289259931086,44.797229382550825,pN/nm,0.04247993501579461,0.04465458276482748,1.2151723612364969,1.0216101315717134,QC_FAILED,r2 0.04 below 0.5 | r2 0.04 below 0.5,779b297ee54d560c11b07397c92fa69e593a32de7fc748657547006a26ac50d5,False
2CI2_MILD_59_seed1,2CI2,2CI2,I,P01053,GCR_DEEP_SPACE_REFERENCE,MILD,I:59,I:59,1,0,MET,0.625,0.9021545934162158,4.0,high,1,65.0,7400.6900000000005,0.4461538461538462,0.3230769230769231,SIDE_CHAIN_LOSS,1,5.013941855442379,-13.520169208408456,pN/nm,0.00031876648143913666,0.0026387869782547035,369.6514957335016,1.5919486770689188,QC_FAILED,r2 0.00 below 0.5 | negative stiffness -14 pN/nm is unphysical | r2 0.00 below 0.5,779b297ee54d560c11b07397c92fa69e593a32de7fc748657547006a26ac50d5,False
2CI2_MILD_61_seed1,2CI2,2CI2,I,P01053,GCR_DEEP_SPACE_REFERENCE,MILD,I:61,I:61,1,0,TYR,0.65625,0.7556409255640587,5.0,high,3,65.0,7400.6900000000005,0.4461538461538462,0.3230769230769231,SIDE_CHAIN_LOSS,1,5.013941855442379,5.615453135854097,pN/nm,0.00031876648143913666,0.0004404229139852722,-11.99677415003942,1.5919486770689188,QC_FAILED,r2 0.00 below 0.5 | r2 0.00 below 0.5,779b297ee54d560c11b07397c92fa69e593a32de7fc748657547006a26ac50d5,False
2CI2_MILD_72_seed1,2CI2,2CI2,I,P01053,GCR_DEEP_SPACE_REFERENCE,MILD,I:72,I:72,1,0,LYS,0.828125,1.0,6.0,medium,4,65.0,7400.6900000000005,0.4461538461538462,0.3230769230769231,SIDE_CHAIN_LOSS,1,5.013941855442379,90.08295087559425,pN/nm,0.00031876648143913666,0.13362143609624577,-1696.6492925683567,1.5919486770689188,QC_FAILED,r2 0.00 below 0.5 | r2 0.13 below 0.5,779b297ee54d560c11b07397c92fa69e593a32de7fc748657547006a26ac50d5,False
2CI2_MILD_41_seed1,2CI2,2CI2,I,P01053,GCR_DEEP_SPACE_REFERENCE,MILD,I:41,I:41,1,0,GLN,0.34375,0.7450369820016233,7.0,medium,5,65.0,7400.6900000000005,0.4461538461538462,0.3230769230769231,SIDE_CHAIN_LOSS,1,5.013941855442379,-5.0018424211588695,pN/nm,0.00031876648143913666,0.0004740335116176775,199.75868419235104,1.5919486770689188,QC_FAILED,r2 0.00 below 0.5 | negative stiffness -5 pN/nm is unphysical | r2 0.00 below 0.5,779b297ee54d560c11b07397c92fa69e593a32de7fc748657547006a26ac50d5,False
2CI2_MILD_56_seed1,2CI2,2CI2,I,P01053,GCR_DEEP_SPACE_REFERENCE,MILD,I:56,I:56,1,0,ILE,0.578125,0.7733018085055438,4.0,low,6,65.0,7400.6900000000005,0.4461538461538462,0.3230769230769231,SIDE_CHAIN_LOSS,1,5.013941855442379,76.00304494279064,pN/nm,0.00031876648143913666,0.096388185637591,-1415.8341906237542,1.5919486770689188,QC_FAILED,r2 0.00 below 0.5 | r2 0.10 below 0.5,779b297ee54d560c11b07397c92fa69e593a32de7fc748657547006a26ac50d5,False
2CI2_MODERATE_59_seed1,2CI2,2CI2,I,P01053,GCR_DEEP_SPACE_REFERENCE,MODERATE,I:59,I:59 I:61 I:72,3,0,MET,0.625,0.9021545934162158,4.0,high,1,65.0,7400.6900000000005,0.4461538461538462,0.3230769230769231,SIDE_CHAIN_LOSS,1,5.013941855442379,30.69130443568087,pN/nm,0.00031876648143913666,0.01717254807706492,-512.1192730300016,1.5919486770689188,QC_FAILED,r2 0.00 below 0.5 | r2 0.02 below 0.5,779b297ee54d560c11b07397c92fa69e593a32de7fc748657547006a26ac50d5,False
2CI2_SEVERE_59_seed1,2CI2,2CI2,I,P01053,GCR_DEEP_SPACE_REFERENCE,SEVERE,I:59,I:37 I:41 I:56 I:59 I:61 I:72,6,0,MET,0.625,0.9021545934162158,4.0,high,1,65.0,7400.6900000000005,0.4461538461538462,0.3230769230769231,SIDE_CHAIN_LOSS,1,5.013941855442379,29.964439387858693,pN/nm,0.00031876648143913666,0.015572003580015648,-497.6223947498277,1.5919486770689188,QC_FAILED,r2 0.00 below 0.5 | r2 0.02 below 0.5,779b297ee54d560c11b07397c92fa69e593a32de7fc748657547006a26ac50d5,False
2CI2_EXTREME_59_seed1,2CI2,2CI2,I,P01053,GCR_DEEP_SPACE_REFERENCE,EXTREME,I:59,I:20 I:21 I:36 I:37 I:41 I:47 I:56 I:58 I:59 I:61 I:62 I:72 I:73 I:81,14,0,MET,0.625,0.9021545934162158,4.0,high,1,65.0,7400.6900000000005,0.4461538461538462,0.3230769230769231,SIDE_CHAIN_LOSS,1,5.013941855442379,8.937213487840895,pN/nm,0.00031876648143913666,0.0015262129385889,-78.24725027754369,1.5919486770689188,QC_FAILED,r2 0.00 below 0.5 | r2 0.00 below 0.5,779b297ee54d560c11b07397c92fa69e593a32de7fc748657547006a26ac50d5,False
2CI2_MILD_59_seed2,2CI2,2CI2,I,P01053,GCR_DEEP_SPACE_REFERENCE,MILD,I:59,I:59,1,0,MET,0.625,0.9021545934162158,4.0,high,1,65.0,7400.6900000000005,0.4461538461538462,0.3230769230769231,SIDE_CHAIN_LOSS,2,1.121542197246753,17.129295562547227,pN/nm,2.3599197727763865e-05,0.004924465540449674,-1427.2983579750744,1.634811221537877,QC_FAILED,r2 0.00 below 0.5 | r2 0.00 below 0.5,779b297ee54d560c11b07397c92fa69e593a32de7fc748657547006a26ac50d5,False
2CI2_MILD_61_seed2,2CI2,2CI2,I,P01053,GCR_DEEP_SPACE_REFERENCE,MILD,I:61,I:61,1,0,TYR,0.65625,0.7556409255640587,5.0,high,3,65.0,7400.6900000000005,0.4461538461538462,0.3230769230769231,SIDE_CHAIN_LOSS,2,1.121542197246753,-5.840251303947138,pN/nm,2.3599197727763865e-05,0.0007516141911914076,620.7339784703804,1.634811221537877,QC_FAILED,r2 0.00 below 0.5 | negative stiffness -6 pN/nm is unphysical | r2 0.00 below 0.5,779b297ee54d560c11b07397c92fa69e593a32de7fc748657547006a26ac50d5,False
2CI2_MILD_72_seed2,2CI2,2CI2,I,P01053,GCR_DEEP_SPACE_REFERENCE,MILD,I:72,I:72,1,0,LYS,0.828125,1.0,6.0,medium,4,65.0,7400.6900000000005,0.4461538461538462,0.3230769230769231,SIDE_CHAIN_LOSS,2,1.121542197246753,-1.7666843479626944,pN/nm,2.3599197727763865e-05,4.649335252626674e-05,257.52277108250456,1.634811221537877,QC_FAILED,r2 0.00 below 0.5 | negative stiffness -2 pN/nm is unphysical | r2 0.00 below 0.5,779b297ee54d560c11b07397c92fa69e593a32de7fc748657547006a26ac50d5,False
2CI2_MILD_41_seed2,2CI2,2CI2,I,P01053,GCR_DEEP_SPACE_REFERENCE,MILD,I:41,I:41,1,0,GLN,0.34375,0.7450369820016233,7.0,medium,5,65.0,7400.6900000000005,0.4461538461538462,0.3230769230769231,SIDE_CHAIN_LOSS,2,1.121542197246753,22.19586990963052,pN/nm,2.3599197727763865e-05,0.007283141039661878,-1879.0490241132816,1.634811221537877,QC_FAILED,r2 0.00 below 0.5 | r2 0.01 below 0.5,779b297ee54d560c11b07397c92fa69e593a32de7fc748657547006a26ac50d5,False
2CI2_MILD_56_seed2,2CI2,2CI2,I,P01053,GCR_DEEP_SPACE_REFERENCE,MILD,I:56,I:56,1,0,ILE,0.578125,0.7733018085055438,4.0,low,6,65.0,7400.6900000000005,0.4461538461538462,0.3230769230769231,SIDE_CHAIN_LOSS,2,1.121542197246753,26.903911398853605,pN/nm,2.3599197727763865e-05,0.010977596590115102,-2298.831846443172,1.634811221537877,QC_FAILED,r2 0.00 below 0.5 | r2 0.01 below 0.5,779b297ee54d560c11b07397c92fa69e593a32de7fc748657547006a26ac50d5,False
2CI2_MODERATE_59_seed2,2CI2,2CI2,I,P01053,GCR_DEEP_SPACE_REFERENCE,MODERATE,I:59,I:59 I:61 I:72,3,0,MET,0.625,0.9021545934162158,4.0,high,1,65.0,7400.6900000000005,0.4461538461538462,0.3230769230769231,SIDE_CHAIN_LOSS,2,1.121542197246753,52.20594192501643,pN/nm,2.3599197727763865e-05,0.03858945076824505,-4554.8352842341155,1.634811221537877,QC_FAILED,r2 0.00 below 0.5 | r2 0.04 below 0.5,779b297ee54d560c11b07397c92fa69e593a32de7fc748657547006a26ac50d5,False
2CI2_SEVERE_59_seed2,2CI2,2CI2,I,P01053,GCR_DEEP_SPACE_REFERENCE,SEVERE,I:59,I:37 I:41 I:56 I:59 I:61 I:72,6,0,MET,0.625,0.9021545934162158,4.0,high,1,65.0,7400.6900000000005,0.4461538461538462,0.3230769230769231,SIDE_CHAIN_LOSS,2,1.121542197246753,44.163975532804876,pN/nm,2.3599197727763865e-05,0.03275210639632631,-3837.7899147461376,1.634811221537877,QC_FAILED,r2 0.00 below 0.5 | r2 0.03 below 0.5,779b297ee54d560c11b07397c92fa69e593a32de7fc748657547006a26ac50d5,False
2CI2_EXTREME_59_seed2,2CI2,2CI2,I,P01053,GCR_DEEP_SPACE_REFERENCE,EXTREME,I:59,I:20 I:21 I:36 I:37 I:41 I:47 I:56 I:58 I:59 I:61 I:62 I:72 I:73 I:81,14,0,MET,0.625,0.9021545934162158,4.0,high,1,65.0,7400.6900000000005,0.4461538461538462,0.3230769230769231,SIDE_CHAIN_LOSS,2,1.121542197246753,117.24168110625912,pN/nm,2.3599197727763865e-05,0.17396384456707947,-10353.61301554885,1.634811221537877,QC_FAILED,r2 0.00 below 0.5 | r2 0.17 below 0.5,779b297ee54d560c11b07397c92fa69e593a32de7fc748657547006a26ac50d5,False
2CI2_MILD_59_seed3,2CI2,2CI2,I,P01053,GCR_DEEP_SPACE_REFERENCE,MILD,I:59,I:59,1,0,MET,0.625,0.9021545934162158,4.0,high,1,65.0,7400.6900000000005,0.4461538461538462,0.3230769230769231,SIDE_CHAIN_LOSS,3,-23.19986600127464,-74.82661866959349,pN/nm,0.012539006058535418,0.08475978347569557,-222.53039162158257,1.6399090996969743,QC_FAILED,negative stiffness -23 pN/nm is unphysical | r2 0.01 below 0.5 | negative stiffness -75 pN/nm is unphysical | r2 0.08 below 0.5,779b297ee54d560c11b07397c92fa69e593a32de7fc748657547006a26ac50d5,False
2CI2_MILD_61_seed3,2CI2,2CI2,I,P01053,GCR_DEEP_SPACE_REFERENCE,MILD,I:61,I:61,1,0,TYR,0.65625,0.7556409255640587,5.0,high,3,65.0,7400.6900000000005,0.4461538461538462,0.3230769230769231,SIDE_CHAIN_LOSS,3,-23.19986600127464,-55.178133304882714,pN/nm,0.012539006058535418,0.048328387200933465,-137.83815519387542,1.6399090996969743,QC_FAILED,negative stiffness -23 pN/nm is unphysical | r2 0.01 below 0.5 | negative stiffness -55 pN/nm is unphysical | r2 0.05 below 0.5,779b297ee54d560c11b07397c92fa69e593a32de7fc748657547006a26ac50d5,False
2CI2_MILD_72_seed3,2CI2,2CI2,I,P01053,GCR_DEEP_SPACE_REFERENCE,MILD,I:72,I:72,1,0,LYS,0.828125,1.0,6.0,medium,4,65.0,7400.6900000000005,0.4461538461538462,0.3230769230769231,SIDE_CHAIN_LOSS,3,-23.19986600127464,-47.05298471725612,pN/nm,0.012539006058535418,0.04246223535758076,-102.81576072323415,1.6399090996969743,QC_FAILED,negative stiffness -23 pN/nm is unphysical | r2 0.01 below 0.5 | negative stiffness -47 pN/nm is unphysical | r2 0.04 below 0.5,779b297ee54d560c11b07397c92fa69e593a32de7fc748657547006a26ac50d5,False
2CI2_MILD_41_seed3,2CI2,2CI2,I,P01053,GCR_DEEP_SPACE_REFERENCE,MILD,I:41,I:41,1,0,GLN,0.34375,0.7450369820016233,7.0,medium,5,65.0,7400.6900000000005,0.4461538461538462,0.3230769230769231,SIDE_CHAIN_LOSS,3,-23.19986600127464,-63.24403836724951,pN/nm,0.012539006058535418,0.05653136457026664,-172.6051881669264,1.6399090996969743,QC_FAILED,negative stiffness -23 pN/nm is unphysical | r2 0.01 below 0.5 | negative stiffness -63 pN/nm is unphysical | r2 0.06 below 0.5,779b297ee54d560c11b07397c92fa69e593a32de7fc748657547006a26ac50d5,False
2CI2_MILD_56_seed3,2CI2,2CI2,I,P01053,GCR_DEEP_SPACE_REFERENCE,MILD,I:56,I:56,1,0,ILE,0.578125,0.7733018085055438,4.0,low,6,65.0,7400.6900000000005,0.4461538461538462,0.3230769230769231,SIDE_CHAIN_LOSS,3,-23.19986600127464,36.789863933579134,pN/nm,0.012539006058535418,0.022080484884739904,258.5779156291585,1.6399090996969743,QC_FAILED,negative stiffness -23 pN/nm is unphysical | r2 0.01 below 0.5 | r2 0.02 below 0.5,779b297ee54d560c11b07397c92fa69e593a32de7fc748657547006a26ac50d5,False
2CI2_MODERATE_59_seed3,2CI2,2CI2,I,P01053,GCR_DEEP_SPACE_REFERENCE,MODERATE,I:59,I:59 I:61 I:72,3,0,MET,0.625,0.9021545934162158,4.0,high,1,65.0,7400.6900000000005,0.4461538461538462,0.3230769230769231,SIDE_CHAIN_LOSS,3,-23.19986600127464,-12.711399454131044,pN/nm,0.012539006058535418,0.002985961951750382,45.209168650229884,1.6399090996969743,QC_FAILED,negative stiffness -23 pN/nm is unphysical | r2 0.01 below 0.5 | negative stiffness -13 pN/nm is unphysical | r2 0.00 below 0.5,779b297ee54d560c11b07397c92fa69e593a32de7fc748657547006a26ac50d5,False
2CI2_SEVERE_59_seed3,2CI2,2CI2,I,P01053,GCR_DEEP_SPACE_REFERENCE,SEVERE,I:59,I:37 I:41 I:56 I:59 I:61 I:72,6,0,MET,0.625,0.9021545934162158,4.0,high,1,65.0,7400.6900000000005,0.4461538461538462,0.3230769230769231,SIDE_CHAIN_LOSS,3,-23.19986600127464,-66.87895792351965,pN/nm,0.012539006058535418,0.07737641523656558,-188.27303536945087,1.6399090996969743,QC_FAILED,negative stiffness -23 pN/nm is unphysical | r2 0.01 below 0.5 | negative stiffness -67 pN/nm is unphysical | r2 0.08 below 0.5,779b297ee54d560c11b07397c92fa69e593a32de7fc748657547006a26ac50d5,False
2CI2_EXTREME_59_seed3,2CI2,2CI2,I,P01053,GCR_DEEP_SPACE_REFERENCE,EXTREME,I:59,I:20 I:21 I:36 I:37 I:41 I:47 I:56 I:58 I:59 I:61 I:62 I:72 I:73 I:81,14,0,MET,0.625,0.9021545934162158,4.0,high,1,65.0,7400.6900000000005,0.4461538461538462,0.3230769230769231,SIDE_CHAIN_LOSS,3,-23.19986600127464,-64.32052184625995,pN/nm,0.012539006058535418,0.06408753264120992,-177.2452299626475,1.6399090996969743,QC_FAILED,negative stiffness -23 pN/nm is unphysical | r2 0.01 below 0.5 | negative stiffness -64 pN/nm is unphysical | r2 0.06 below 0.5,779b297ee54d560c11b07397c92fa69e593a32de7fc748657547006a26ac50d5,False
2CI2_MILD_59_seed4,2CI2,2CI2,I,P01053,GCR_DEEP_SPACE_REFERENCE,MILD,I:59,I:59,1,0,MET,0.625,0.9021545934162158,4.0,high,1,65.0,7400.6900000000005,0.4461538461538462,0.3230769230769231,SIDE_CHAIN_LOSS,4,95.45814718835732,-47.60230080646488,pN/nm,0.1294178152539539,0.04703568798140578,149.86719542391324,1.6627426701032566,QC_FAILED,r2 0.13 below 0.5 | negative stiffness -48 pN/nm is unphysical | r2 0.05 below 0.5,779b297ee54d560c11b07397c92fa69e593a32de7fc748657547006a26ac50d5,False
2CI2_MILD_61_seed4,2CI2,2CI2,I,P01053,GCR_DEEP_SPACE_REFERENCE,MILD,I:61,I:61,1,0,TYR,0.65625,0.7556409255640587,5.0,high,3,65.0,7400.6900000000005,0.4461538461538462,0.3230769230769231,SIDE_CHAIN_LOSS,4,95.45814718835732,75.91555237427063,pN/nm,0.1294178152539539,0.12498189843449692,20.47242209250655,1.6627426701032566,QC_FAILED,r2 0.13 below 0.5 | r2 0.12 below 0.5,779b297ee54d560c11b07397c92fa69e593a32de7fc748657547006a26ac50d5,False
2CI2_MILD_72_seed4,2CI2,2CI2,I,P01053,GCR_DEEP_SPACE_REFERENCE,MILD,I:72,I:72,1,0,LYS,0.828125,1.0,6.0,medium,4,65.0,7400.6900000000005,0.4461538461538462,0.3230769230769231,SIDE_CHAIN_LOSS,4,95.45814718835732,87.8225308530688,pN/nm,0.1294178152539539,0.15931155828050125,7.998915294492334,1.6627426701032566,QC_FAILED,r2 0.13 below 0.5 | r2 0.16 below 0.5,779b297ee54d560c11b07397c92fa69e593a32de7fc748657547006a26ac50d5,False
2CI2_MILD_41_seed4,2CI2,2CI2,I,P01053,GCR_DEEP_SPACE_REFERENCE,MILD,I:41,I:41,1,0,GLN,0.34375,0.7450369820016233,7.0,medium,5,65.0,7400.6900000000005,0.4461538461538462,0.3230769230769231,SIDE_CHAIN_LOSS,4,95.45814718835732,114.00614531446048,pN/nm,0.1294178152539539,0.2644948718926041,-19.430502971636766,1.6627426701032566,QC_FAILED,r2 0.13 below 0.5 | r2 0.26 below 0.5,779b297ee54d560c11b07397c92fa69e593a32de7fc748657547006a26ac50d5,False
2CI2_MILD_56_seed4,2CI2,2CI2,I,P01053,GCR_DEEP_SPACE_REFERENCE,MILD,I:56,I:56,1,0,ILE,0.578125,0.7733018085055438,4.0,low,6,65.0,7400.6900000000005,0.4461538461538462,0.3230769230769231,SIDE_CHAIN_LOSS,4,95.45814718835732,-9.43541287806315,pN/nm,0.1294178152539539,0.0017454475737089803,109.88434529264983,1.6627426701032566,QC_FAILED,r2 0.13 below 0.5 | negative stiffness -9 pN/nm is unphysical | r2 0.00 below 0.5,779b297ee54d560c11b07397c92fa69e593a32de7fc748657547006a26ac50d5,False
2CI2_MODERATE_59_seed4,2CI2,2CI2,I,P01053,GCR_DEEP_SPACE_REFERENCE,MODERATE,I:59,I:59 I:61 I:72,3,0,MET,0.625,0.9021545934162158,4.0,high,1,65.0,7400.6900000000005,0.4461538461538462,0.3230769230769231,SIDE_CHAIN_LOSS,4,95.45814718835732,5.560463186778276,pN/nm,0.1294178152539539,0.0005519305788944662,94.17497264449685,1.6627426701032566,QC_FAILED,r2 0.13 below 0.5 | r2 0.00 below 0.5,779b297ee54d560c11b07397c92fa69e593a32de7fc748657547006a26ac50d5,False
2CI2_SEVERE_59_seed4,2CI2,2CI2,I,P01053,GCR_DEEP_SPACE_REFERENCE,SEVERE,I:59,I:37 I:41 I:56 I:59 I:61 I:72,6,0,MET,0.625,0.9021545934162158,4.0,high,1,65.0,7400.6900000000005,0.4461538461538462,0.3230769230769231,SIDE_CHAIN_LOSS,4,95.45814718835732,-15.569510714948136,pN/nm,0.1294178152539539,0.0040333576370122914,116.31030055949702,1.6627426701032566,QC_FAILED,r2 0.13 below 0.5 | negative stiffness -16 pN/nm is unphysical | r2 0.00 below 0.5,779b297ee54d560c11b07397c92fa69e593a32de7fc748657547006a26ac50d5,False
2CI2_EXTREME_59_seed4,2CI2,2CI2,I,P01053,GCR_DEEP_SPACE_REFERENCE,EXTREME,I:59,I:20 I:21 I:36 I:37 I:41 I:47 I:56 I:58 I:59 I:61 I:62 I:72 I:73 I:81,14,0,MET,0.625,0.9021545934162158,4.0,high,1,65.0,7400.6900000000005,0.4461538461538462,0.3230769230769231,SIDE_CHAIN_LOSS,4,95.45814718835732,123.59462439055054,pN/nm,0.1294178152539539,0.2963022112750441,-29.47519727852514,1.6627426701032566,QC_FAILED,r2 0.13 below 0.5 | r2 0.30 below 0.5,779b297ee54d560c11b07397c92fa69e593a32de7fc748657547006a26ac50d5,False
2CI2_MILD_59_seed5,2CI2,2CI2,I,P01053,GCR_DEEP_SPACE_REFERENCE,MILD,I:59,I:59,1,0,MET,0.625,0.9021545934162158,4.0,high,1,65.0,7400.6900000000005,0.4461538461538462,0.3230769230769231,SIDE_CHAIN_LOSS,5,-1.0174321231805208,-109.1257462363626,pN/nm,2.4679665327820288e-05,0.19100448612052467,-10625.60456369635,1.6300635037639564,QC_FAILED,negative stiffness -1 pN/nm is unphysical | r2 0.00 below 0.5 | negative stiffness -109 pN/nm is unphysical | r2 0.19 below 0.5,779b297ee54d560c11b07397c92fa69e593a32de7fc748657547006a26ac50d5,False
2CI2_MILD_61_seed5,2CI2,2CI2,I,P01053,GCR_DEEP_SPACE_REFERENCE,MILD,I:61,I:61,1,0,TYR,0.65625,0.7556409255640587,5.0,high,3,65.0,7400.6900000000005,0.4461538461538462,0.3230769230769231,SIDE_CHAIN_LOSS,5,-1.0174321231805208,-16.09313579832242,pN/nm,2.4679665327820288e-05,0.00497197403383709,-1481.7404848605365,1.6300635037639564,QC_FAILED,negative stiffness -1 pN/nm is unphysical | r2 0.00 below 0.5 | negative stiffness -16 pN/nm is unphysical | r2 0.00 below 0.5,779b297ee54d560c11b07397c92fa69e593a32de7fc748657547006a26ac50d5,False
2CI2_MILD_72_seed5,2CI2,2CI2,I,P01053,GCR_DEEP_SPACE_REFERENCE,MILD,I:72,I:72,1,0,LYS,0.828125,1.0,6.0,medium,4,65.0,7400.6900000000005,0.4461538461538462,0.3230769230769231,SIDE_CHAIN_LOSS,5,-1.0174321231805208,12.891400502207695,pN/nm,2.4679665327820288e-05,0.003247503250729311,1367.0526326521735,1.6300635037639564,QC_FAILED,negative stiffness -1 pN/nm is unphysical | r2 0.00 below 0.5 | r2 0.00 below 0.5,779b297ee54d560c11b07397c92fa69e593a32de7fc748657547006a26ac50d5,False
2CI2_MILD_41_seed5,2CI2,2CI2,I,P01053,GCR_DEEP_SPACE_REFERENCE,MILD,I:41,I:41,1,0,GLN,0.34375,0.7450369820016233,7.0,medium,5,65.0,7400.6900000000005,0.4461538461538462,0.3230769230769231,SIDE_CHAIN_LOSS,5,-1.0174321231805208,46.4631975465423,pN/nm,2.4679665327820288e-05,0.04410949178326662,4666.7122639392455,1.6300635037639564,QC_FAILED,negative stiffness -1 pN/nm is unphysical | r2 0.00 below 0.5 | r2 0.04 below 0.5,779b297ee54d560c11b07397c92fa69e593a32de7fc748657547006a26ac50d5,False
2CI2_MILD_56_seed5,2CI2,2CI2,I,P01053,GCR_DEEP_SPACE_REFERENCE,MILD,I:56,I:56,1,0,ILE,0.578125,0.7733018085055438,4.0,low,6,65.0,7400.6900000000005,0.4461538461538462,0.3230769230769231,SIDE_CHAIN_LOSS,5,-1.0174321231805208,-9.914505682491654,pN/nm,2.4679665327820288e-05,0.0013200466690734824,-874.4635987606364,1.6300635037639564,QC_FAILED,negative stiffness -1 pN/nm is unphysical | r2 0.00 below 0.5 | negative stiffness -10 pN/nm is unphysical | r2 0.00 below 0.5,779b297ee54d560c11b07397c92fa69e593a32de7fc748657547006a26ac50d5,False
2CI2_MODERATE_59_seed5,2CI2,2CI2,I,P01053,GCR_DEEP_SPACE_REFERENCE,MODERATE,I:59,I:59 I:61 I:72,3,0,MET,0.625,0.9021545934162158,4.0,high,1,65.0,7400.6900000000005,0.4461538461538462,0.3230769230769231,SIDE_CHAIN_LOSS,5,-1.0174321231805208,-68.15220376584305,pN/nm,2.4679665327820288e-05,0.07625277997777957,-6598.452133867897,1.6300635037639564,QC_FAILED,negative stiffness -1 pN/nm is unphysical | r2 0.00 below 0.5 | negative stiffness -68 pN/nm is unphysical | r2 0.08 below 0.5,779b297ee54d560c11b07397c92fa69e593a32de7fc748657547006a26ac50d5,False
2CI2_SEVERE_59_seed5,2CI2,2CI2,I,P01053,GCR_DEEP_SPACE_REFERENCE,SEVERE,I:59,I:37 I:41 I:56 I:59 I:61 I:72,6,0,MET,0.625,0.9021545934162158,4.0,high,1,65.0,7400.6900000000005,0.4461538461538462,0.3230769230769231,SIDE_CHAIN_LOSS,5,-1.0174321231805208,6.983687595974307,pN/nm,2.4679665327820288e-05,0.0009025294607274414,786.4032928450408,1.6300635037639564,QC_FAILED,negative stiffness -1 pN/nm is unphysical | r2 0.00 below 0.5 | r2 0.00 below 0.5,779b297ee54d560c11b07397c92fa69e593a32de7fc748657547006a26ac50d5,False
2CI2_EXTREME_59_seed5,2CI2,2CI2,I,P01053,GCR_DEEP_SPACE_REFERENCE,EXTREME,I:59,I:20 I:21 I:36 I:37 I:41 I:47 I:56 I:58 I:59 I:61 I:62 I:72 I:73 I:81,14,0,MET,0.625,0.9021545934162158,4.0,high,1,65.0,7400.6900000000005,0.4461538461538462,0.3230769230769231,SIDE_CHAIN_LOSS,5,-1.0174321231805208,-74.00453707740375,pN/nm,2.4679665327820288e-05,0.086347862133892,-7173.658398563584,1.6300635037639564,QC_FAILED,negative stiffness -1 pN/nm is unphysical | r2 0.00 below 0.5 | negative stiffness -74 pN/nm is unphysical | r2 0.09 below 0.5,779b297ee54d560c11b07397c92fa69e593a32de7fc748657547006a26ac50d5,False
1WIT_MILD_10_seed1,1WIT,1WIT,A,Q23551,GCR_DEEP_SPACE_REFERENCE,MILD,A:10,A:10,1,19,ARG,0.09782608695652174,1.0,7.0,medium,1,93.0,9989.44,0.41935483870967744,0.25806451612903225,SIDE_CHAIN_LOSS,1,532.2338404031932,853.5807868767006,pN/nm,0.5352945326157531,0.684637806203406,-60.377022669222114,4.1167294234513125,COMPLETED,,779b297ee54d560c11b07397c92fa69e593a32de7fc748657547006a26ac50d5,False
1WIT_MILD_67_seed1,1WIT,1WIT,A,Q23551,GCR_DEEP_SPACE_REFERENCE,MILD,A:67,A:67,1,19,ARG,0.717391304347826,0.9949864462554924,11.0,medium,2,93.0,9989.44,0.41935483870967744,0.25806451612903225,SIDE_CHAIN_LOSS,1,532.2338404031932,802.8049351655304,pN/nm,0.5352945326157531,0.7591122642910118,-50.83688300566652,4.1167294234513125,COMPLETED,,779b297ee54d560c11b07397c92fa69e593a32de7fc748657547006a26ac50d5,False
1WIT_MILD_54_seed1,1WIT,1WIT,A,Q23551,GCR_DEEP_SPACE_REFERENCE,MILD,A:54,A:54,1,17,LYS,0.5760869565217391,0.8194559667385346,7.0,medium,3,93.0,9989.44,0.41935483870967744,0.25806451612903225,SIDE_CHAIN_LOSS,1,532.2338404031932,150.4878117643104,pN/nm,0.5352945326157531,0.055148519102271365,71.72524549541822,4.1167294234513125,QC_FAILED,r2 0.06 below 0.5,779b297ee54d560c11b07397c92fa69e593a32de7fc748657547006a26ac50d5,False
1WIT_MILD_13_seed1,1WIT,1WIT,A,Q23551,GCR_DEEP_SPACE_REFERENCE,MILD,A:13,A:13,1,17,LYS,0.13043478260869565,0.8201581201504743,8.0,medium,5,93.0,9989.44,0.41935483870967744,0.25806451612903225,SIDE_CHAIN_LOSS,1,532.2338404031932,469.0110542437853,pN/nm,0.5352945326157531,0.30094463889666223,11.8787610557633,4.1167294234513125,QC_FAILED,r2 0.30 below 0.5,779b297ee54d560c11b07397c92fa69e593a32de7fc748657547006a26ac50d5,False
1WIT_MILD_41_seed1,1WIT,1WIT,A,Q23551,GCR_DEEP_SPACE_REFERENCE,MILD,A:41,A:41,1,6,SER,0.43478260869565216,0.6061685176800261,4.0,medium,7,93.0,9989.44,0.41935483870967744,0.25806451612903225,SIDE_CHAIN_LOSS,1,532.2338404031932,815.9848752372318,pN/nm,0.5352945326157531,0.730777535273128,-53.31322687394009,4.1167294234513125,COMPLETED,,779b297ee54d560c11b07397c92fa69e593a32de7fc748657547006a26ac50d5,False
1WIT_MODERATE_10_seed1,1WIT,1WIT,A,Q23551,GCR_DEEP_SPACE_REFERENCE,MODERATE,A:10,A:10 A:54 A:67,3,55,ARG,0.09782608695652174,1.0,7.0,medium,1,93.0,9989.44,0.41935483870967744,0.25806451612903225,SIDE_CHAIN_LOSS,1,532.2338404031932,638.5198681864689,pN/nm,0.5352945326157531,0.48019880469371534,-19.96979893325814,4.1167294234513125,QC_FAILED,r2 0.48 below 0.5,779b297ee54d560c11b07397c92fa69e593a32de7fc748657547006a26ac50d5,False
1WIT_SEVERE_10_seed1,1WIT,1WIT,A,Q23551,GCR_DEEP_SPACE_REFERENCE,SEVERE,A:10,A:10 A:13 A:41 A:54 A:67 A:81,6,92,ARG,0.09782608695652174,1.0,7.0,medium,1,93.0,9989.44,0.41935483870967744,0.25806451612903225,SIDE_CHAIN_LOSS,1,532.2338404031932,705.6124028766908,pN/nm,0.5352945326157531,0.8550831508592187,-32.57563674308173,4.1167294234513125,COMPLETED,,779b297ee54d560c11b07397c92fa69e593a32de7fc748657547006a26ac50d5,False
1WIT_EXTREME_10_seed1,1WIT,1WIT,A,Q23551,GCR_DEEP_SPACE_REFERENCE,EXTREME,A:10,A:2 A:4 A:6 A:10 A:11 A:13 A:15 A:21 A:23 A:31 A:40 A:41 A:54 A:66 A:67 A:80 A:81,17,234,ARG,0.09782608695652174,1.0,7.0,medium,1,93.0,9989.44,0.41935483870967744,0.25806451612903225,SIDE_CHAIN_LOSS,1,532.2338404031932,373.97280726575076,pN/nm,0.5352945326157531,0.43687617377380494,29.735244383850517,4.1167294234513125,QC_FAILED,r2 0.44 below 0.5,779b297ee54d560c11b07397c92fa69e593a32de7fc748657547006a26ac50d5,False
1WIT_MILD_10_seed2,1WIT,1WIT,A,Q23551,GCR_DEEP_SPACE_REFERENCE,MILD,A:10,A:10,1,19,ARG,0.09782608695652174,1.0,7.0,medium,1,93.0,9989.44,0.41935483870967744,0.25806451612903225,SIDE_CHAIN_LOSS,2,735.2668473369289,1062.38714812867,pN/nm,0.8416429118494894,0.7997944215218395,-44.490010936375256,3.9362001589889077,COMPLETED,,779b297ee54d560c11b07397c92fa69e593a32de7fc748657547006a26ac50d5,False
1WIT_MILD_67_seed2,1WIT,1WIT,A,Q23551,GCR_DEEP_SPACE_REFERENCE,MILD,A:67,A:67,1,19,ARG,0.717391304347826,0.9949864462554924,11.0,medium,2,93.0,9989.44,0.41935483870967744,0.25806451612903225,SIDE_CHAIN_LOSS,2,735.2668473369289,690.7391405042421,pN/nm,0.8416429118494894,0.6345102904959583,6.05599273161332,3.9362001589889077,COMPLETED,,779b297ee54d560c11b07397c92fa69e593a32de7fc748657547006a26ac50d5,False
1WIT_MILD_54_seed2,1WIT,1WIT,A,Q23551,GCR_DEEP_SPACE_REFERENCE,MILD,A:54,A:54,1,17,LYS,0.5760869565217391,0.8194559667385346,7.0,medium,3,93.0,9989.44,0.41935483870967744,0.25806451612903225,SIDE_CHAIN_LOSS,2,735.2668473369289,922.8342750545667,pN/nm,0.8416429118494894,0.8570935014895772,-25.510116279142775,3.9362001589889077,COMPLETED,,779b297ee54d560c11b07397c92fa69e593a32de7fc748657547006a26ac50d5,False
1WIT_MILD_13_seed2,1WIT,1WIT,A,Q23551,GCR_DEEP_SPACE_REFERENCE,MILD,A:13,A:13,1,17,LYS,0.13043478260869565,0.8201581201504743,8.0,medium,5,93.0,9989.44,0.41935483870967744,0.25806451612903225,SIDE_CHAIN_LOSS,2,735.2668473369289,888.3623029987477,pN/nm,0.8416429118494894,0.7537303327244607,-20.821754199351837,3.9362001589889077,COMPLETED,,779b297ee54d560c11b07397c92fa69e593a32de7fc748657547006a26ac50d5,False
1WIT_MILD_41_seed2,1WIT,1WIT,A,Q23551,GCR_DEEP_SPACE_REFERENCE,MILD,A:41,A:41,1,6,SER,0.43478260869565216,0.6061685176800261,4.0,medium,7,93.0,9989.44,0.41935483870967744,0.25806451612903225,SIDE_CHAIN_LOSS,2,735.2668473369289,934.9311786980873,pN/nm,0.8416429118494894,0.6992864323013566,-27.155356192697223,3.9362001589889077,COMPLETED,,779b297ee54d560c11b07397c92fa69e593a32de7fc748657547006a26ac50d5,False
1WIT_MODERATE_10_seed2,1WIT,1WIT,A,Q23551,GCR_DEEP_SPACE_REFERENCE,MODERATE,A:10,A:10 A:54 A:67,3,55,ARG,0.09782608695652174,1.0,7.0,medium,1,93.0,9989.44,0.41935483870967744,0.25806451612903225,SIDE_CHAIN_LOSS,2,735.2668473369289,503.4904593640579,pN/nm,0.8416429118494894,0.6950378533133913,31.522757868431633,3.9362001589889077,COMPLETED,,779b297ee54d560c11b07397c92fa69e593a32de7fc748657547006a26ac50d5,False
1WIT_SEVERE_10_seed2,1WIT,1WIT,A,Q23551,GCR_DEEP_SPACE_REFERENCE,SEVERE,A:10,A:10 A:13 A:41 A:54 A:67 A:81,6,92,ARG,0.09782608695652174,1.0,7.0,medium,1,93.0,9989.44,0.41935483870967744,0.25806451612903225,SIDE_CHAIN_LOSS,2,735.2668473369289,743.2098510820981,pN/nm,0.8416429118494894,0.7284150887614886,-1.0802885746770816,3.9362001589889077,COMPLETED,,779b297ee54d560c11b07397c92fa69e593a32de7fc748657547006a26ac50d5,False
1WIT_EXTREME_10_seed2,1WIT,1WIT,A,Q23551,GCR_DEEP_SPACE_REFERENCE,EXTREME,A:10,A:2 A:4 A:6 A:10 A:11 A:13 A:15 A:21 A:23 A:31 A:40 A:41 A:54 A:66 A:67 A:80 A:81,17,234,ARG,0.09782608695652174,1.0,7.0,medium,1,93.0,9989.44,0.41935483870967744,0.25806451612903225,SIDE_CHAIN_LOSS,2,735.2668473369289,851.7918702404754,pN/nm,0.8416429118494894,0.8321094043741062,-15.847990879173976,3.9362001589889077,COMPLETED,,779b297ee54d560c11b07397c92fa69e593a32de7fc748657547006a26ac50d5,False
1WIT_MILD_10_seed3,1WIT,1WIT,A,Q23551,GCR_DEEP_SPACE_REFERENCE,MILD,A:10,A:10,1,19,ARG,0.09782608695652174,1.0,7.0,medium,1,93.0,9989.44,0.41935483870967744,0.25806451612903225,SIDE_CHAIN_LOSS,3,636.6688298938138,687.5968707869024,pN/nm,0.7442294045872898,0.7882272613998846,-7.999141547668125,4.085949378249429,COMPLETED,,779b297ee54d560c11b07397c92fa69e593a32de7fc748657547006a26ac50d5,False
1WIT_MILD_67_seed3,1WIT,1WIT,A,Q23551,GCR_DEEP_SPACE_REFERENCE,MILD,A:67,A:67,1,19,ARG,0.717391304347826,0.9949864462554924,11.0,medium,2,93.0,9989.44,0.41935483870967744,0.25806451612903225,SIDE_CHAIN_LOSS,3,636.6688298938138,655.1066662044243,pN/nm,0.7442294045872898,0.7630345395727697,-2.89598539223062,4.085949378249429,COMPLETED,,779b297ee54d560c11b07397c92fa69e593a32de7fc748657547006a26ac50d5,False
1WIT_MILD_54_seed3,1WIT,1WIT,A,Q23551,GCR_DEEP_SPACE_REFERENCE,MILD,A:54,A:54,1,17,LYS,0.5760869565217391,0.8194559667385346,7.0,medium,3,93.0,9989.44,0.41935483870967744,0.25806451612903225,SIDE_CHAIN_LOSS,3,636.6688298938138,793.4955364398552,pN/nm,0.7442294045872898,0.8980124186674224,-24.632383302351638,4.085949378249429,COMPLETED,,779b297ee54d560c11b07397c92fa69e593a32de7fc748657547006a26ac50d5,False
1WIT_MILD_13_seed3,1WIT,1WIT,A,Q23551,GCR_DEEP_SPACE_REFERENCE,MILD,A:13,A:13,1,17,LYS,0.13043478260869565,0.8201581201504743,8.0,medium,5,93.0,9989.44,0.41935483870967744,0.25806451612903225,SIDE_CHAIN_LOSS,3,636.6688298938138,919.9023064406754,pN/nm,0.7442294045872898,0.6887996428086463,-44.48678233456165,4.085949378249429,COMPLETED,,779b297ee54d560c11b07397c92fa69e593a32de7fc748657547006a26ac50d5,False
1WIT_MILD_41_seed3,1WIT,1WIT,A,Q23551,GCR_DEEP_SPACE_REFERENCE,MILD,A:41,A:41,1,6,SER,0.43478260869565216,0.6061685176800261,4.0,medium,7,93.0,9989.44,0.41935483870967744,0.25806451612903225,SIDE_CHAIN_LOSS,3,636.6688298938138,956.3733665105406,pN/nm,0.7442294045872898,0.7767029432412645,-50.21520162531725,4.085949378249429,COMPLETED,,779b297ee54d560c11b07397c92fa69e593a32de7fc748657547006a26ac50d5,False
1WIT_MODERATE_10_seed3,1WIT,1WIT,A,Q23551,GCR_DEEP_SPACE_REFERENCE,MODERATE,A:10,A:10 A:54 A:67,3,55,ARG,0.09782608695652174,1.0,7.0,medium,1,93.0,9989.44,0.41935483870967744,0.25806451612903225,SIDE_CHAIN_LOSS,3,636.6688298938138,564.6591393046089,pN/nm,0.7442294045872898,0.7232773287473193,11.310384175901158,4.085949378249429,COMPLETED,,779b297ee54d560c11b07397c92fa69e593a32de7fc748657547006a26ac50d5,False
1WIT_SEVERE_10_seed3,1WIT,1WIT,A,Q23551,GCR_DEEP_SPACE_REFERENCE,SEVERE,A:10,A:10 A:13 A:41 A:54 A:67 A:81,6,92,ARG,0.09782608695652174,1.0,7.0,medium,1,93.0,9989.44,0.41935483870967744,0.25806451612903225,SIDE_CHAIN_LOSS,3,636.6688298938138,448.96354434986415,pN/nm,0.7442294045872898,0.24102349615488916,29.4824054093014,4.085949378249429,QC_FAILED,r2 0.24 below 0.5,779b297ee54d560c11b07397c92fa69e593a32de7fc748657547006a26ac50d5,False
1WIT_EXTREME_10_seed3,1WIT,1WIT,A,Q23551,GCR_DEEP_SPACE_REFERENCE,EXTREME,A:10,A:2 A:4 A:6 A:10 A:11 A:13 A:15 A:21 A:23 A:31 A:40 A:41 A:54 A:66 A:67 A:80 A:81,17,234,ARG,0.09782608695652174,1.0,7.0,medium,1,93.0,9989.44,0.41935483870967744,0.25806451612903225,SIDE_CHAIN_LOSS,3,636.6688298938138,187.53426147702572,pN/nm,0.7442294045872898,0.2008891474995651,70.544456918316,4.085949378249429,QC_FAILED,r2 0.20 below 0.5,779b297ee54d560c11b07397c92fa69e593a32de7fc748657547006a26ac50d5,False
1WIT_MILD_10_seed4,1WIT,1WIT,A,Q23551,GCR_DEEP_SPACE_REFERENCE,MILD,A:10,A:10,1,19,ARG,0.09782608695652174,1.0,7.0,medium,1,93.0,9989.44,0.41935483870967744,0.25806451612903225,SIDE_CHAIN_LOSS,4,500.37939160093504,635.576651892054,pN/nm,0.5540631727231944,0.5615821807271513,-27.01895053242762,4.1764658329396775,COMPLETED,,779b297ee54d560c11b07397c92fa69e593a32de7fc748657547006a26ac50d5,False
1WIT_MILD_67_seed4,1WIT,1WIT,A,Q23551,GCR_DEEP_SPACE_REFERENCE,MILD,A:67,A:67,1,19,ARG,0.717391304347826,0.9949864462554924,11.0,medium,2,93.0,9989.44,0.41935483870967744,0.25806451612903225,SIDE_CHAIN_LOSS,4,500.37939160093504,480.7454886228002,pN/nm,0.5540631727231944,0.4640292092557188,3.923803279610951,4.1764658329396775,QC_FAILED,r2 0.46 below 0.5,779b297ee54d560c11b07397c92fa69e593a32de7fc748657547006a26ac50d5,False
1WIT_MILD_54_seed4,1WIT,1WIT,A,Q23551,GCR_DEEP_SPACE_REFERENCE,MILD,A:54,A:54,1,17,LYS,0.5760869565217391,0.8194559667385346,7.0,medium,3,93.0,9989.44,0.41935483870967744,0.25806451612903225,SIDE_CHAIN_LOSS,4,500.37939160093504,531.9478444875709,pN/nm,0.5540631727231944,0.49930925170102247,-6.308903487338767,4.1764658329396775,QC_FAILED,r2 0.50 below 0.5,779b297ee54d560c11b07397c92fa69e593a32de7fc748657547006a26ac50d5,False
1WIT_MILD_13_seed4,1WIT,1WIT,A,Q23551,GCR_DEEP_SPACE_REFERENCE,MILD,A:13,A:13,1,17,LYS,0.13043478260869565,0.8201581201504743,8.0,medium,5,93.0,9989.44,0.41935483870967744,0.25806451612903225,SIDE_CHAIN_LOSS,4,500.37939160093504,580.2276942273879,pN/nm,0.5540631727231944,0.5157296285724333,-15.957552202736178,4.1764658329396775,COMPLETED,,779b297ee54d560c11b07397c92fa69e593a32de7fc748657547006a26ac50d5,False
1WIT_MILD_41_seed4,1WIT,1WIT,A,Q23551,GCR_DEEP_SPACE_REFERENCE,MILD,A:41,A:41,1,6,SER,0.43478260869565216,0.6061685176800261,4.0,medium,7,93.0,9989.44,0.41935483870967744,0.25806451612903225,SIDE_CHAIN_LOSS,4,500.37939160093504,662.6134019332299,pN/nm,0.5540631727231944,0.7307133812351203,-32.422200645241695,4.1764658329396775,COMPLETED,,779b297ee54d560c11b07397c92fa69e593a32de7fc748657547006a26ac50d5,False
1WIT_MODERATE_10_seed4,1WIT,1WIT,A,Q23551,GCR_DEEP_SPACE_REFERENCE,MODERATE,A:10,A:10 A:54 A:67,3,55,ARG,0.09782608695652174,1.0,7.0,medium,1,93.0,9989.44,0.41935483870967744,0.25806451612903225,SIDE_CHAIN_LOSS,4,500.37939160093504,588.6233482146707,pN/nm,0.5540631727231944,0.39474319815997183,-17.635409869979704,4.1764658329396775,QC_FAILED,r2 0.39 below 0.5,779b297ee54d560c11b07397c92fa69e593a32de7fc748657547006a26ac50d5,False
1WIT_SEVERE_10_seed4,1WIT,1WIT,A,Q23551,GCR_DEEP_SPACE_REFERENCE,SEVERE,A:10,A:10 A:13 A:41 A:54 A:67 A:81,6,92,ARG,0.09782608695652174,1.0,7.0,medium,1,93.0,9989.44,0.41935483870967744,0.25806451612903225,SIDE_CHAIN_LOSS,4,500.37939160093504,527.2358150631621,pN/nm,0.5540631727231944,0.5341483896689229,-5.367212142031173,4.1764658329396775,COMPLETED,,779b297ee54d560c11b07397c92fa69e593a32de7fc748657547006a26ac50d5,False
1WIT_EXTREME_10_seed4,1WIT,1WIT,A,Q23551,GCR_DEEP_SPACE_REFERENCE,EXTREME,A:10,A:2 A:4 A:6 A:10 A:11 A:13 A:15 A:21 A:23 A:31 A:40 A:41 A:54 A:66 A:67 A:80 A:81,17,234,ARG,0.09782608695652174,1.0,7.0,medium,1,93.0,9989.44,0.41935483870967744,0.25806451612903225,SIDE_CHAIN_LOSS,4,500.37939160093504,329.76311659099366,pN/nm,0.5540631727231944,0.26762697454882034,34.097382480934,4.1764658329396775,QC_FAILED,r2 0.27 below 0.5,779b297ee54d560c11b07397c92fa69e593a32de7fc748657547006a26ac50d5,False
1WIT_MILD_10_seed5,1WIT,1WIT,A,Q23551,GCR_DEEP_SPACE_REFERENCE,MILD,A:10,A:10,1,19,ARG,0.09782608695652174,1.0,7.0,medium,1,93.0,9989.44,0.41935483870967744,0.25806451612903225,SIDE_CHAIN_LOSS,5,821.27642518616,184.35481264168078,pN/nm,0.8402993041604012,0.1501165570055928,77.5526476849871,4.118220711938856,QC_FAILED,r2 0.15 below 0.5,779b297ee54d560c11b07397c92fa69e593a32de7fc748657547006a26ac50d5,False
1WIT_MILD_67_seed5,1WIT,1WIT,A,Q23551,GCR_DEEP_SPACE_REFERENCE,MILD,A:67,A:67,1,19,ARG,0.717391304347826,0.9949864462554924,11.0,medium,2,93.0,9989.44,0.41935483870967744,0.25806451612903225,SIDE_CHAIN_LOSS,5,821.27642518616,806.7063950575665,pN/nm,0.8402993041604012,0.8313219452093566,1.7740713944505264,4.118220711938856,COMPLETED,,779b297ee54d560c11b07397c92fa69e593a32de7fc748657547006a26ac50d5,False
1WIT_MILD_54_seed5,1WIT,1WIT,A,Q23551,GCR_DEEP_SPACE_REFERENCE,MILD,A:54,A:54,1,17,LYS,0.5760869565217391,0.8194559667385346,7.0,medium,3,93.0,9989.44,0.41935483870967744,0.25806451612903225,SIDE_CHAIN_LOSS,5,821.27642518616,579.258854018952,pN/nm,0.8402993041604012,0.7110289163811393,29.468466857836518,4.118220711938856,COMPLETED,,779b297ee54d560c11b07397c92fa69e593a32de7fc748657547006a26ac50d5,False
1WIT_MILD_13_seed5,1WIT,1WIT,A,Q23551,GCR_DEEP_SPACE_REFERENCE,MILD,A:13,A:13,1,17,LYS,0.13043478260869565,0.8201581201504743,8.0,medium,5,93.0,9989.44,0.41935483870967744,0.25806451612903225,SIDE_CHAIN_LOSS,5,821.27642518616,583.1056290561829,pN/nm,0.8402993041604012,0.7827272472870868,29.000077053957877,4.118220711938856,COMPLETED,,779b297ee54d560c11b07397c92fa69e593a32de7fc748657547006a26ac50d5,False
1WIT_MILD_41_seed5,1WIT,1WIT,A,Q23551,GCR_DEEP_SPACE_REFERENCE,MILD,A:41,A:41,1,6,SER,0.43478260869565216,0.6061685176800261,4.0,medium,7,93.0,9989.44,0.41935483870967744,0.25806451612903225,SIDE_CHAIN_LOSS,5,821.27642518616,710.3027196504255,pN/nm,0.8402993041604012,0.7926040936732599,13.512345190059483,4.118220711938856,COMPLETED,,779b297ee54d560c11b07397c92fa69e593a32de7fc748657547006a26ac50d5,False
1WIT_MODERATE_10_seed5,1WIT,1WIT,A,Q23551,GCR_DEEP_SPACE_REFERENCE,MODERATE,A:10,A:10 A:54 A:67,3,55,ARG,0.09782608695652174,1.0,7.0,medium,1,93.0,9989.44,0.41935483870967744,0.25806451612903225,SIDE_CHAIN_LOSS,5,821.27642518616,725.9163818088235,pN/nm,0.8402993041604012,0.8057758524044515,11.611199402895451,4.118220711938856,COMPLETED,,779b297ee54d560c11b07397c92fa69e593a32de7fc748657547006a26ac50d5,False
1WIT_SEVERE_10_seed5,1WIT,1WIT,A,Q23551,GCR_DEEP_SPACE_REFERENCE,SEVERE,A:10,A:10 A:13 A:41 A:54 A:67 A:81,6,92,ARG,0.09782608695652174,1.0,7.0,medium,1,93.0,9989.44,0.41935483870967744,0.25806451612903225,SIDE_CHAIN_LOSS,5,821.27642518616,477.4962864893207,pN/nm,0.8402993041604012,0.5562263998214381,41.859248378999084,4.118220711938856,COMPLETED,,779b297ee54d560c11b07397c92fa69e593a32de7fc748657547006a26ac50d5,False
1WIT_EXTREME_10_seed5,1WIT,1WIT,A,Q23551,GCR_DEEP_SPACE_REFERENCE,EXTREME,A:10,A:2 A:4 A:6 A:10 A:11 A:13 A:15 A:21 A:23 A:31 A:40 A:41 A:54 A:66 A:67 A:80 A:81,17,234,ARG,0.09782608695652174,1.0,7.0,medium,1,93.0,9989.44,0.41935483870967744,0.25806451612903225,SIDE_CHAIN_LOSS,5,821.27642518616,356.4768493399466,pN/nm,0.8402993041604012,0.44779195061951604,56.59477876049548,4.118220711938856,QC_FAILED,r2 0.45 below 0.5,779b297ee54d560c11b07397c92fa69e593a32de7fc748657547006a26ac50d5,False
1AKI_MILD_128_seed1,1AKI,1AKI,A,P00698,GCR_DEEP_SPACE_REFERENCE,MILD,A:128,A:128,1,19,ARG,0.9921875,1.0,5.0,medium,1,129.0,14313.09,0.35658914728682173,0.20155038759689922,SIDE_CHAIN_LOSS,1,438.57156816727604,394.1090694831546,pN/nm,0.4105954654146937,0.3562007341519632,10.138025789023093,2.17232335426991,QC_FAILED,r2 0.41 below 0.5 | r2 0.36 below 0.5,779b297ee54d560c11b07397c92fa69e593a32de7fc748657547006a26ac50d5,False
1AKI_MILD_47_seed1,1AKI,1AKI,A,P00698,GCR_DEEP_SPACE_REFERENCE,MILD,A:47,A:47,1,9,THR,0.359375,0.720569594596835,5.0,medium,2,129.0,14313.09,0.35658914728682173,0.20155038759689922,SIDE_CHAIN_LOSS,1,438.57156816727604,862.8560664294434,pN/nm,0.4105954654146937,0.7686520272686063,-96.74236294778247,2.17232335426991,QC_FAILED,r2 0.41 below 0.5,779b297ee54d560c11b07397c92fa69e593a32de7fc748657547006a26ac50d5,False
1AKI_MILD_14_seed1,1AKI,1AKI,A,P00698,GCR_DEEP_SPACE_REFERENCE,MILD,A:14,A:14,1,19,ARG,0.1015625,0.7683477381668835,7.0,medium,3,129.0,14313.09,0.35658914728682173,0.20155038759689922,SIDE_CHAIN_LOSS,1,438.57156816727604,614.8520788932112,pN/nm,0.4105954654146937,0.6393021834688996,-40.194240466290296,2.17232335426991,QC_FAILED,r2 0.41 below 0.5,779b297ee54d560c11b07397c92fa69e593a32de7fc748657547006a26ac50d5,False
1AKI_MILD_62_seed1,1AKI,1AKI,A,P00698,GCR_DEEP_SPACE_REFERENCE,MILD,A:62,A:62,1,19,TRP,0.4765625,0.5286033419640742,9.0,high,4,129.0,14313.09,0.35658914728682173,0.20155038759689922,SIDE_CHAIN_LOSS,1,438.57156816727604,471.60758370492897,pN/nm,0.4105954654146937,0.5365625926508861,-7.532639581654921,2.17232335426991,QC_FAILED,r2 0.41 below 0.5,779b297ee54d560c11b07397c92fa69e593a32de7fc748657547006a26ac50d5,False
1AKI_MILD_21_seed1,1AKI,1AKI,A,P00698,GCR_DEEP_SPACE_REFERENCE,MILD,A:21,A:21,1,19,ARG,0.15625,0.6339473993255879,7.0,medium,5,129.0,14313.09,0.35658914728682173,0.20155038759689922,SIDE_CHAIN_LOSS,1,438.57156816727604,519.4230831791184,pN/nm,0.4105954654146937,0.5272106596026599,-18.435192994773594,2.17232335426991,QC_FAILED,r2 0.41 below 0.5,779b297ee54d560c11b07397c92fa69e593a32de7fc748657547006a26ac50d5,False
1AKI_MODERATE_128_seed1,1AKI,1AKI,A,P00698,GCR_DEEP_SPACE_REFERENCE,MODERATE,A:128,A:14 A:47 A:128,3,47,ARG,0.9921875,1.0,5.0,medium,1,129.0,14313.09,0.35658914728682173,0.20155038759689922,SIDE_CHAIN_LOSS,1,438.57156816727604,712.2723879882789,pN/nm,0.4105954654146937,0.7173724679863083,-62.407333189599356,2.17232335426991,QC_FAILED,r2 0.41 below 0.5,779b297ee54d560c11b07397c92fa69e593a32de7fc748657547006a26ac50d5,False
1AKI_SEVERE_128_seed1,1AKI,1AKI,A,P00698,GCR_DEEP_SPACE_REFERENCE,SEVERE,A:128,A:14 A:21 A:47 A:62 A:125 A:128,6,104,ARG,0.9921875,1.0,5.0,medium,1,129.0,14313.09,0.35658914728682173,0.20155038759689922,SIDE_CHAIN_LOSS,1,438.57156816727604,541.9158710613744,pN/nm,0.4105954654146937,0.6948313515111376,-23.563840065136585,2.17232335426991,QC_FAILED,r2 0.41 below 0.5,779b297ee54d560c11b07397c92fa69e593a32de7fc748657547006a26ac50d5,False
1AKI_EXTREME_128_seed1,1AKI,1AKI,A,P00698,GCR_DEEP_SPACE_REFERENCE,EXTREME,A:128,A:14 A:15 A:19 A:20 A:21 A:41 A:45 A:47 A:62 A:68 A:73 A:77 A:81 A:86 A:97 A:103 A:112 A:113 A:114 A:116 A:118 A:121 A:123 A:125 A:128,25,361,ARG,0.9921875,1.0,5.0,medium,1,129.0,14313.09,0.35658914728682173,0.20155038759689922,SIDE_CHAIN_LOSS,1,438.57156816727604,585.9642281236695,pN/nm,0.4105954654146937,0.6843197649228635,-33.60743619845787,2.17232335426991,QC_FAILED,r2 0.41 below 0.5,779b297ee54d560c11b07397c92fa69e593a32de7fc748657547006a26ac50d5,False
1AKI_MILD_128_seed2,1AKI,1AKI,A,P00698,GCR_DEEP_SPACE_REFERENCE,MILD,A:128,A:128,1,19,ARG,0.9921875,1.0,5.0,medium,1,129.0,14313.09,0.35658914728682173,0.20155038759689922,SIDE_CHAIN_LOSS,2,649.8861399102439,481.7540176006538,pN/nm,0.6216928547661158,0.706817727360026,25.871012164194003,2.1060690003063334,COMPLETED,,779b297ee54d560c11b07397c92fa69e593a32de7fc748657547006a26ac50d5,False
1AKI_MILD_47_seed2,1AKI,1AKI,A,P00698,GCR_DEEP_SPACE_REFERENCE,MILD,A:47,A:47,1,9,THR,0.359375,0.720569594596835,5.0,medium,2,129.0,14313.09,0.35658914728682173,0.20155038759689922,SIDE_CHAIN_LOSS,2,649.8861399102439,586.2104494908602,pN/nm,0.6216928547661158,0.7202379147828493,9.797976369857327,2.1060690003063334,COMPLETED,,779b297ee54d560c11b07397c92fa69e593a32de7fc748657547006a26ac50d5,False
1AKI_MILD_14_seed2,1AKI,1AKI,A,P00698,GCR_DEEP_SPACE_REFERENCE,MILD,A:14,A:14,1,19,ARG,0.1015625,0.7683477381668835,7.0,medium,3,129.0,14313.09,0.35658914728682173,0.20155038759689922,SIDE_CHAIN_LOSS,2,649.8861399102439,449.3496997341846,pN/nm,0.6216928547661158,0.8272124346208503,30.857165257248827,2.1060690003063334,COMPLETED,,779b297ee54d560c11b07397c92fa69e593a32de7fc748657547006a26ac50d5,False
1AKI_MILD_62_seed2,1AKI,1AKI,A,P00698,GCR_DEEP_SPACE_REFERENCE,MILD,A:62,A:62,1,19,TRP,0.4765625,0.5286033419640742,9.0,high,4,129.0,14313.09,0.35658914728682173,0.20155038759689922,SIDE_CHAIN_LOSS,2,649.8861399102439,472.21548069768596,pN/nm,0.6216928547661158,0.6663593890381967,27.338736480377328,2.1060690003063334,COMPLETED,,779b297ee54d560c11b07397c92fa69e593a32de7fc748657547006a26ac50d5,False
1AKI_MILD_21_seed2,1AKI,1AKI,A,P00698,GCR_DEEP_SPACE_REFERENCE,MILD,A:21,A:21,1,19,ARG,0.15625,0.6339473993255879,7.0,medium,5,129.0,14313.09,0.35658914728682173,0.20155038759689922,SIDE_CHAIN_LOSS,2,649.8861399102439,366.0566030324316,pN/nm,0.6216928547661158,0.7289046456731505,43.673732896813604,2.1060690003063334,COMPLETED,,779b297ee54d560c11b07397c92fa69e593a32de7fc748657547006a26ac50d5,False
1AKI_MODERATE_128_seed2,1AKI,1AKI,A,P00698,GCR_DEEP_SPACE_REFERENCE,MODERATE,A:128,A:14 A:47 A:128,3,47,ARG,0.9921875,1.0,5.0,medium,1,129.0,14313.09,0.35658914728682173,0.20155038759689922,SIDE_CHAIN_LOSS,2,649.8861399102439,646.9202058067165,pN/nm,0.6216928547661158,0.7466918939601911,0.45637749774706926,2.1060690003063334,COMPLETED,,779b297ee54d560c11b07397c92fa69e593a32de7fc748657547006a26ac50d5,False
1AKI_SEVERE_128_seed2,1AKI,1AKI,A,P00698,GCR_DEEP_SPACE_REFERENCE,SEVERE,A:128,A:14 A:21 A:47 A:62 A:125 A:128,6,104,ARG,0.9921875,1.0,5.0,medium,1,129.0,14313.09,0.35658914728682173,0.20155038759689922,SIDE_CHAIN_LOSS,2,649.8861399102439,622.3658581409961,pN/nm,0.6216928547661158,0.7477057461235423,4.234631280649957,2.1060690003063334,COMPLETED,,779b297ee54d560c11b07397c92fa69e593a32de7fc748657547006a26ac50d5,False
1AKI_EXTREME_128_seed2,1AKI,1AKI,A,P00698,GCR_DEEP_SPACE_REFERENCE,EXTREME,A:128,A:14 A:15 A:19 A:20 A:21 A:41 A:45 A:47 A:62 A:68 A:73 A:77 A:81 A:86 A:97 A:103 A:112 A:113 A:114 A:116 A:118 A:121 A:123 A:125 A:128,25,361,ARG,0.9921875,1.0,5.0,medium,1,129.0,14313.09,0.35658914728682173,0.20155038759689922,SIDE_CHAIN_LOSS,2,649.8861399102439,651.8256748408355,pN/nm,0.6216928547661158,0.7555426893390813,-0.29844226726539097,2.1060690003063334,COMPLETED,,779b297ee54d560c11b07397c92fa69e593a32de7fc748657547006a26ac50d5,False
1AKI_MILD_128_seed3,1AKI,1AKI,A,P00698,GCR_DEEP_SPACE_REFERENCE,MILD,A:128,A:128,1,19,ARG,0.9921875,1.0,5.0,medium,1,129.0,14313.09,0.35658914728682173,0.20155038759689922,SIDE_CHAIN_LOSS,3,508.1970530690733,885.6152866634494,pN/nm,0.6281300237866045,0.6720712241270521,-74.26612006407642,2.0020179084150325,COMPLETED,,779b297ee54d560c11b07397c92fa69e593a32de7fc748657547006a26ac50d5,False
1AKI_MILD_47_seed3,1AKI,1AKI,A,P00698,GCR_DEEP_SPACE_REFERENCE,MILD,A:47,A:47,1,9,THR,0.359375,0.720569594596835,5.0,medium,2,129.0,14313.09,0.35658914728682173,0.20155038759689922,SIDE_CHAIN_LOSS,3,508.1970530690733,791.6564161913658,pN/nm,0.6281300237866045,0.7551270931150026,-55.77745116986444,2.0020179084150325,COMPLETED,,779b297ee54d560c11b07397c92fa69e593a32de7fc748657547006a26ac50d5,False
1AKI_MILD_14_seed3,1AKI,1AKI,A,P00698,GCR_DEEP_SPACE_REFERENCE,MILD,A:14,A:14,1,19,ARG,0.1015625,0.7683477381668835,7.0,medium,3,129.0,14313.09,0.35658914728682173,0.20155038759689922,SIDE_CHAIN_LOSS,3,508.1970530690733,561.5291779569491,pN/nm,0.6281300237866045,0.7007177117575837,-10.494379014163023,2.0020179084150325,COMPLETED,,779b297ee54d560c11b07397c92fa69e593a32de7fc748657547006a26ac50d5,False
1AKI_MILD_62_seed3,1AKI,1AKI,A,P00698,GCR_DEEP_SPACE_REFERENCE,MILD,A:62,A:62,1,19,TRP,0.4765625,0.5286033419640742,9.0,high,4,129.0,14313.09,0.35658914728682173,0.20155038759689922,SIDE_CHAIN_LOSS,3,508.1970530690733,547.8580570244027,pN/nm,0.6281300237866045,0.6673892367203552,-7.8042569739062815,2.0020179084150325,COMPLETED,,779b297ee54d560c11b07397c92fa69e593a32de7fc748657547006a26ac50d5,False
1AKI_MILD_21_seed3,1AKI,1AKI,A,P00698,GCR_DEEP_SPACE_REFERENCE,MILD,A:21,A:21,1,19,ARG,0.15625,0.6339473993255879,7.0,medium,5,129.0,14313.09,0.35658914728682173,0.20155038759689922,SIDE_CHAIN_LOSS,3,508.1970530690733,591.9855789317281,pN/nm,0.6281300237866045,0.6257218405407099,-16.487408842031677,2.0020179084150325,COMPLETED,,779b297ee54d560c11b07397c92fa69e593a32de7fc748657547006a26ac50d5,False
1AKI_MODERATE_128_seed3,1AKI,1AKI,A,P00698,GCR_DEEP_SPACE_REFERENCE,MODERATE,A:128,A:14 A:47 A:128,3,47,ARG,0.9921875,1.0,5.0,medium,1,129.0,14313.09,0.35658914728682173,0.20155038759689922,SIDE_CHAIN_LOSS,3,508.1970530690733,428.5521534923363,pN/nm,0.6281300237866045,0.7430364408531117,15.672050653531008,2.0020179084150325,COMPLETED,,779b297ee54d560c11b07397c92fa69e593a32de7fc748657547006a26ac50d5,False
1AKI_SEVERE_128_seed3,1AKI,1AKI,A,P00698,GCR_DEEP_SPACE_REFERENCE,SEVERE,A:128,A:14 A:21 A:47 A:62 A:125 A:128,6,104,ARG,0.9921875,1.0,5.0,medium,1,129.0,14313.09,0.35658914728682173,0.20155038759689922,SIDE_CHAIN_LOSS,3,508.1970530690733,572.4788667367924,pN/nm,0.6281300237866045,0.7191193274155774,-12.64899378686125,2.0020179084150325,COMPLETED,,779b297ee54d560c11b07397c92fa69e593a32de7fc748657547006a26ac50d5,False
1AKI_EXTREME_128_seed3,1AKI,1AKI,A,P00698,GCR_DEEP_SPACE_REFERENCE,EXTREME,A:128,A:14 A:15 A:19 A:20 A:21 A:41 A:45 A:47 A:62 A:68 A:73 A:77 A:81 A:86 A:97 A:103 A:112 A:113 A:114 A:116 A:118 A:121 A:123 A:125 A:128,25,361,ARG,0.9921875,1.0,5.0,medium,1,129.0,14313.09,0.35658914728682173,0.20155038759689922,SIDE_CHAIN_LOSS,3,508.1970530690733,431.88770130672225,pN/nm,0.6281300237866045,0.48202232160952985,15.015701350786706,2.0020179084150325,QC_FAILED,r2 0.48 below 0.5,779b297ee54d560c11b07397c92fa69e593a32de7fc748657547006a26ac50d5,False
1AKI_MILD_128_seed4,1AKI,1AKI,A,P00698,GCR_DEEP_SPACE_REFERENCE,MILD,A:128,A:128,1,19,ARG,0.9921875,1.0,5.0,medium,1,129.0,14313.09,0.35658914728682173,0.20155038759689922,SIDE_CHAIN_LOSS,4,438.4487796968098,722.0017703805781,pN/nm,0.5216480814112749,0.790340372396523,-64.67186221383649,2.0928793576291587,COMPLETED,,779b297ee54d560c11b07397c92fa69e593a32de7fc748657547006a26ac50d5,False
1AKI_MILD_47_seed4,1AKI,1AKI,A,P00698,GCR_DEEP_SPACE_REFERENCE,MILD,A:47,A:47,1,9,THR,0.359375,0.720569594596835,5.0,medium,2,129.0,14313.09,0.35658914728682173,0.20155038759689922,SIDE_CHAIN_LOSS,4,438.4487796968098,582.1517600570655,pN/nm,0.5216480814112749,0.6563640541613829,-32.77531766871999,2.0928793576291587,COMPLETED,,779b297ee54d560c11b07397c92fa69e593a32de7fc748657547006a26ac50d5,False
1AKI_MILD_14_seed4,1AKI,1AKI,A,P00698,GCR_DEEP_SPACE_REFERENCE,MILD,A:14,A:14,1,19,ARG,0.1015625,0.7683477381668835,7.0,medium,3,129.0,14313.09,0.35658914728682173,0.20155038759689922,SIDE_CHAIN_LOSS,4,438.4487796968098,634.966407997495,pN/nm,0.5216480814112749,0.7500253174353,-44.82111421009734,2.0928793576291587,COMPLETED,,779b297ee54d560c11b07397c92fa69e593a32de7fc748657547006a26ac50d5,False
1AKI_MILD_62_seed4,1AKI,1AKI,A,P00698,GCR_DEEP_SPACE_REFERENCE,MILD,A:62,A:62,1,19,TRP,0.4765625,0.5286033419640742,9.0,high,4,129.0,14313.09,0.35658914728682173,0.20155038759689922,SIDE_CHAIN_LOSS,4,438.4487796968098,647.9635408501332,pN/nm,0.5216480814112749,0.8849939719852578,-47.78545883927518,2.0928793576291587,COMPLETED,,779b297ee54d560c11b07397c92fa69e593a32de7fc748657547006a26ac50d5,False
1AKI_MILD_21_seed4,1AKI,1AKI,A,P00698,GCR_DEEP_SPACE_REFERENCE,MILD,A:21,A:21,1,19,ARG,0.15625,0.6339473993255879,7.0,medium,5,129.0,14313.09,0.35658914728682173,0.20155038759689922,SIDE_CHAIN_LOSS,4,438.4487796968098,575.8328899860204,pN/nm,0.5216480814112749,0.7284053714158607,-31.33412992601156,2.0928793576291587,COMPLETED,,779b297ee54d560c11b07397c92fa69e593a32de7fc748657547006a26ac50d5,False
1AKI_MODERATE_128_seed4,1AKI,1AKI,A,P00698,GCR_DEEP_SPACE_REFERENCE,MODERATE,A:128,A:14 A:47 A:128,3,47,ARG,0.9921875,1.0,5.0,medium,1,129.0,14313.09,0.35658914728682173,0.20155038759689922,SIDE_CHAIN_LOSS,4,438.4487796968098,463.7979923706551,pN/nm,0.5216480814112749,0.779655527951611,-5.781567619226679,2.0928793576291587,COMPLETED,,779b297ee54d560c11b07397c92fa69e593a32de7fc748657547006a26ac50d5,False
1AKI_SEVERE_128_seed4,1AKI,1AKI,A,P00698,GCR_DEEP_SPACE_REFERENCE,SEVERE,A:128,A:14 A:21 A:47 A:62 A:125 A:128,6,104,ARG,0.9921875,1.0,5.0,medium,1,129.0,14313.09,0.35658914728682173,0.20155038759689922,SIDE_CHAIN_LOSS,4,438.4487796968098,380.77051872932657,pN/nm,0.5216480814112749,0.6872825539628542,13.155073896514924,2.0928793576291587,COMPLETED,,779b297ee54d560c11b07397c92fa69e593a32de7fc748657547006a26ac50d5,False
1AKI_EXTREME_128_seed4,1AKI,1AKI,A,P00698,GCR_DEEP_SPACE_REFERENCE,EXTREME,A:128,A:14 A:15 A:19 A:20 A:21 A:41 A:45 A:47 A:62 A:68 A:73 A:77 A:81 A:86 A:97 A:103 A:112 A:113 A:114 A:116 A:118 A:121 A:123 A:125 A:128,25,361,ARG,0.9921875,1.0,5.0,medium,1,129.0,14313.09,0.35658914728682173,0.20155038759689922,SIDE_CHAIN_LOSS,4,438.4487796968098,727.2614109222329,pN/nm,0.5216480814112749,0.7584110486774125,-65.87146426206019,2.0928793576291587,COMPLETED,,779b297ee54d560c11b07397c92fa69e593a32de7fc748657547006a26ac50d5,False
1AKI_MILD_128_seed5,1AKI,1AKI,A,P00698,GCR_DEEP_SPACE_REFERENCE,MILD,A:128,A:128,1,19,ARG,0.9921875,1.0,5.0,medium,1,129.0,14313.09,0.35658914728682173,0.20155038759689922,SIDE_CHAIN_LOSS,5,423.53897920062167,598.2582350904604,pN/nm,0.4286581108523341,0.6851977609650991,-41.25222576198301,2.142375286208327,QC_FAILED,r2 0.43 below 0.5,779b297ee54d560c11b07397c92fa69e593a32de7fc748657547006a26ac50d5,False
1AKI_MILD_47_seed5,1AKI,1AKI,A,P00698,GCR_DEEP_SPACE_REFERENCE,MILD,A:47,A:47,1,9,THR,0.359375,0.720569594596835,5.0,medium,2,129.0,14313.09,0.35658914728682173,0.20155038759689922,SIDE_CHAIN_LOSS,5,423.53897920062167,439.4487048256596,pN/nm,0.4286581108523341,0.6072614828128018,-3.7563781390476993,2.142375286208327,QC_FAILED,r2 0.43 below 0.5,779b297ee54d560c11b07397c92fa69e593a32de7fc748657547006a26ac50d5,False
1AKI_MILD_14_seed5,1AKI,1AKI,A,P00698,GCR_DEEP_SPACE_REFERENCE,MILD,A:14,A:14,1,19,ARG,0.1015625,0.7683477381668835,7.0,medium,3,129.0,14313.09,0.35658914728682173,0.20155038759689922,SIDE_CHAIN_LOSS,5,423.53897920062167,424.66561815794796,pN/nm,0.4286581108523341,0.5947406698226262,-0.2660059670193017,2.142375286208327,QC_FAILED,r2 0.43 below 0.5,779b297ee54d560c11b07397c92fa69e593a32de7fc748657547006a26ac50d5,False
1AKI_MILD_62_seed5,1AKI,1AKI,A,P00698,GCR_DEEP_SPACE_REFERENCE,MILD,A:62,A:62,1,19,TRP,0.4765625,0.5286033419640742,9.0,high,4,129.0,14313.09,0.35658914728682173,0.20155038759689922,SIDE_CHAIN_LOSS,5,423.53897920062167,602.7902907843637,pN/nm,0.4286581108523341,0.7636418365798117,-42.32227029541817,2.142375286208327,QC_FAILED,r2 0.43 below 0.5,779b297ee54d560c11b07397c92fa69e593a32de7fc748657547006a26ac50d5,False
1AKI_MILD_21_seed5,1AKI,1AKI,A,P00698,GCR_DEEP_SPACE_REFERENCE,MILD,A:21,A:21,1,19,ARG,0.15625,0.6339473993255879,7.0,medium,5,129.0,14313.09,0.35658914728682173,0.20155038759689922,SIDE_CHAIN_LOSS,5,423.53897920062167,559.6603683910748,pN/nm,0.4286581108523341,0.7122753473605394,-32.13904643378178,2.142375286208327,QC_FAILED,r2 0.43 below 0.5,779b297ee54d560c11b07397c92fa69e593a32de7fc748657547006a26ac50d5,False
1AKI_MODERATE_128_seed5,1AKI,1AKI,A,P00698,GCR_DEEP_SPACE_REFERENCE,MODERATE,A:128,A:14 A:47 A:128,3,47,ARG,0.9921875,1.0,5.0,medium,1,129.0,14313.09,0.35658914728682173,0.20155038759689922,SIDE_CHAIN_LOSS,5,423.53897920062167,426.84002809155464,pN/nm,0.4286581108523341,0.4473555775908855,-0.7793967150705476,2.142375286208327,QC_FAILED,r2 0.43 below 0.5 | r2 0.45 below 0.5,779b297ee54d560c11b07397c92fa69e593a32de7fc748657547006a26ac50d5,False
1AKI_SEVERE_128_seed5,1AKI,1AKI,A,P00698,GCR_DEEP_SPACE_REFERENCE,SEVERE,A:128,A:14 A:21 A:47 A:62 A:125 A:128,6,104,ARG,0.9921875,1.0,5.0,medium,1,129.0,14313.09,0.35658914728682173,0.20155038759689922,SIDE_CHAIN_LOSS,5,423.53897920062167,440.79010237499614,pN/nm,0.4286581108523341,0.6869562531554496,-4.073089850415626,2.142375286208327,QC_FAILED,r2 0.43 below 0.5,779b297ee54d560c11b07397c92fa69e593a32de7fc748657547006a26ac50d5,False
1AKI_EXTREME_128_seed5,1AKI,1AKI,A,P00698,GCR_DEEP_SPACE_REFERENCE,EXTREME,A:128,A:14 A:15 A:19 A:20 A:21 A:41 A:45 A:47 A:62 A:68 A:73 A:77 A:81 A:86 A:97 A:103 A:112 A:113 A:114 A:116 A:118 A:121 A:123 A:125 A:128,25,361,ARG,0.9921875,1.0,5.0,medium,1,129.0,14313.09,0.35658914728682173,0.20155038759689922,SIDE_CHAIN_LOSS,5,423.53897920062167,416.4346476726656,pN/nm,0.4286581108523341,0.626386179146253,1.67737371926537,2.142375286208327,QC_FAILED,r2 0.43 below 0.5,779b297ee54d560c11b07397c92fa69e593a32de7fc748657547006a26ac50d5,False
1E0L_MILD_24_seed1,1E0L,1E0L,A,P39019,GCR_DEEP_SPACE_REFERENCE,MILD,A:24,A:24,1,19,ARG,0.6388888888888888,0.9136341510927309,5.0,medium,2,37.0,4359.72,0.32432432432432434,0.2972972972972973,SIDE_CHAIN_LOSS,1,-133.15880995909274,-173.0160553104773,pN/nm,0.3915182893331923,0.5035136753786658,-29.932112913617186,0.8813061118152133,QC_FAILED,negative stiffness -133 pN/nm is unphysical | r2 0.39 below 0.5 | negative stiffness -173 pN/nm is unphysical,779b297ee54d560c11b07397c92fa69e593a32de7fc748657547006a26ac50d5,False
1E0L_MILD_30_seed1,1E0L,1E0L,A,P39019,GCR_DEEP_SPACE_REFERENCE,MILD,A:30,A:30,1,19,TRP,0.8055555555555556,0.7233071610089857,7.0,high,3,37.0,4359.72,0.32432432432432434,0.2972972972972973,SIDE_CHAIN_LOSS,1,-133.15880995909274,-156.21289283650694,pN/nm,0.3915182893331923,0.41099170933716633,-17.313223874932923,0.8813061118152133,QC_FAILED,negative stiffness -133 pN/nm is unphysical | r2 0.39 below 0.5 | negative stiffness -156 pN/nm is unphysical | r2 0.41 below 0.5,779b297ee54d560c11b07397c92fa69e593a32de7fc748657547006a26ac50d5,False
1E0L_MILD_34_seed1,1E0L,1E0L,A,P39019,GCR_DEEP_SPACE_REFERENCE,MILD,A:34,A:34,1,12,GLN,0.9166666666666666,0.6663764673323955,5.0,medium,4,37.0,4359.72,0.32432432432432434,0.2972972972972973,SIDE_CHAIN_LOSS,1,-133.15880995909274,-122.61236785646948,pN/nm,0.3915182893331923,0.3640847946098932,7.920198525252063,0.8813061118152133,QC_FAILED,negative stiffness -133 pN/nm is unphysical | r2 0.39 below 0.5 | negative stiffness -123 pN/nm is unphysical | r2 0.36 below 0.5,779b297ee54d560c11b07397c92fa69e593a32de7fc748657547006a26ac50d5,False
1E0L_MILD_11_seed1,1E0L,1E0L,A,P39019,GCR_DEEP_SPACE_REFERENCE,MILD,A:11,A:11,1,16,TYR,0.2777777777777778,0.5663780375246507,8.0,high,5,37.0,4359.72,0.32432432432432434,0.2972972972972973,SIDE_CHAIN_LOSS,1,-133.15880995909274,-164.58673085839735,pN/nm,0.3915182893331923,0.48934124221797104,-23.60183371191097,0.8813061118152133,QC_FAILED,negative stiffness -133 pN/nm is unphysical | r2 0.39 below 0.5 | negative stiffness -165 pN/nm is unphysical | r2 0.49 below 0.5,779b297ee54d560c11b07397c92fa69e593a32de7fc748657547006a26ac50d5,False
1E0L_MILD_12_seed1,1E0L,1E0L,A,P39019,GCR_DEEP_SPACE_REFERENCE,MILD,A:12,A:12,1,17,LYS,0.3055555555555556,0.7622146850267937,8.0,medium,6,37.0,4359.72,0.32432432432432434,0.2972972972972973,SIDE_CHAIN_LOSS,1,-133.15880995909274,-198.79828816836374,pN/nm,0.3915182893331923,0.5003327420655983,-49.29413099248625,0.8813061118152133,QC_FAILED,negative stiffness -133 pN/nm is unphysical | r2 0.39 below 0.5 | negative stiffness -199 pN/nm is unphysical,779b297ee54d560c11b07397c92fa69e593a32de7fc748657547006a26ac50d5,False
1E0L_MODERATE_24_seed1,1E0L,1E0L,A,P39019,GCR_DEEP_SPACE_REFERENCE,MODERATE,A:24,A:24 A:30 A:34,3,50,ARG,0.6388888888888888,0.9136341510927309,5.0,medium,2,37.0,4359.72,0.32432432432432434,0.2972972972972973,SIDE_CHAIN_LOSS,1,-133.15880995909274,-268.06023752395924,pN/nm,0.3915182893331923,0.43555544462217755,-101.30867616367938,0.8813061118152133,QC_FAILED,negative stiffness -133 pN/nm is unphysical | r2 0.39 below 0.5 | negative stiffness -268 pN/nm is unphysical | r2 0.44 below 0.5,779b297ee54d560c11b07397c92fa69e593a32de7fc748657547006a26ac50d5,False
1E0L_SEVERE_24_seed1,1E0L,1E0L,A,P39019,GCR_DEEP_SPACE_REFERENCE,SEVERE,A:24,A:11 A:12 A:15 A:24 A:30 A:34,6,90,ARG,0.6388888888888888,0.9136341510927309,5.0,medium,2,37.0,4359.72,0.32432432432432434,0.2972972972972973,SIDE_CHAIN_LOSS,1,-133.15880995909274,-96.66075836882608,pN/nm,0.3915182893331923,0.15848189536961876,27.409415570384787,0.8813061118152133,QC_FAILED,negative stiffness -133 pN/nm is unphysical | r2 0.39 below 0.5 | negative stiffness -97 pN/nm is unphysical | r2 0.16 below 0.5,779b297ee54d560c11b07397c92fa69e593a32de7fc748657547006a26ac50d5,False
1E0L_EXTREME_24_seed1,1E0L,1E0L,A,P39019,GCR_DEEP_SPACE_REFERENCE,EXTREME,A:24,A:11 A:12 A:15 A:17 A:24 A:30 A:31 A:34,8,117,ARG,0.6388888888888888,0.9136341510927309,5.0,medium,2,37.0,4359.72,0.32432432432432434,0.2972972972972973,SIDE_CHAIN_LOSS,1,-133.15880995909274,-151.39313281905154,pN/nm,0.3915182893331923,0.37179485649707866,-13.693666131111048,0.8813061118152133,QC_FAILED,negative stiffness -133 pN/nm is unphysical | r2 0.39 below 0.5 | negative stiffness -151 pN/nm is unphysical | r2 0.37 below 0.5,779b297ee54d560c11b07397c92fa69e593a32de7fc748657547006a26ac50d5,False
1E0L_MILD_24_seed2,1E0L,1E0L,A,P39019,GCR_DEEP_SPACE_REFERENCE,MILD,A:24,A:24,1,19,ARG,0.6388888888888888,0.9136341510927309,5.0,medium,2,37.0,4359.72,0.32432432432432434,0.2972972972972973,SIDE_CHAIN_LOSS,2,-22.355255830156427,-92.05004811265091,pN/nm,0.016506760458174452,0.22325853742724355,-311.76020892804434,0.9887953541128692,QC_FAILED,negative stiffness -22 pN/nm is unphysical | r2 0.02 below 0.5 | negative stiffness -92 pN/nm is unphysical | r2 0.22 below 0.5,779b297ee54d560c11b07397c92fa69e593a32de7fc748657547006a26ac50d5,False
1E0L_MILD_30_seed2,1E0L,1E0L,A,P39019,GCR_DEEP_SPACE_REFERENCE,MILD,A:30,A:30,1,19,TRP,0.8055555555555556,0.7233071610089857,7.0,high,3,37.0,4359.72,0.32432432432432434,0.2972972972972973,SIDE_CHAIN_LOSS,2,-22.355255830156427,-21.119545795283646,pN/nm,0.016506760458174452,0.010631518717424848,5.527604086757322,0.9887953541128692,QC_FAILED,negative stiffness -22 pN/nm is unphysical | r2 0.02 below 0.5 | negative stiffness -21 pN/nm is unphysical | r2 0.01 below 0.5,779b297ee54d560c11b07397c92fa69e593a32de7fc748657547006a26ac50d5,False
1E0L_MILD_34_seed2,1E0L,1E0L,A,P39019,GCR_DEEP_SPACE_REFERENCE,MILD,A:34,A:34,1,12,GLN,0.9166666666666666,0.6663764673323955,5.0,medium,4,37.0,4359.72,0.32432432432432434,0.2972972972972973,SIDE_CHAIN_LOSS,2,-22.355255830156427,-21.08112426525804,pN/nm,0.016506760458174452,0.01623113738270776,5.699472081995275,0.9887953541128692,QC_FAILED,negative stiffness -22 pN/nm is unphysical | r2 0.02 below 0.5 | negative stiffness -21 pN/nm is unphysical | r2 0.02 below 0.5,779b297ee54d560c11b07397c92fa69e593a32de7fc748657547006a26ac50d5,False
1E0L_MILD_11_seed2,1E0L,1E0L,A,P39019,GCR_DEEP_SPACE_REFERENCE,MILD,A:11,A:11,1,16,TYR,0.2777777777777778,0.5663780375246507,8.0,high,5,37.0,4359.72,0.32432432432432434,0.2972972972972973,SIDE_CHAIN_LOSS,2,-22.355255830156427,-15.324351106742743,pN/nm,0.016506760458174452,0.0069844575796566,31.450790708148592,0.9887953541128692,QC_FAILED,negative stiffness -22 pN/nm is unphysical | r2 0.02 below 0.5 | negative stiffness -15 pN/nm is unphysical | r2 0.01 below 0.5,779b297ee54d560c11b07397c92fa69e593a32de7fc748657547006a26ac50d5,False
1E0L_MILD_12_seed2,1E0L,1E0L,A,P39019,GCR_DEEP_SPACE_REFERENCE,MILD,A:12,A:12,1,17,LYS,0.3055555555555556,0.7622146850267937,8.0,medium,6,37.0,4359.72,0.32432432432432434,0.2972972972972973,SIDE_CHAIN_LOSS,2,-22.355255830156427,-17.256899911037006,pN/nm,0.016506760458174452,0.010116579896956801,22.8060727994082,0.9887953541128692,QC_FAILED,negative stiffness -22 pN/nm is unphysical | r2 0.02 below 0.5 | negative stiffness -17 pN/nm is unphysical | r2 0.01 below 0.5,779b297ee54d560c11b07397c92fa69e593a32de7fc748657547006a26ac50d5,False
1E0L_MODERATE_24_seed2,1E0L,1E0L,A,P39019,GCR_DEEP_SPACE_REFERENCE,MODERATE,A:24,A:24 A:30 A:34,3,50,ARG,0.6388888888888888,0.9136341510927309,5.0,medium,2,37.0,4359.72,0.32432432432432434,0.2972972972972973,SIDE_CHAIN_LOSS,2,-22.355255830156427,-108.51543103364445,pN/nm,0.016506760458174452,0.3423398983304815,-385.4135057012458,0.9887953541128692,QC_FAILED,negative stiffness -22 pN/nm is unphysical | r2 0.02 below 0.5 | negative stiffness -109 pN/nm is unphysical | r2 0.34 below 0.5,779b297ee54d560c11b07397c92fa69e593a32de7fc748657547006a26ac50d5,False
1E0L_SEVERE_24_seed2,1E0L,1E0L,A,P39019,GCR_DEEP_SPACE_REFERENCE,SEVERE,A:24,A:11 A:12 A:15 A:24 A:30 A:34,6,90,ARG,0.6388888888888888,0.9136341510927309,5.0,medium,2,37.0,4359.72,0.32432432432432434,0.2972972972972973,SIDE_CHAIN_LOSS,2,-22.355255830156427,23.71678240081369,pN/nm,0.016506760458174452,0.01162975324874227,206.09040925767718,0.9887953541128692,QC_FAILED,negative stiffness -22 pN/nm is unphysical | r2 0.02 below 0.5 | r2 0.01 below 0.5,779b297ee54d560c11b07397c92fa69e593a32de7fc748657547006a26ac50d5,False
1E0L_EXTREME_24_seed2,1E0L,1E0L,A,P39019,GCR_DEEP_SPACE_REFERENCE,EXTREME,A:24,A:11 A:12 A:15 A:17 A:24 A:30 A:31 A:34,8,117,ARG,0.6388888888888888,0.9136341510927309,5.0,medium,2,37.0,4359.72,0.32432432432432434,0.2972972972972973,SIDE_CHAIN_LOSS,2,-22.355255830156427,-17.785532205124905,pN/nm,0.016506760458174452,0.008798832964020953,20.44138371642847,0.9887953541128692,QC_FAILED,negative stiffness -22 pN/nm is unphysical | r2 0.02 below 0.5 | negative stiffness -18 pN/nm is unphysical | r2 0.01 below 0.5,779b297ee54d560c11b07397c92fa69e593a32de7fc748657547006a26ac50d5,False
1E0L_MILD_24_seed3,1E0L,1E0L,A,P39019,GCR_DEEP_SPACE_REFERENCE,MILD,A:24,A:24,1,19,ARG,0.6388888888888888,0.9136341510927309,5.0,medium,2,37.0,4359.72,0.32432432432432434,0.2972972972972973,SIDE_CHAIN_LOSS,3,-45.86764002515483,71.32765761182914,pN/nm,0.05080004403038496,0.13363962837387167,255.50758132031967,1.611512803893863,QC_FAILED,negative stiffness -46 pN/nm is unphysical | r2 0.05 below 0.5 | r2 0.13 below 0.5,779b297ee54d560c11b07397c92fa69e593a32de7fc748657547006a26ac50d5,False
1E0L_MILD_30_seed3,1E0L,1E0L,A,P39019,GCR_DEEP_SPACE_REFERENCE,MILD,A:30,A:30,1,19,TRP,0.8055555555555556,0.7233071610089857,7.0,high,3,37.0,4359.72,0.32432432432432434,0.2972972972972973,SIDE_CHAIN_LOSS,3,-45.86764002515483,-31.0933782164709,pN/nm,0.05080004403038496,0.02815933208607435,32.21064306029566,1.611512803893863,QC_FAILED,negative stiffness -46 pN/nm is unphysical | r2 0.05 below 0.5 | negative stiffness -31 pN/nm is unphysical | r2 0.03 below 0.5,779b297ee54d560c11b07397c92fa69e593a32de7fc748657547006a26ac50d5,False
1E0L_MILD_34_seed3,1E0L,1E0L,A,P39019,GCR_DEEP_SPACE_REFERENCE,MILD,A:34,A:34,1,12,GLN,0.9166666666666666,0.6663764673323955,5.0,medium,4,37.0,4359.72,0.32432432432432434,0.2972972972972973,SIDE_CHAIN_LOSS,3,-45.86764002515483,16.517772667326806,pN/nm,0.05080004403038496,0.005739888458218267,136.01182153315082,1.611512803893863,QC_FAILED,negative stiffness -46 pN/nm is unphysical | r2 0.05 below 0.5 | r2 0.01 below 0.5,779b297ee54d560c11b07397c92fa69e593a32de7fc748657547006a26ac50d5,False
1E0L_MILD_11_seed3,1E0L,1E0L,A,P39019,GCR_DEEP_SPACE_REFERENCE,MILD,A:11,A:11,1,16,TYR,0.2777777777777778,0.5663780375246507,8.0,high,5,37.0,4359.72,0.32432432432432434,0.2972972972972973,SIDE_CHAIN_LOSS,3,-45.86764002515483,-66.53785664119407,pN/nm,0.05080004403038496,0.08399524772656175,-45.06492290578551,1.611512803893863,QC_FAILED,negative stiffness -46 pN/nm is unphysical | r2 0.05 below 0.5 | negative stiffness -67 pN/nm is unphysical | r2 0.08 below 0.5,779b297ee54d560c11b07397c92fa69e593a32de7fc748657547006a26ac50d5,False
1E0L_MILD_12_seed3,1E0L,1E0L,A,P39019,GCR_DEEP_SPACE_REFERENCE,MILD,A:12,A:12,1,17,LYS,0.3055555555555556,0.7622146850267937,8.0,medium,6,37.0,4359.72,0.32432432432432434,0.2972972972972973,SIDE_CHAIN_LOSS,3,-45.86764002515483,58.93967785383662,pN/nm,0.05080004403038496,0.07004555468253326,228.49947767426625,1.611512803893863,QC_FAILED,negative stiffness -46 pN/nm is unphysical | r2 0.05 below 0.5 | r2 0.07 below 0.5,779b297ee54d560c11b07397c92fa69e593a32de7fc748657547006a26ac50d5,False
1E0L_MODERATE_24_seed3,1E0L,1E0L,A,P39019,GCR_DEEP_SPACE_REFERENCE,MODERATE,A:24,A:24 A:30 A:34,3,50,ARG,0.6388888888888888,0.9136341510927309,5.0,medium,2,37.0,4359.72,0.32432432432432434,0.2972972972972973,SIDE_CHAIN_LOSS,3,-45.86764002515483,57.37449681810971,pN/nm,0.05080004403038496,0.08631426190162639,225.0870914366736,1.611512803893863,QC_FAILED,negative stiffness -46 pN/nm is unphysical | r2 0.05 below 0.5 | r2 0.09 below 0.5,779b297ee54d560c11b07397c92fa69e593a32de7fc748657547006a26ac50d5,False
1E0L_SEVERE_24_seed3,1E0L,1E0L,A,P39019,GCR_DEEP_SPACE_REFERENCE,SEVERE,A:24,A:11 A:12 A:15 A:24 A:30 A:34,6,90,ARG,0.6388888888888888,0.9136341510927309,5.0,medium,2,37.0,4359.72,0.32432432432432434,0.2972972972972973,SIDE_CHAIN_LOSS,3,-45.86764002515483,110.03466835670315,pN/nm,0.05080004403038496,0.2856414592778358,339.89607552592133,1.611512803893863,QC_FAILED,negative stiffness -46 pN/nm is unphysical | r2 0.05 below 0.5 | r2 0.29 below 0.5,779b297ee54d560c11b07397c92fa69e593a32de7fc748657547006a26ac50d5,False
1E0L_EXTREME_24_seed3,1E0L,1E0L,A,P39019,GCR_DEEP_SPACE_REFERENCE,EXTREME,A:24,A:11 A:12 A:15 A:17 A:24 A:30 A:31 A:34,8,117,ARG,0.6388888888888888,0.9136341510927309,5.0,medium,2,37.0,4359.72,0.32432432432432434,0.2972972972972973,SIDE_CHAIN_LOSS,3,-45.86764002515483,38.90547440793826,pN/nm,0.05080004403038496,0.03105567715025226,184.82118196314795,1.611512803893863,QC_FAILED,negative stiffness -46 pN/nm is unphysical | r2 0.05 below 0.5 | r2 0.03 below 0.5,779b297ee54d560c11b07397c92fa69e593a32de7fc748657547006a26ac50d5,False
1E0L_MILD_24_seed4,1E0L,1E0L,A,P39019,GCR_DEEP_SPACE_REFERENCE,MILD,A:24,A:24,1,19,ARG,0.6388888888888888,0.9136341510927309,5.0,medium,2,37.0,4359.72,0.32432432432432434,0.2972972972972973,SIDE_CHAIN_LOSS,4,37.8059211460578,37.63707427561073,pN/nm,0.02199149548885848,0.031894401047706356,0.44661488287708556,1.4678872996072088,QC_FAILED,r2 0.02 below 0.5 | r2 0.03 below 0.5,779b297ee54d560c11b07397c92fa69e593a32de7fc748657547006a26ac50d5,False
1E0L_MILD_30_seed4,1E0L,1E0L,A,P39019,GCR_DEEP_SPACE_REFERENCE,MILD,A:30,A:30,1,19,TRP,0.8055555555555556,0.7233071610089857,7.0,high,3,37.0,4359.72,0.32432432432432434,0.2972972972972973,SIDE_CHAIN_LOSS,4,37.8059211460578,10.091373161482933,pN/nm,0.02199149548885848,0.0038750769138444774,73.30742683799093,1.4678872996072088,QC_FAILED,r2 0.02 below 0.5 | r2 0.00 below 0.5,779b297ee54d560c11b07397c92fa69e593a32de7fc748657547006a26ac50d5,False
1E0L_MILD_34_seed4,1E0L,1E0L,A,P39019,GCR_DEEP_SPACE_REFERENCE,MILD,A:34,A:34,1,12,GLN,0.9166666666666666,0.6663764673323955,5.0,medium,4,37.0,4359.72,0.32432432432432434,0.2972972972972973,SIDE_CHAIN_LOSS,4,37.8059211460578,-5.869585505672708,pN/nm,0.02199149548885848,0.0010646285526355603,115.52557199438786,1.4678872996072088,QC_FAILED,r2 0.02 below 0.5 | negative stiffness -6 pN/nm is unphysical | r2 0.00 below 0.5,779b297ee54d560c11b07397c92fa69e593a32de7fc748657547006a26ac50d5,False
1E0L_MILD_11_seed4,1E0L,1E0L,A,P39019,GCR_DEEP_SPACE_REFERENCE,MILD,A:11,A:11,1,16,TYR,0.2777777777777778,0.5663780375246507,8.0,high,5,37.0,4359.72,0.32432432432432434,0.2972972972972973,SIDE_CHAIN_LOSS,4,37.8059211460578,12.513292184975906,pN/nm,0.02199149548885848,0.003897259489470506,66.90123714580956,1.4678872996072088,QC_FAILED,r2 0.02 below 0.5 | r2 0.00 below 0.5,779b297ee54d560c11b07397c92fa69e593a32de7fc748657547006a26ac50d5,False
1E0L_MILD_12_seed4,1E0L,1E0L,A,P39019,GCR_DEEP_SPACE_REFERENCE,MILD,A:12,A:12,1,17,LYS,0.3055555555555556,0.7622146850267937,8.0,medium,6,37.0,4359.72,0.32432432432432434,0.2972972972972973,SIDE_CHAIN_LOSS,4,37.8059211460578,33.12444461744295,pN/nm,0.02199149548885848,0.024903901544331086,12.382918830435669,1.4678872996072088,QC_FAILED,r2 0.02 below 0.5 | r2 0.02 below 0.5,779b297ee54d560c11b07397c92fa69e593a32de7fc748657547006a26ac50d5,False
1E0L_MODERATE_24_seed4,1E0L,1E0L,A,P39019,GCR_DEEP_SPACE_REFERENCE,MODERATE,A:24,A:24 A:30 A:34,3,50,ARG,0.6388888888888888,0.9136341510927309,5.0,medium,2,37.0,4359.72,0.32432432432432434,0.2972972972972973,SIDE_CHAIN_LOSS,4,37.8059211460578,104.84815641156557,pN/nm,0.02199149548885848,0.1811290938987602,-177.332632648996,1.4678872996072088,QC_FAILED,r2 0.02 below 0.5 | r2 0.18 below 0.5,779b297ee54d560c11b07397c92fa69e593a32de7fc748657547006a26ac50d5,False
1E0L_SEVERE_24_seed4,1E0L,1E0L,A,P39019,GCR_DEEP_SPACE_REFERENCE,SEVERE,A:24,A:11 A:12 A:15 A:24 A:30 A:34,6,90,ARG,0.6388888888888888,0.9136341510927309,5.0,medium,2,37.0,4359.72,0.32432432432432434,0.2972972972972973,SIDE_CHAIN_LOSS,4,37.8059211460578,-16.745590014503694,pN/nm,0.02199149548885848,0.0076995041426424216,144.29356435942796,1.4678872996072088,QC_FAILED,r2 0.02 below 0.5 | negative stiffness -17 pN/nm is unphysical | r2 0.01 below 0.5,779b297ee54d560c11b07397c92fa69e593a32de7fc748657547006a26ac50d5,False
1E0L_EXTREME_24_seed4,1E0L,1E0L,A,P39019,GCR_DEEP_SPACE_REFERENCE,EXTREME,A:24,A:11 A:12 A:15 A:17 A:24 A:30 A:31 A:34,8,117,ARG,0.6388888888888888,0.9136341510927309,5.0,medium,2,37.0,4359.72,0.32432432432432434,0.2972972972972973,SIDE_CHAIN_LOSS,4,37.8059211460578,-43.8342779060523,pN/nm,0.02199149548885848,0.11015329659754747,215.94553598285518,1.4678872996072088,QC_FAILED,r2 0.02 below 0.5 | negative stiffness -44 pN/nm is unphysical | r2 0.11 below 0.5,779b297ee54d560c11b07397c92fa69e593a32de7fc748657547006a26ac50d5,False
1E0L_MILD_24_seed5,1E0L,1E0L,A,P39019,GCR_DEEP_SPACE_REFERENCE,MILD,A:24,A:24,1,19,ARG,0.6388888888888888,0.9136341510927309,5.0,medium,2,37.0,4359.72,0.32432432432432434,0.2972972972972973,SIDE_CHAIN_LOSS,5,70.58857093357271,-10.516821744412235,pN/nm,0.10986377084594734,0.0025295283280556413,114.89875996258527,1.5236751270666797,QC_FAILED,r2 0.11 below 0.5 | negative stiffness -11 pN/nm is unphysical | r2 0.00 below 0.5,779b297ee54d560c11b07397c92fa69e593a32de7fc748657547006a26ac50d5,False
1E0L_MILD_30_seed5,1E0L,1E0L,A,P39019,GCR_DEEP_SPACE_REFERENCE,MILD,A:30,A:30,1,19,TRP,0.8055555555555556,0.7233071610089857,7.0,high,3,37.0,4359.72,0.32432432432432434,0.2972972972972973,SIDE_CHAIN_LOSS,5,70.58857093357271,1.0153209341045693,pN/nm,0.10986377084594734,3.0391063312373845e-05,98.56163551595338,1.5236751270666797,QC_FAILED,r2 0.11 below 0.5 | r2 0.00 below 0.5,779b297ee54d560c11b07397c92fa69e593a32de7fc748657547006a26ac50d5,False
1E0L_MILD_34_seed5,1E0L,1E0L,A,P39019,GCR_DEEP_SPACE_REFERENCE,MILD,A:34,A:34,1,12,GLN,0.9166666666666666,0.6663764673323955,5.0,medium,4,37.0,4359.72,0.32432432432432434,0.2972972972972973,SIDE_CHAIN_LOSS,5,70.58857093357271,15.78809679158994,pN/nm,0.10986377084594734,0.008779268364831339,77.63363589489961,1.5236751270666797,QC_FAILED,r2 0.11 below 0.5 | r2 0.01 below 0.5,779b297ee54d560c11b07397c92fa69e593a32de7fc748657547006a26ac50d5,False
1E0L_MILD_11_seed5,1E0L,1E0L,A,P39019,GCR_DEEP_SPACE_REFERENCE,MILD,A:11,A:11,1,16,TYR,0.2777777777777778,0.5663780375246507,8.0,high,5,37.0,4359.72,0.32432432432432434,0.2972972972972973,SIDE_CHAIN_LOSS,5,70.58857093357271,28.952499141952632,pN/nm,0.10986377084594734,0.02276872600642199,58.984154574827215,1.5236751270666797,QC_FAILED,r2 0.11 below 0.5 | r2 0.02 below 0.5,779b297ee54d560c11b07397c92fa69e593a32de7fc748657547006a26ac50d5,False
1E0L_MILD_12_seed5,1E0L,1E0L,A,P39019,GCR_DEEP_SPACE_REFERENCE,MILD,A:12,A:12,1,17,LYS,0.3055555555555556,0.7622146850267937,8.0,medium,6,37.0,4359.72,0.32432432432432434,0.2972972972972973,SIDE_CHAIN_LOSS,5,70.58857093357271,-15.220731017116497,pN/nm,0.10986377084594734,0.0036761312990368777,121.56259974640929,1.5236751270666797,QC_FAILED,r2 0.11 below 0.5 | negative stiffness -15 pN/nm is unphysical | r2 0.00 below 0.5,779b297ee54d560c11b07397c92fa69e593a32de7fc748657547006a26ac50d5,False
1E0L_MODERATE_24_seed5,1E0L,1E0L,A,P39019,GCR_DEEP_SPACE_REFERENCE,MODERATE,A:24,A:24 A:30 A:34,3,50,ARG,0.6388888888888888,0.9136341510927309,5.0,medium,2,37.0,4359.72,0.32432432432432434,0.2972972972972973,SIDE_CHAIN_LOSS,5,70.58857093357271,-12.577058991879284,pN/nm,0.10986377084594734,0.002928932111870841,117.81741551860414,1.5236751270666797,QC_FAILED,r2 0.11 below 0.5 | negative stiffness -13 pN/nm is unphysical | r2 0.00 below 0.5,779b297ee54d560c11b07397c92fa69e593a32de7fc748657547006a26ac50d5,False
1E0L_SEVERE_24_seed5,1E0L,1E0L,A,P39019,GCR_DEEP_SPACE_REFERENCE,SEVERE,A:24,A:11 A:12 A:15 A:24 A:30 A:34,6,90,ARG,0.6388888888888888,0.9136341510927309,5.0,medium,2,37.0,4359.72,0.32432432432432434,0.2972972972972973,SIDE_CHAIN_LOSS,5,70.58857093357271,34.950140177353944,pN/nm,0.10986377084594734,0.029616178175208452,50.48753684184408,1.5236751270666797,QC_FAILED,r2 0.11 below 0.5 | r2 0.03 below 0.5,779b297ee54d560c11b07397c92fa69e593a32de7fc748657547006a26ac50d5,False
1E0L_EXTREME_24_seed5,1E0L,1E0L,A,P39019,GCR_DEEP_SPACE_REFERENCE,EXTREME,A:24,A:11 A:12 A:15 A:17 A:24 A:30 A:31 A:34,8,117,ARG,0.6388888888888888,0.9136341510927309,5.0,medium,2,37.0,4359.72,0.32432432432432434,0.2972972972972973,SIDE_CHAIN_LOSS,5,70.58857093357271,2.9015710904047736,pN/nm,0.10986377084594734,0.00013582531074862736,95.88946050043245,1.5236751270666797,QC_FAILED,r2 0.11 below 0.5 | r2 0.00 below 0.5,779b297ee54d560c11b07397c92fa69e593a32de7fc748657547006a26ac50d5,False
