experiment_id,protein_id,pdb_id,chain_id,residue_id,residue_type,qualitative_susceptibility,scenario_id,radiation_class,environment,proxy_type,proxy_rank,random_seed,protein_length,molecular_weight,hydrophobic_fraction,charged_fraction,residue_index_norm,residue_sasa_norm,residue_contact_count,mechanical_degradation_pct,label_source,status,is_synthetic
2c8ff8115da84179,1PGA,1PGA,A,A:10,LYS,medium,GCR_DEEP_SPACE_REFERENCE,GCR,free_space,SIDE_CHAIN_LOSS,1.0,11,56.0,6195.7361,0.375,0.2857142857142857,0.16363636363636364,1.0,6.0,61.52845936605274,SYNTHETIC_PUBLIC_DATA_PROXY,MOCK_COMPLETED,True
2623bc92cecce503,1PGA,1PGA,A,A:10,LYS,medium,GCR_DEEP_SPACE_REFERENCE,GCR,free_space,SIDE_CHAIN_LOSS,1.0,42,56.0,6195.7361,0.375,0.2857142857142857,0.16363636363636364,1.0,6.0,58.166706401065426,SYNTHETIC_PUBLIC_DATA_PROXY,MOCK_COMPLETED,True
a056620f38bc4b61,1PGA,1PGA,A,A:10,LYS,medium,GCR_DEEP_SPACE_REFERENCE,GCR,free_space,SIDE_CHAIN_LOSS,1.0,73,56.0,6195.7361,0.375,0.2857142857142857,0.16363636363636364,1.0,6.0,62.64279465618281,SYNTHETIC_PUBLIC_DATA_PROXY,MOCK_COMPLETED,True
3cbe1a0f74a6be04,1PGA,1PGA,A,A:10,LYS,medium,SPE_REFERENCE_EVENT,SPE,free_space,SIDE_CHAIN_LOSS,1.0,11,56.0,6195.7361,0.375,0.2857142857142857,0.16363636363636364,1.0,6.0,73.0180784576447,SYNTHETIC_PUBLIC_DATA_PROXY,MOCK_COMPLETED,True
0549a1f4a3a0de2d,1PGA,1PGA,A,A:10,LYS,medium,SPE_REFERENCE_EVENT,SPE,free_space,SIDE_CHAIN_LOSS,1.0,42,56.0,6195.7361,0.375,0.2857142857142857,0.16363636363636364,1.0,6.0,65.78907869503207,SYNTHETIC_PUBLIC_DATA_PROXY,MOCK_COMPLETED,True
0aab3b871c808a2e,1PGA,1PGA,A,A:10,LYS,medium,SPE_REFERENCE_EVENT,SPE,free_space,SIDE_CHAIN_LOSS,1.0,73,56.0,6195.7361,0.375,0.2857142857142857,0.16363636363636364,1.0,6.0,67.41121789951087,SYNTHETIC_PUBLIC_DATA_PROXY,MOCK_COMPLETED,True
a4d5168fea922f5b,1PGA,1PGA,A,A:10,LYS,medium,MARS_SURFACE_REFERENCE,GCR,mars_surface,SIDE_CHAIN_LOSS,1.0,11,56.0,6195.7361,0.375,0.2857142857142857,0.16363636363636364,1.0,6.0,57.78626767458488,SYNTHETIC_PUBLIC_DATA_PROXY,MOCK_COMPLETED,True
539e217e7546226e,1PGA,1PGA,A,A:10,LYS,medium,MARS_SURFACE_REFERENCE,GCR,mars_surface,SIDE_CHAIN_LOSS,1.0,42,56.0,6195.7361,0.375,0.2857142857142857,0.16363636363636364,1.0,6.0,56.67606018580771,SYNTHETIC_PUBLIC_DATA_PROXY,MOCK_COMPLETED,True
45770278d4f6d865,1PGA,1PGA,A,A:10,LYS,medium,MARS_SURFACE_REFERENCE,GCR,mars_surface,SIDE_CHAIN_LOSS,1.0,73,56.0,6195.7361,0.375,0.2857142857142857,0.16363636363636364,1.0,6.0,57.42466377290594,SYNTHETIC_PUBLIC_DATA_PROXY,MOCK_COMPLETED,True
5953ed4f4df022ac,1PGA,1PGA,A,A:1,MET,high,GCR_DEEP_SPACE_REFERENCE,GCR,free_space,SIDE_CHAIN_LOSS,2.0,11,56.0,6195.7361,0.375,0.2857142857142857,0.0,0.7390998836726171,6.0,57.728853590566,SYNTHETIC_PUBLIC_DATA_PROXY,MOCK_COMPLETED,True
97b2e39fa72f9936,1PGA,1PGA,A,A:1,MET,high,GCR_DEEP_SPACE_REFERENCE,GCR,free_space,SIDE_CHAIN_LOSS,2.0,42,56.0,6195.7361,0.375,0.2857142857142857,0.0,0.7390998836726171,6.0,62.05995834665702,SYNTHETIC_PUBLIC_DATA_PROXY,MOCK_COMPLETED,True
9ed056f9ca8ee6b4,1PGA,1PGA,A,A:1,MET,high,GCR_DEEP_SPACE_REFERENCE,GCR,free_space,SIDE_CHAIN_LOSS,2.0,73,56.0,6195.7361,0.375,0.2857142857142857,0.0,0.7390998836726171,6.0,61.80594324807232,SYNTHETIC_PUBLIC_DATA_PROXY,MOCK_COMPLETED,True
5efab2beb72d9cce,1PGA,1PGA,A,A:1,MET,high,SPE_REFERENCE_EVENT,SPE,free_space,SIDE_CHAIN_LOSS,2.0,11,56.0,6195.7361,0.375,0.2857142857142857,0.0,0.7390998836726171,6.0,69.926540153403,SYNTHETIC_PUBLIC_DATA_PROXY,MOCK_COMPLETED,True
9a1c74cdec6e7ada,1PGA,1PGA,A,A:1,MET,high,SPE_REFERENCE_EVENT,SPE,free_space,SIDE_CHAIN_LOSS,2.0,42,56.0,6195.7361,0.375,0.2857142857142857,0.0,0.7390998836726171,6.0,72.57956642692004,SYNTHETIC_PUBLIC_DATA_PROXY,MOCK_COMPLETED,True
823f538b391fed39,1PGA,1PGA,A,A:1,MET,high,SPE_REFERENCE_EVENT,SPE,free_space,SIDE_CHAIN_LOSS,2.0,73,56.0,6195.7361,0.375,0.2857142857142857,0.0,0.7390998836726171,6.0,70.93023676513006,SYNTHETIC_PUBLIC_DATA_PROXY,MOCK_COMPLETED,True
00a5e567a729449d,1PGA,1PGA,A,A:1,MET,high,MARS_SURFACE_REFERENCE,GCR,mars_surface,SIDE_CHAIN_LOSS,2.0,11,56.0,6195.7361,0.375,0.2857142857142857,0.0,0.7390998836726171,6.0,54.41323225229185,SYNTHETIC_PUBLIC_DATA_PROXY,MOCK_COMPLETED,True
f6f668a9f02df1af,1PGA,1PGA,A,A:1,MET,high,MARS_SURFACE_REFERENCE,GCR,mars_surface,SIDE_CHAIN_LOSS,2.0,42,56.0,6195.7361,0.375,0.2857142857142857,0.0,0.7390998836726171,6.0,57.48334036970619,SYNTHETIC_PUBLIC_DATA_PROXY,MOCK_COMPLETED,True
1ac44a68bfd6fcba,1PGA,1PGA,A,A:1,MET,high,MARS_SURFACE_REFERENCE,GCR,mars_surface,SIDE_CHAIN_LOSS,2.0,73,56.0,6195.7361,0.375,0.2857142857142857,0.0,0.7390998836726171,6.0,54.16425690742744,SYNTHETIC_PUBLIC_DATA_PROXY,MOCK_COMPLETED,True
f676315b960ecc41,1PGA,1PGA,A,A:11,THR,medium,GCR_DEEP_SPACE_REFERENCE,GCR,free_space,SIDE_CHAIN_LOSS,3.0,11,56.0,6195.7361,0.375,0.2857142857142857,0.18181818181818182,0.7591809336028423,4.0,59.997636338592216,SYNTHETIC_PUBLIC_DATA_PROXY,MOCK_COMPLETED,True
571f66d3c7de2f6f,1PGA,1PGA,A,A:11,THR,medium,GCR_DEEP_SPACE_REFERENCE,GCR,free_space,SIDE_CHAIN_LOSS,3.0,42,56.0,6195.7361,0.375,0.2857142857142857,0.18181818181818182,0.7591809336028423,4.0,57.6766958078584,SYNTHETIC_PUBLIC_DATA_PROXY,MOCK_COMPLETED,True
56c51c96f05085ef,1PGA,1PGA,A,A:11,THR,medium,GCR_DEEP_SPACE_REFERENCE,GCR,free_space,SIDE_CHAIN_LOSS,3.0,73,56.0,6195.7361,0.375,0.2857142857142857,0.18181818181818182,0.7591809336028423,4.0,57.33935467646088,SYNTHETIC_PUBLIC_DATA_PROXY,MOCK_COMPLETED,True
190bb9e0fe44d415,1PGA,1PGA,A,A:11,THR,medium,SPE_REFERENCE_EVENT,SPE,free_space,SIDE_CHAIN_LOSS,3.0,11,56.0,6195.7361,0.375,0.2857142857142857,0.18181818181818182,0.7591809336028423,4.0,65.99918672431417,SYNTHETIC_PUBLIC_DATA_PROXY,MOCK_COMPLETED,True
103ba2acec44e5e5,1PGA,1PGA,A,A:11,THR,medium,SPE_REFERENCE_EVENT,SPE,free_space,SIDE_CHAIN_LOSS,3.0,42,56.0,6195.7361,0.375,0.2857142857142857,0.18181818181818182,0.7591809336028423,4.0,70.7578639320091,SYNTHETIC_PUBLIC_DATA_PROXY,MOCK_COMPLETED,True
59d4144eb75ff643,1PGA,1PGA,A,A:11,THR,medium,SPE_REFERENCE_EVENT,SPE,free_space,SIDE_CHAIN_LOSS,3.0,73,56.0,6195.7361,0.375,0.2857142857142857,0.18181818181818182,0.7591809336028423,4.0,67.31518688015203,SYNTHETIC_PUBLIC_DATA_PROXY,MOCK_COMPLETED,True
b079433b04a2a7fa,1PGA,1PGA,A,A:11,THR,medium,MARS_SURFACE_REFERENCE,GCR,mars_surface,SIDE_CHAIN_LOSS,3.0,11,56.0,6195.7361,0.375,0.2857142857142857,0.18181818181818182,0.7591809336028423,4.0,53.43069102991627,SYNTHETIC_PUBLIC_DATA_PROXY,MOCK_COMPLETED,True
e6d794f1de0fbdad,1PGA,1PGA,A,A:11,THR,medium,MARS_SURFACE_REFERENCE,GCR,mars_surface,SIDE_CHAIN_LOSS,3.0,42,56.0,6195.7361,0.375,0.2857142857142857,0.18181818181818182,0.7591809336028423,4.0,53.62117670910346,SYNTHETIC_PUBLIC_DATA_PROXY,MOCK_COMPLETED,True
cc33df5c1b9ad154,1PGA,1PGA,A,A:11,THR,medium,MARS_SURFACE_REFERENCE,GCR,mars_surface,SIDE_CHAIN_LOSS,3.0,73,56.0,6195.7361,0.375,0.2857142857142857,0.18181818181818182,0.7591809336028423,4.0,55.8322835492074,SYNTHETIC_PUBLIC_DATA_PROXY,MOCK_COMPLETED,True
dab7a43ec68a47d3,1PGA,1PGA,A,A:28,LYS,medium,GCR_DEEP_SPACE_REFERENCE,GCR,free_space,SIDE_CHAIN_LOSS,4.0,11,56.0,6195.7361,0.375,0.2857142857142857,0.4909090909090909,0.7183994401316605,8.0,50.017683373485575,SYNTHETIC_PUBLIC_DATA_PROXY,MOCK_COMPLETED,True
0843db5e5db59a13,1PGA,1PGA,A,A:28,LYS,medium,GCR_DEEP_SPACE_REFERENCE,GCR,free_space,SIDE_CHAIN_LOSS,4.0,42,56.0,6195.7361,0.375,0.2857142857142857,0.4909090909090909,0.7183994401316605,8.0,50.13590474156535,SYNTHETIC_PUBLIC_DATA_PROXY,MOCK_COMPLETED,True
67865b224f8c5452,1PGA,1PGA,A,A:28,LYS,medium,GCR_DEEP_SPACE_REFERENCE,GCR,free_space,SIDE_CHAIN_LOSS,4.0,73,56.0,6195.7361,0.375,0.2857142857142857,0.4909090909090909,0.7183994401316605,8.0,50.18112572009509,SYNTHETIC_PUBLIC_DATA_PROXY,MOCK_COMPLETED,True
0ba32573b6153657,1PGA,1PGA,A,A:28,LYS,medium,SPE_REFERENCE_EVENT,SPE,free_space,SIDE_CHAIN_LOSS,4.0,11,56.0,6195.7361,0.375,0.2857142857142857,0.4909090909090909,0.7183994401316605,8.0,64.35819221475153,SYNTHETIC_PUBLIC_DATA_PROXY,MOCK_COMPLETED,True
0b0ac26e90b0392a,1PGA,1PGA,A,A:28,LYS,medium,SPE_REFERENCE_EVENT,SPE,free_space,SIDE_CHAIN_LOSS,4.0,42,56.0,6195.7361,0.375,0.2857142857142857,0.4909090909090909,0.7183994401316605,8.0,57.98803567161384,SYNTHETIC_PUBLIC_DATA_PROXY,MOCK_COMPLETED,True
d9a888a8262a1790,1PGA,1PGA,A,A:28,LYS,medium,SPE_REFERENCE_EVENT,SPE,free_space,SIDE_CHAIN_LOSS,4.0,73,56.0,6195.7361,0.375,0.2857142857142857,0.4909090909090909,0.7183994401316605,8.0,57.72346638989654,SYNTHETIC_PUBLIC_DATA_PROXY,MOCK_COMPLETED,True
40d9385862fb08a5,1PGA,1PGA,A,A:28,LYS,medium,MARS_SURFACE_REFERENCE,GCR,mars_surface,SIDE_CHAIN_LOSS,4.0,11,56.0,6195.7361,0.375,0.2857142857142857,0.4909090909090909,0.7183994401316605,8.0,43.76964139195569,SYNTHETIC_PUBLIC_DATA_PROXY,MOCK_COMPLETED,True
08b380dea1f20df8,1PGA,1PGA,A,A:28,LYS,medium,MARS_SURFACE_REFERENCE,GCR,mars_surface,SIDE_CHAIN_LOSS,4.0,42,56.0,6195.7361,0.375,0.2857142857142857,0.4909090909090909,0.7183994401316605,8.0,47.34402176901412,SYNTHETIC_PUBLIC_DATA_PROXY,MOCK_COMPLETED,True
4649f0f0a8abb7dc,1PGA,1PGA,A,A:28,LYS,medium,MARS_SURFACE_REFERENCE,GCR,mars_surface,SIDE_CHAIN_LOSS,4.0,73,56.0,6195.7361,0.375,0.2857142857142857,0.4909090909090909,0.7183994401316605,8.0,48.62650394437761,SYNTHETIC_PUBLIC_DATA_PROXY,MOCK_COMPLETED,True
885e978a6661eefc,1PGA,1PGA,A,A:42,GLU,low,GCR_DEEP_SPACE_REFERENCE,GCR,free_space,SIDE_CHAIN_LOSS,5.0,11,56.0,6195.7361,0.375,0.2857142857142857,0.7454545454545455,0.9113742552449646,8.0,48.6224993916107,SYNTHETIC_PUBLIC_DATA_PROXY,MOCK_COMPLETED,True
ad85cdbdba28c260,1PGA,1PGA,A,A:42,GLU,low,GCR_DEEP_SPACE_REFERENCE,GCR,free_space,SIDE_CHAIN_LOSS,5.0,42,56.0,6195.7361,0.375,0.2857142857142857,0.7454545454545455,0.9113742552449646,8.0,46.80697684334157,SYNTHETIC_PUBLIC_DATA_PROXY,MOCK_COMPLETED,True
0e6f2e71cacf7229,1PGA,1PGA,A,A:42,GLU,low,GCR_DEEP_SPACE_REFERENCE,GCR,free_space,SIDE_CHAIN_LOSS,5.0,73,56.0,6195.7361,0.375,0.2857142857142857,0.7454545454545455,0.9113742552449646,8.0,46.846164996519796,SYNTHETIC_PUBLIC_DATA_PROXY,MOCK_COMPLETED,True
7514c1d4f6912ddd,1PGA,1PGA,A,A:42,GLU,low,SPE_REFERENCE_EVENT,SPE,free_space,SIDE_CHAIN_LOSS,5.0,11,56.0,6195.7361,0.375,0.2857142857142857,0.7454545454545455,0.9113742552449646,8.0,60.433850005309644,SYNTHETIC_PUBLIC_DATA_PROXY,MOCK_COMPLETED,True
bd3553e36bca0b22,1PGA,1PGA,A,A:42,GLU,low,SPE_REFERENCE_EVENT,SPE,free_space,SIDE_CHAIN_LOSS,5.0,42,56.0,6195.7361,0.375,0.2857142857142857,0.7454545454545455,0.9113742552449646,8.0,60.6655034637565,SYNTHETIC_PUBLIC_DATA_PROXY,MOCK_COMPLETED,True
1b97adf188a5e23b,1PGA,1PGA,A,A:42,GLU,low,SPE_REFERENCE_EVENT,SPE,free_space,SIDE_CHAIN_LOSS,5.0,73,56.0,6195.7361,0.375,0.2857142857142857,0.7454545454545455,0.9113742552449646,8.0,60.16525370651088,SYNTHETIC_PUBLIC_DATA_PROXY,MOCK_COMPLETED,True
5769dff80eb0a653,1PGA,1PGA,A,A:42,GLU,low,MARS_SURFACE_REFERENCE,GCR,mars_surface,SIDE_CHAIN_LOSS,5.0,11,56.0,6195.7361,0.375,0.2857142857142857,0.7454545454545455,0.9113742552449646,8.0,43.94359376752615,SYNTHETIC_PUBLIC_DATA_PROXY,MOCK_COMPLETED,True
0708387ea0fd9425,1PGA,1PGA,A,A:42,GLU,low,MARS_SURFACE_REFERENCE,GCR,mars_surface,SIDE_CHAIN_LOSS,5.0,42,56.0,6195.7361,0.375,0.2857142857142857,0.7454545454545455,0.9113742552449646,8.0,46.18777134341469,SYNTHETIC_PUBLIC_DATA_PROXY,MOCK_COMPLETED,True
e648a096b1972409,1PGA,1PGA,A,A:42,GLU,low,MARS_SURFACE_REFERENCE,GCR,mars_surface,SIDE_CHAIN_LOSS,5.0,73,56.0,6195.7361,0.375,0.2857142857142857,0.7454545454545455,0.9113742552449646,8.0,45.89908255859971,SYNTHETIC_PUBLIC_DATA_PROXY,MOCK_COMPLETED,True
a809788cb625fef1,1PGA,1PGA,A,A:33,TYR,high,GCR_DEEP_SPACE_REFERENCE,GCR,free_space,SIDE_CHAIN_LOSS,6.0,11,56.0,6195.7361,0.375,0.2857142857142857,0.5818181818181818,0.4709336913871125,8.0,49.12175373955057,SYNTHETIC_PUBLIC_DATA_PROXY,MOCK_COMPLETED,True
410f230b84f11be1,1PGA,1PGA,A,A:33,TYR,high,GCR_DEEP_SPACE_REFERENCE,GCR,free_space,SIDE_CHAIN_LOSS,6.0,42,56.0,6195.7361,0.375,0.2857142857142857,0.5818181818181818,0.4709336913871125,8.0,50.753604192598516,SYNTHETIC_PUBLIC_DATA_PROXY,MOCK_COMPLETED,True
82b44476b1e9580d,1PGA,1PGA,A,A:33,TYR,high,GCR_DEEP_SPACE_REFERENCE,GCR,free_space,SIDE_CHAIN_LOSS,6.0,73,56.0,6195.7361,0.375,0.2857142857142857,0.5818181818181818,0.4709336913871125,8.0,49.134021119664745,SYNTHETIC_PUBLIC_DATA_PROXY,MOCK_COMPLETED,True
56b8e7149bc114fc,1PGA,1PGA,A,A:33,TYR,high,SPE_REFERENCE_EVENT,SPE,free_space,SIDE_CHAIN_LOSS,6.0,11,56.0,6195.7361,0.375,0.2857142857142857,0.5818181818181818,0.4709336913871125,8.0,60.17231615540778,SYNTHETIC_PUBLIC_DATA_PROXY,MOCK_COMPLETED,True
52393d490684dab8,1PGA,1PGA,A,A:33,TYR,high,SPE_REFERENCE_EVENT,SPE,free_space,SIDE_CHAIN_LOSS,6.0,42,56.0,6195.7361,0.375,0.2857142857142857,0.5818181818181818,0.4709336913871125,8.0,58.64397992145027,SYNTHETIC_PUBLIC_DATA_PROXY,MOCK_COMPLETED,True
da4b6a9e4e08bb98,1PGA,1PGA,A,A:33,TYR,high,SPE_REFERENCE_EVENT,SPE,free_space,SIDE_CHAIN_LOSS,6.0,73,56.0,6195.7361,0.375,0.2857142857142857,0.5818181818181818,0.4709336913871125,8.0,59.197830744453,SYNTHETIC_PUBLIC_DATA_PROXY,MOCK_COMPLETED,True
d50e887f59603906,1PGA,1PGA,A,A:33,TYR,high,MARS_SURFACE_REFERENCE,GCR,mars_surface,SIDE_CHAIN_LOSS,6.0,11,56.0,6195.7361,0.375,0.2857142857142857,0.5818181818181818,0.4709336913871125,8.0,46.85325281232439,SYNTHETIC_PUBLIC_DATA_PROXY,MOCK_COMPLETED,True
6c06064da855cb83,1PGA,1PGA,A,A:33,TYR,high,MARS_SURFACE_REFERENCE,GCR,mars_surface,SIDE_CHAIN_LOSS,6.0,42,56.0,6195.7361,0.375,0.2857142857142857,0.5818181818181818,0.4709336913871125,8.0,41.63214269808888,SYNTHETIC_PUBLIC_DATA_PROXY,MOCK_COMPLETED,True
d7be5f00e1a1137c,1PGA,1PGA,A,A:33,TYR,high,MARS_SURFACE_REFERENCE,GCR,mars_surface,SIDE_CHAIN_LOSS,6.0,73,56.0,6195.7361,0.375,0.2857142857142857,0.5818181818181818,0.4709336913871125,8.0,44.47585420683479,SYNTHETIC_PUBLIC_DATA_PROXY,MOCK_COMPLETED,True
78a314170203fa67,1PGA,1PGA,A,A:21,VAL,low,GCR_DEEP_SPACE_REFERENCE,GCR,free_space,SIDE_CHAIN_LOSS,7.0,11,56.0,6195.7361,0.375,0.2857142857142857,0.36363636363636365,0.8269143606262463,7.0,47.25544823958068,SYNTHETIC_PUBLIC_DATA_PROXY,MOCK_COMPLETED,True
b2444b19bad988db,1PGA,1PGA,A,A:21,VAL,low,GCR_DEEP_SPACE_REFERENCE,GCR,free_space,SIDE_CHAIN_LOSS,7.0,42,56.0,6195.7361,0.375,0.2857142857142857,0.36363636363636365,0.8269143606262463,7.0,46.834185254704316,SYNTHETIC_PUBLIC_DATA_PROXY,MOCK_COMPLETED,True
a01a6f32b173fcc1,1PGA,1PGA,A,A:21,VAL,low,GCR_DEEP_SPACE_REFERENCE,GCR,free_space,SIDE_CHAIN_LOSS,7.0,73,56.0,6195.7361,0.375,0.2857142857142857,0.36363636363636365,0.8269143606262463,7.0,47.743524247245965,SYNTHETIC_PUBLIC_DATA_PROXY,MOCK_COMPLETED,True
88bc2d136e3a3b58,1PGA,1PGA,A,A:21,VAL,low,SPE_REFERENCE_EVENT,SPE,free_space,SIDE_CHAIN_LOSS,7.0,11,56.0,6195.7361,0.375,0.2857142857142857,0.36363636363636365,0.8269143606262463,7.0,62.06873315339866,SYNTHETIC_PUBLIC_DATA_PROXY,MOCK_COMPLETED,True
388f1c334dbe7897,1PGA,1PGA,A,A:21,VAL,low,SPE_REFERENCE_EVENT,SPE,free_space,SIDE_CHAIN_LOSS,7.0,42,56.0,6195.7361,0.375,0.2857142857142857,0.36363636363636365,0.8269143606262463,7.0,56.166802086079564,SYNTHETIC_PUBLIC_DATA_PROXY,MOCK_COMPLETED,True
896dcc2143cc648f,1PGA,1PGA,A,A:21,VAL,low,SPE_REFERENCE_EVENT,SPE,free_space,SIDE_CHAIN_LOSS,7.0,73,56.0,6195.7361,0.375,0.2857142857142857,0.36363636363636365,0.8269143606262463,7.0,60.752075761791374,SYNTHETIC_PUBLIC_DATA_PROXY,MOCK_COMPLETED,True
fc918184fa85078f,1PGA,1PGA,A,A:21,VAL,low,MARS_SURFACE_REFERENCE,GCR,mars_surface,SIDE_CHAIN_LOSS,7.0,11,56.0,6195.7361,0.375,0.2857142857142857,0.36363636363636365,0.8269143606262463,7.0,40.924205446273156,SYNTHETIC_PUBLIC_DATA_PROXY,MOCK_COMPLETED,True
e557c186e0b46f68,1PGA,1PGA,A,A:21,VAL,low,MARS_SURFACE_REFERENCE,GCR,mars_surface,SIDE_CHAIN_LOSS,7.0,42,56.0,6195.7361,0.375,0.2857142857142857,0.36363636363636365,0.8269143606262463,7.0,44.29416730034823,SYNTHETIC_PUBLIC_DATA_PROXY,MOCK_COMPLETED,True
bc7d7139217e1026,1PGA,1PGA,A,A:21,VAL,low,MARS_SURFACE_REFERENCE,GCR,mars_surface,SIDE_CHAIN_LOSS,7.0,73,56.0,6195.7361,0.375,0.2857142857142857,0.36363636363636365,0.8269143606262463,7.0,45.53826253807518,SYNTHETIC_PUBLIC_DATA_PROXY,MOCK_COMPLETED,True
a55ba43d7a66a15d,1PGA,1PGA,A,A:32,GLN,medium,GCR_DEEP_SPACE_REFERENCE,GCR,free_space,SIDE_CHAIN_LOSS,8.0,11,56.0,6195.7361,0.375,0.2857142857142857,0.5636363636363636,0.6669812501242546,8.0,49.12991972076621,SYNTHETIC_PUBLIC_DATA_PROXY,MOCK_COMPLETED,True
4ea1d53427e1acc3,1PGA,1PGA,A,A:32,GLN,medium,GCR_DEEP_SPACE_REFERENCE,GCR,free_space,SIDE_CHAIN_LOSS,8.0,42,56.0,6195.7361,0.375,0.2857142857142857,0.5636363636363636,0.6669812501242546,8.0,49.442430341850155,SYNTHETIC_PUBLIC_DATA_PROXY,MOCK_COMPLETED,True
6c1f4de30707cbe7,1PGA,1PGA,A,A:32,GLN,medium,GCR_DEEP_SPACE_REFERENCE,GCR,free_space,SIDE_CHAIN_LOSS,8.0,73,56.0,6195.7361,0.375,0.2857142857142857,0.5636363636363636,0.6669812501242546,8.0,49.64773198036783,SYNTHETIC_PUBLIC_DATA_PROXY,MOCK_COMPLETED,True
f0cfc3b56b3e1526,1PGA,1PGA,A,A:32,GLN,medium,SPE_REFERENCE_EVENT,SPE,free_space,SIDE_CHAIN_LOSS,8.0,11,56.0,6195.7361,0.375,0.2857142857142857,0.5636363636363636,0.6669812501242546,8.0,56.69255121174692,SYNTHETIC_PUBLIC_DATA_PROXY,MOCK_COMPLETED,True
d22e58350758ad73,1PGA,1PGA,A,A:32,GLN,medium,SPE_REFERENCE_EVENT,SPE,free_space,SIDE_CHAIN_LOSS,8.0,42,56.0,6195.7361,0.375,0.2857142857142857,0.5636363636363636,0.6669812501242546,8.0,56.4084844107066,SYNTHETIC_PUBLIC_DATA_PROXY,MOCK_COMPLETED,True
af5c3d3cd75b5d25,1PGA,1PGA,A,A:32,GLN,medium,SPE_REFERENCE_EVENT,SPE,free_space,SIDE_CHAIN_LOSS,8.0,73,56.0,6195.7361,0.375,0.2857142857142857,0.5636363636363636,0.6669812501242546,8.0,59.709303595510896,SYNTHETIC_PUBLIC_DATA_PROXY,MOCK_COMPLETED,True
41df3cd19db28f85,1PGA,1PGA,A,A:32,GLN,medium,MARS_SURFACE_REFERENCE,GCR,mars_surface,SIDE_CHAIN_LOSS,8.0,11,56.0,6195.7361,0.375,0.2857142857142857,0.5636363636363636,0.6669812501242546,8.0,43.88610308016398,SYNTHETIC_PUBLIC_DATA_PROXY,MOCK_COMPLETED,True
10b7918a4f0fd21c,1PGA,1PGA,A,A:32,GLN,medium,MARS_SURFACE_REFERENCE,GCR,mars_surface,SIDE_CHAIN_LOSS,8.0,42,56.0,6195.7361,0.375,0.2857142857142857,0.5636363636363636,0.6669812501242546,8.0,41.175148084023206,SYNTHETIC_PUBLIC_DATA_PROXY,MOCK_COMPLETED,True
bcf88e7121c77686,1PGA,1PGA,A,A:32,GLN,medium,MARS_SURFACE_REFERENCE,GCR,mars_surface,SIDE_CHAIN_LOSS,8.0,73,56.0,6195.7361,0.375,0.2857142857142857,0.5636363636363636,0.6669812501242546,8.0,41.53114585735931,SYNTHETIC_PUBLIC_DATA_PROXY,MOCK_COMPLETED,True
956e56a0c2aa6745,1PGA,1PGA,A,A:13,LYS,medium,GCR_DEEP_SPACE_REFERENCE,GCR,free_space,SIDE_CHAIN_LOSS,9.0,11,56.0,6195.7361,0.375,0.2857142857142857,0.21818181818181817,0.6984352521921855,9.0,44.357556346377166,SYNTHETIC_PUBLIC_DATA_PROXY,MOCK_COMPLETED,True
726928bd1b600983,1PGA,1PGA,A,A:13,LYS,medium,GCR_DEEP_SPACE_REFERENCE,GCR,free_space,SIDE_CHAIN_LOSS,9.0,42,56.0,6195.7361,0.375,0.2857142857142857,0.21818181818181817,0.6984352521921855,9.0,47.899088921515606,SYNTHETIC_PUBLIC_DATA_PROXY,MOCK_COMPLETED,True
c6984484cd292543,1PGA,1PGA,A,A:13,LYS,medium,GCR_DEEP_SPACE_REFERENCE,GCR,free_space,SIDE_CHAIN_LOSS,9.0,73,56.0,6195.7361,0.375,0.2857142857142857,0.21818181818181817,0.6984352521921855,9.0,47.012251401557606,SYNTHETIC_PUBLIC_DATA_PROXY,MOCK_COMPLETED,True
5b247585aa52c309,1PGA,1PGA,A,A:13,LYS,medium,SPE_REFERENCE_EVENT,SPE,free_space,SIDE_CHAIN_LOSS,9.0,11,56.0,6195.7361,0.375,0.2857142857142857,0.21818181818181817,0.6984352521921855,9.0,58.28240044655062,SYNTHETIC_PUBLIC_DATA_PROXY,MOCK_COMPLETED,True
d645d7743569b9a9,1PGA,1PGA,A,A:13,LYS,medium,SPE_REFERENCE_EVENT,SPE,free_space,SIDE_CHAIN_LOSS,9.0,42,56.0,6195.7361,0.375,0.2857142857142857,0.21818181818181817,0.6984352521921855,9.0,55.48805544553986,SYNTHETIC_PUBLIC_DATA_PROXY,MOCK_COMPLETED,True
dd0584e1cbff65bb,1PGA,1PGA,A,A:13,LYS,medium,SPE_REFERENCE_EVENT,SPE,free_space,SIDE_CHAIN_LOSS,9.0,73,56.0,6195.7361,0.375,0.2857142857142857,0.21818181818181817,0.6984352521921855,9.0,56.95253628907298,SYNTHETIC_PUBLIC_DATA_PROXY,MOCK_COMPLETED,True
08659e14401c236c,1PGA,1PGA,A,A:13,LYS,medium,MARS_SURFACE_REFERENCE,GCR,mars_surface,SIDE_CHAIN_LOSS,9.0,11,56.0,6195.7361,0.375,0.2857142857142857,0.21818181818181817,0.6984352521921855,9.0,44.92016304629954,SYNTHETIC_PUBLIC_DATA_PROXY,MOCK_COMPLETED,True
66b83cd64cc547f2,1PGA,1PGA,A,A:13,LYS,medium,MARS_SURFACE_REFERENCE,GCR,mars_surface,SIDE_CHAIN_LOSS,9.0,42,56.0,6195.7361,0.375,0.2857142857142857,0.21818181818181817,0.6984352521921855,9.0,42.582820712080604,SYNTHETIC_PUBLIC_DATA_PROXY,MOCK_COMPLETED,True
ea94a5af9681453f,1PGA,1PGA,A,A:13,LYS,medium,MARS_SURFACE_REFERENCE,GCR,mars_surface,SIDE_CHAIN_LOSS,9.0,73,56.0,6195.7361,0.375,0.2857142857142857,0.21818181818181817,0.6984352521921855,9.0,44.49812515527473,SYNTHETIC_PUBLIC_DATA_PROXY,MOCK_COMPLETED,True
0ccbebc81a4c8eb9,1PGA,1PGA,A,A:45,TYR,high,GCR_DEEP_SPACE_REFERENCE,GCR,free_space,SIDE_CHAIN_LOSS,10.0,11,56.0,6195.7361,0.375,0.2857142857142857,0.8,0.40434891999973926,8.0,45.055843796214965,SYNTHETIC_PUBLIC_DATA_PROXY,MOCK_COMPLETED,True
3ae3b628a6c1d925,1PGA,1PGA,A,A:45,TYR,high,GCR_DEEP_SPACE_REFERENCE,GCR,free_space,SIDE_CHAIN_LOSS,10.0,42,56.0,6195.7361,0.375,0.2857142857142857,0.8,0.40434891999973926,8.0,45.80302403246891,SYNTHETIC_PUBLIC_DATA_PROXY,MOCK_COMPLETED,True
408cab0c5c125faf,1PGA,1PGA,A,A:45,TYR,high,GCR_DEEP_SPACE_REFERENCE,GCR,free_space,SIDE_CHAIN_LOSS,10.0,73,56.0,6195.7361,0.375,0.2857142857142857,0.8,0.40434891999973926,8.0,45.75631391388577,SYNTHETIC_PUBLIC_DATA_PROXY,MOCK_COMPLETED,True
80c1193c33ef689c,1PGA,1PGA,A,A:45,TYR,high,SPE_REFERENCE_EVENT,SPE,free_space,SIDE_CHAIN_LOSS,10.0,11,56.0,6195.7361,0.375,0.2857142857142857,0.8,0.40434891999973926,8.0,53.62105953490899,SYNTHETIC_PUBLIC_DATA_PROXY,MOCK_COMPLETED,True
23d9a852a6e5e2d1,1PGA,1PGA,A,A:45,TYR,high,SPE_REFERENCE_EVENT,SPE,free_space,SIDE_CHAIN_LOSS,10.0,42,56.0,6195.7361,0.375,0.2857142857142857,0.8,0.40434891999973926,8.0,57.828089850845544,SYNTHETIC_PUBLIC_DATA_PROXY,MOCK_COMPLETED,True
a087654333981cac,1PGA,1PGA,A,A:45,TYR,high,SPE_REFERENCE_EVENT,SPE,free_space,SIDE_CHAIN_LOSS,10.0,73,56.0,6195.7361,0.375,0.2857142857142857,0.8,0.40434891999973926,8.0,55.43715279837478,SYNTHETIC_PUBLIC_DATA_PROXY,MOCK_COMPLETED,True
0975fa492ddd7865,1PGA,1PGA,A,A:45,TYR,high,MARS_SURFACE_REFERENCE,GCR,mars_surface,SIDE_CHAIN_LOSS,10.0,11,56.0,6195.7361,0.375,0.2857142857142857,0.8,0.40434891999973926,8.0,43.441893945700805,SYNTHETIC_PUBLIC_DATA_PROXY,MOCK_COMPLETED,True
09f78af7ae2fa4ff,1PGA,1PGA,A,A:45,TYR,high,MARS_SURFACE_REFERENCE,GCR,mars_surface,SIDE_CHAIN_LOSS,10.0,42,56.0,6195.7361,0.375,0.2857142857142857,0.8,0.40434891999973926,8.0,44.61252529614636,SYNTHETIC_PUBLIC_DATA_PROXY,MOCK_COMPLETED,True
473c1a685d1edafb,1PGA,1PGA,A,A:45,TYR,high,MARS_SURFACE_REFERENCE,GCR,mars_surface,SIDE_CHAIN_LOSS,10.0,73,56.0,6195.7361,0.375,0.2857142857142857,0.8,0.40434891999973926,8.0,44.52698658895645,SYNTHETIC_PUBLIC_DATA_PROXY,MOCK_COMPLETED,True
0350923955575319,1TEN,1TEN,A,A:879,ASP,low,GCR_DEEP_SPACE_REFERENCE,GCR,free_space,SIDE_CHAIN_LOSS,1.0,11,89.0,9895.8019,0.33707865168539325,0.29213483146067415,0.8636363636363636,1.0,5.0,59.54401832798752,SYNTHETIC_PUBLIC_DATA_PROXY,MOCK_COMPLETED,True
c65c4f68cf642494,1TEN,1TEN,A,A:879,ASP,low,GCR_DEEP_SPACE_REFERENCE,GCR,free_space,SIDE_CHAIN_LOSS,1.0,42,89.0,9895.8019,0.33707865168539325,0.29213483146067415,0.8636363636363636,1.0,5.0,57.634341844282,SYNTHETIC_PUBLIC_DATA_PROXY,MOCK_COMPLETED,True
ce93dc7edcd7d212,1TEN,1TEN,A,A:879,ASP,low,GCR_DEEP_SPACE_REFERENCE,GCR,free_space,SIDE_CHAIN_LOSS,1.0,73,89.0,9895.8019,0.33707865168539325,0.29213483146067415,0.8636363636363636,1.0,5.0,56.82230977544518,SYNTHETIC_PUBLIC_DATA_PROXY,MOCK_COMPLETED,True
99c44af50ea07dca,1TEN,1TEN,A,A:879,ASP,low,SPE_REFERENCE_EVENT,SPE,free_space,SIDE_CHAIN_LOSS,1.0,11,89.0,9895.8019,0.33707865168539325,0.29213483146067415,0.8636363636363636,1.0,5.0,67.58126002828955,SYNTHETIC_PUBLIC_DATA_PROXY,MOCK_COMPLETED,True
5282c757b5b1592e,1TEN,1TEN,A,A:879,ASP,low,SPE_REFERENCE_EVENT,SPE,free_space,SIDE_CHAIN_LOSS,1.0,42,89.0,9895.8019,0.33707865168539325,0.29213483146067415,0.8636363636363636,1.0,5.0,63.56221947066048,SYNTHETIC_PUBLIC_DATA_PROXY,MOCK_COMPLETED,True
42534a636c6600f5,1TEN,1TEN,A,A:879,ASP,low,SPE_REFERENCE_EVENT,SPE,free_space,SIDE_CHAIN_LOSS,1.0,73,89.0,9895.8019,0.33707865168539325,0.29213483146067415,0.8636363636363636,1.0,5.0,64.16277437449783,SYNTHETIC_PUBLIC_DATA_PROXY,MOCK_COMPLETED,True
a3619e92f26ebf1b,1TEN,1TEN,A,A:879,ASP,low,MARS_SURFACE_REFERENCE,GCR,mars_surface,SIDE_CHAIN_LOSS,1.0,11,89.0,9895.8019,0.33707865168539325,0.29213483146067415,0.8636363636363636,1.0,5.0,51.27380652466955,SYNTHETIC_PUBLIC_DATA_PROXY,MOCK_COMPLETED,True
b36f58a74851d5cf,1TEN,1TEN,A,A:879,ASP,low,MARS_SURFACE_REFERENCE,GCR,mars_surface,SIDE_CHAIN_LOSS,1.0,42,89.0,9895.8019,0.33707865168539325,0.29213483146067415,0.8636363636363636,1.0,5.0,52.087438486551854,SYNTHETIC_PUBLIC_DATA_PROXY,MOCK_COMPLETED,True
e44bcd5f9d19a414,1TEN,1TEN,A,A:879,ASP,low,MARS_SURFACE_REFERENCE,GCR,mars_surface,SIDE_CHAIN_LOSS,1.0,73,89.0,9895.8019,0.33707865168539325,0.29213483146067415,0.8636363636363636,1.0,5.0,55.57999112236415,SYNTHETIC_PUBLIC_DATA_PROXY,MOCK_COMPLETED,True
ba2d581e2132e3b1,1TEN,1TEN,A,A:827,LEU,low,GCR_DEEP_SPACE_REFERENCE,GCR,free_space,SIDE_CHAIN_LOSS,2.0,11,89.0,9895.8019,0.33707865168539325,0.29213483146067415,0.2727272727272727,0.9529738672965757,5.0,54.30012620145953,SYNTHETIC_PUBLIC_DATA_PROXY,MOCK_COMPLETED,True
fb4ecd5f1147f8bb,1TEN,1TEN,A,A:827,LEU,low,GCR_DEEP_SPACE_REFERENCE,GCR,free_space,SIDE_CHAIN_LOSS,2.0,42,89.0,9895.8019,0.33707865168539325,0.29213483146067415,0.2727272727272727,0.9529738672965757,5.0,55.61841745476121,SYNTHETIC_PUBLIC_DATA_PROXY,MOCK_COMPLETED,True
6e906ffdcdea8e39,1TEN,1TEN,A,A:827,LEU,low,GCR_DEEP_SPACE_REFERENCE,GCR,free_space,SIDE_CHAIN_LOSS,2.0,73,89.0,9895.8019,0.33707865168539325,0.29213483146067415,0.2727272727272727,0.9529738672965757,5.0,59.81189458432485,SYNTHETIC_PUBLIC_DATA_PROXY,MOCK_COMPLETED,True
4d9f4f768c4cdb45,1TEN,1TEN,A,A:827,LEU,low,SPE_REFERENCE_EVENT,SPE,free_space,SIDE_CHAIN_LOSS,2.0,11,89.0,9895.8019,0.33707865168539325,0.29213483146067415,0.2727272727272727,0.9529738672965757,5.0,65.57316391220611,SYNTHETIC_PUBLIC_DATA_PROXY,MOCK_COMPLETED,True
ef88d318a6579b23,1TEN,1TEN,A,A:827,LEU,low,SPE_REFERENCE_EVENT,SPE,free_space,SIDE_CHAIN_LOSS,2.0,42,89.0,9895.8019,0.33707865168539325,0.29213483146067415,0.2727272727272727,0.9529738672965757,5.0,68.30761276102739,SYNTHETIC_PUBLIC_DATA_PROXY,MOCK_COMPLETED,True
8a72317b5d5570dd,1TEN,1TEN,A,A:827,LEU,low,SPE_REFERENCE_EVENT,SPE,free_space,SIDE_CHAIN_LOSS,2.0,73,89.0,9895.8019,0.33707865168539325,0.29213483146067415,0.2727272727272727,0.9529738672965757,5.0,64.12977963983498,SYNTHETIC_PUBLIC_DATA_PROXY,MOCK_COMPLETED,True
84f002cfe198f0eb,1TEN,1TEN,A,A:827,LEU,low,MARS_SURFACE_REFERENCE,GCR,mars_surface,SIDE_CHAIN_LOSS,2.0,11,89.0,9895.8019,0.33707865168539325,0.29213483146067415,0.2727272727272727,0.9529738672965757,5.0,52.7502299451906,SYNTHETIC_PUBLIC_DATA_PROXY,MOCK_COMPLETED,True
03c346e84b1ea603,1TEN,1TEN,A,A:827,LEU,low,MARS_SURFACE_REFERENCE,GCR,mars_surface,SIDE_CHAIN_LOSS,2.0,42,89.0,9895.8019,0.33707865168539325,0.29213483146067415,0.2727272727272727,0.9529738672965757,5.0,50.88876870258322,SYNTHETIC_PUBLIC_DATA_PROXY,MOCK_COMPLETED,True
f6ad70a4fc81e881,1TEN,1TEN,A,A:827,LEU,low,MARS_SURFACE_REFERENCE,GCR,mars_surface,SIDE_CHAIN_LOSS,2.0,73,89.0,9895.8019,0.33707865168539325,0.29213483146067415,0.2727272727272727,0.9529738672965757,5.0,52.41624115010827,SYNTHETIC_PUBLIC_DATA_PROXY,MOCK_COMPLETED,True
b73908a2c3e786c2,1TEN,1TEN,A,A:880,MET,high,GCR_DEEP_SPACE_REFERENCE,GCR,free_space,SIDE_CHAIN_LOSS,3.0,11,89.0,9895.8019,0.33707865168539325,0.29213483146067415,0.875,0.5406613602638075,7.0,55.34206620880788,SYNTHETIC_PUBLIC_DATA_PROXY,MOCK_COMPLETED,True
216a5f67f252447e,1TEN,1TEN,A,A:880,MET,high,GCR_DEEP_SPACE_REFERENCE,GCR,free_space,SIDE_CHAIN_LOSS,3.0,42,89.0,9895.8019,0.33707865168539325,0.29213483146067415,0.875,0.5406613602638075,7.0,48.922994807183514,SYNTHETIC_PUBLIC_DATA_PROXY,MOCK_COMPLETED,True
a1f5d2f31b1dedc0,1TEN,1TEN,A,A:880,MET,high,GCR_DEEP_SPACE_REFERENCE,GCR,free_space,SIDE_CHAIN_LOSS,3.0,73,89.0,9895.8019,0.33707865168539325,0.29213483146067415,0.875,0.5406613602638075,7.0,54.327354974029035,SYNTHETIC_PUBLIC_DATA_PROXY,MOCK_COMPLETED,True
7875b84ae2675aef,1TEN,1TEN,A,A:880,MET,high,SPE_REFERENCE_EVENT,SPE,free_space,SIDE_CHAIN_LOSS,3.0,11,89.0,9895.8019,0.33707865168539325,0.29213483146067415,0.875,0.5406613602638075,7.0,63.735634870995085,SYNTHETIC_PUBLIC_DATA_PROXY,MOCK_COMPLETED,True
18308958f2c58d5d,1TEN,1TEN,A,A:880,MET,high,SPE_REFERENCE_EVENT,SPE,free_space,SIDE_CHAIN_LOSS,3.0,42,89.0,9895.8019,0.33707865168539325,0.29213483146067415,0.875,0.5406613602638075,7.0,61.6559209759224,SYNTHETIC_PUBLIC_DATA_PROXY,MOCK_COMPLETED,True
c1bb50c54174231d,1TEN,1TEN,A,A:880,MET,high,SPE_REFERENCE_EVENT,SPE,free_space,SIDE_CHAIN_LOSS,3.0,73,89.0,9895.8019,0.33707865168539325,0.29213483146067415,0.875,0.5406613602638075,7.0,59.52615122919325,SYNTHETIC_PUBLIC_DATA_PROXY,MOCK_COMPLETED,True
21d18f277378ba04,1TEN,1TEN,A,A:880,MET,high,MARS_SURFACE_REFERENCE,GCR,mars_surface,SIDE_CHAIN_LOSS,3.0,11,89.0,9895.8019,0.33707865168539325,0.29213483146067415,0.875,0.5406613602638075,7.0,50.12161963444906,SYNTHETIC_PUBLIC_DATA_PROXY,MOCK_COMPLETED,True
e4f13052f93d8db7,1TEN,1TEN,A,A:880,MET,high,MARS_SURFACE_REFERENCE,GCR,mars_surface,SIDE_CHAIN_LOSS,3.0,42,89.0,9895.8019,0.33707865168539325,0.29213483146067415,0.875,0.5406613602638075,7.0,48.61756409250488,SYNTHETIC_PUBLIC_DATA_PROXY,MOCK_COMPLETED,True
18c0d5fe32412443,1TEN,1TEN,A,A:880,MET,high,MARS_SURFACE_REFERENCE,GCR,mars_surface,SIDE_CHAIN_LOSS,3.0,73,89.0,9895.8019,0.33707865168539325,0.29213483146067415,0.875,0.5406613602638075,7.0,50.52298639355114,SYNTHETIC_PUBLIC_DATA_PROXY,MOCK_COMPLETED,True
7c29f65e3860070a,1TEN,1TEN,A,A:864,LYS,medium,GCR_DEEP_SPACE_REFERENCE,GCR,free_space,SIDE_CHAIN_LOSS,4.0,11,89.0,9895.8019,0.33707865168539325,0.29213483146067415,0.6931818181818182,0.7813139705295298,8.0,51.74531042752433,SYNTHETIC_PUBLIC_DATA_PROXY,MOCK_COMPLETED,True
f34e146567fbb642,1TEN,1TEN,A,A:864,LYS,medium,GCR_DEEP_SPACE_REFERENCE,GCR,free_space,SIDE_CHAIN_LOSS,4.0,42,89.0,9895.8019,0.33707865168539325,0.29213483146067415,0.6931818181818182,0.7813139705295298,8.0,55.695127292018014,SYNTHETIC_PUBLIC_DATA_PROXY,MOCK_COMPLETED,True
91298950c4d06de4,1TEN,1TEN,A,A:864,LYS,medium,GCR_DEEP_SPACE_REFERENCE,GCR,free_space,SIDE_CHAIN_LOSS,4.0,73,89.0,9895.8019,0.33707865168539325,0.29213483146067415,0.6931818181818182,0.7813139705295298,8.0,51.09229099503317,SYNTHETIC_PUBLIC_DATA_PROXY,MOCK_COMPLETED,True
ffeaecc797f4e454,1TEN,1TEN,A,A:864,LYS,medium,SPE_REFERENCE_EVENT,SPE,free_space,SIDE_CHAIN_LOSS,4.0,11,89.0,9895.8019,0.33707865168539325,0.29213483146067415,0.6931818181818182,0.7813139705295298,8.0,59.03193633216106,SYNTHETIC_PUBLIC_DATA_PROXY,MOCK_COMPLETED,True
aa46abe287d67d0d,1TEN,1TEN,A,A:864,LYS,medium,SPE_REFERENCE_EVENT,SPE,free_space,SIDE_CHAIN_LOSS,4.0,42,89.0,9895.8019,0.33707865168539325,0.29213483146067415,0.6931818181818182,0.7813139705295298,8.0,62.03886915110651,SYNTHETIC_PUBLIC_DATA_PROXY,MOCK_COMPLETED,True
c6d3e65380820cb8,1TEN,1TEN,A,A:864,LYS,medium,SPE_REFERENCE_EVENT,SPE,free_space,SIDE_CHAIN_LOSS,4.0,73,89.0,9895.8019,0.33707865168539325,0.29213483146067415,0.6931818181818182,0.7813139705295298,8.0,62.14067177364514,SYNTHETIC_PUBLIC_DATA_PROXY,MOCK_COMPLETED,True
b0ce5997f29b5539,1TEN,1TEN,A,A:864,LYS,medium,MARS_SURFACE_REFERENCE,GCR,mars_surface,SIDE_CHAIN_LOSS,4.0,11,89.0,9895.8019,0.33707865168539325,0.29213483146067415,0.6931818181818182,0.7813139705295298,8.0,51.78864900181682,SYNTHETIC_PUBLIC_DATA_PROXY,MOCK_COMPLETED,True
7b29392316d889b1,1TEN,1TEN,A,A:864,LYS,medium,MARS_SURFACE_REFERENCE,GCR,mars_surface,SIDE_CHAIN_LOSS,4.0,42,89.0,9895.8019,0.33707865168539325,0.29213483146067415,0.6931818181818182,0.7813139705295298,8.0,50.47845817850217,SYNTHETIC_PUBLIC_DATA_PROXY,MOCK_COMPLETED,True
23e17a0da15ddfb4,1TEN,1TEN,A,A:864,LYS,medium,MARS_SURFACE_REFERENCE,GCR,mars_surface,SIDE_CHAIN_LOSS,4.0,73,89.0,9895.8019,0.33707865168539325,0.29213483146067415,0.6931818181818182,0.7813139705295298,8.0,49.2828577115895,SYNTHETIC_PUBLIC_DATA_PROXY,MOCK_COMPLETED,True
d59d0db023c7a949,1TEN,1TEN,A,A:862,ASN,medium,GCR_DEEP_SPACE_REFERENCE,GCR,free_space,SIDE_CHAIN_LOSS,5.0,11,89.0,9895.8019,0.33707865168539325,0.29213483146067415,0.6704545454545454,0.6645751220531106,6.0,55.85802731220267,SYNTHETIC_PUBLIC_DATA_PROXY,MOCK_COMPLETED,True
86ad49baa55b2196,1TEN,1TEN,A,A:862,ASN,medium,GCR_DEEP_SPACE_REFERENCE,GCR,free_space,SIDE_CHAIN_LOSS,5.0,42,89.0,9895.8019,0.33707865168539325,0.29213483146067415,0.6704545454545454,0.6645751220531106,6.0,49.22786244834664,SYNTHETIC_PUBLIC_DATA_PROXY,MOCK_COMPLETED,True
0f408da67e72729a,1TEN,1TEN,A,A:862,ASN,medium,GCR_DEEP_SPACE_REFERENCE,GCR,free_space,SIDE_CHAIN_LOSS,5.0,73,89.0,9895.8019,0.33707865168539325,0.29213483146067415,0.6704545454545454,0.6645751220531106,6.0,50.6003912522794,SYNTHETIC_PUBLIC_DATA_PROXY,MOCK_COMPLETED,True
2a0939098c811119,1TEN,1TEN,A,A:862,ASN,medium,SPE_REFERENCE_EVENT,SPE,free_space,SIDE_CHAIN_LOSS,5.0,11,89.0,9895.8019,0.33707865168539325,0.29213483146067415,0.6704545454545454,0.6645751220531106,6.0,59.783330230639955,SYNTHETIC_PUBLIC_DATA_PROXY,MOCK_COMPLETED,True
eb9acdfb15189dda,1TEN,1TEN,A,A:862,ASN,medium,SPE_REFERENCE_EVENT,SPE,free_space,SIDE_CHAIN_LOSS,5.0,42,89.0,9895.8019,0.33707865168539325,0.29213483146067415,0.6704545454545454,0.6645751220531106,6.0,61.12524557626435,SYNTHETIC_PUBLIC_DATA_PROXY,MOCK_COMPLETED,True
8c26a9f301fb4afc,1TEN,1TEN,A,A:862,ASN,medium,SPE_REFERENCE_EVENT,SPE,free_space,SIDE_CHAIN_LOSS,5.0,73,89.0,9895.8019,0.33707865168539325,0.29213483146067415,0.6704545454545454,0.6645751220531106,6.0,58.658054715263,SYNTHETIC_PUBLIC_DATA_PROXY,MOCK_COMPLETED,True
9a6f341d182ad8dd,1TEN,1TEN,A,A:862,ASN,medium,MARS_SURFACE_REFERENCE,GCR,mars_surface,SIDE_CHAIN_LOSS,5.0,11,89.0,9895.8019,0.33707865168539325,0.29213483146067415,0.6704545454545454,0.6645751220531106,6.0,50.48764745118977,SYNTHETIC_PUBLIC_DATA_PROXY,MOCK_COMPLETED,True
7915fb18379f6a03,1TEN,1TEN,A,A:862,ASN,medium,MARS_SURFACE_REFERENCE,GCR,mars_surface,SIDE_CHAIN_LOSS,5.0,42,89.0,9895.8019,0.33707865168539325,0.29213483146067415,0.6704545454545454,0.6645751220531106,6.0,48.34421334140683,SYNTHETIC_PUBLIC_DATA_PROXY,MOCK_COMPLETED,True
0281e4c045430ae7,1TEN,1TEN,A,A:862,ASN,medium,MARS_SURFACE_REFERENCE,GCR,mars_surface,SIDE_CHAIN_LOSS,5.0,73,89.0,9895.8019,0.33707865168539325,0.29213483146067415,0.6704545454545454,0.6645751220531106,6.0,45.22275434789712,SYNTHETIC_PUBLIC_DATA_PROXY,MOCK_COMPLETED,True
560625e29c37ca55,1TEN,1TEN,A,A:829,GLU,low,GCR_DEEP_SPACE_REFERENCE,GCR,free_space,SIDE_CHAIN_LOSS,6.0,11,89.0,9895.8019,0.33707865168539325,0.29213483146067415,0.29545454545454547,0.8184274959667447,6.0,48.368688850716666,SYNTHETIC_PUBLIC_DATA_PROXY,MOCK_COMPLETED,True
b0ecafa47d3bf9a1,1TEN,1TEN,A,A:829,GLU,low,GCR_DEEP_SPACE_REFERENCE,GCR,free_space,SIDE_CHAIN_LOSS,6.0,42,89.0,9895.8019,0.33707865168539325,0.29213483146067415,0.29545454545454547,0.8184274959667447,6.0,51.69142117236101,SYNTHETIC_PUBLIC_DATA_PROXY,MOCK_COMPLETED,True
c341e39a204e0b93,1TEN,1TEN,A,A:829,GLU,low,GCR_DEEP_SPACE_REFERENCE,GCR,free_space,SIDE_CHAIN_LOSS,6.0,73,89.0,9895.8019,0.33707865168539325,0.29213483146067415,0.29545454545454547,0.8184274959667447,6.0,53.00295297347147,SYNTHETIC_PUBLIC_DATA_PROXY,MOCK_COMPLETED,True
be8ffcaf19bdc43d,1TEN,1TEN,A,A:829,GLU,low,SPE_REFERENCE_EVENT,SPE,free_space,SIDE_CHAIN_LOSS,6.0,11,89.0,9895.8019,0.33707865168539325,0.29213483146067415,0.29545454545454547,0.8184274959667447,6.0,65.79946378296499,SYNTHETIC_PUBLIC_DATA_PROXY,MOCK_COMPLETED,True
3cdec9111a04aac3,1TEN,1TEN,A,A:829,GLU,low,SPE_REFERENCE_EVENT,SPE,free_space,SIDE_CHAIN_LOSS,6.0,42,89.0,9895.8019,0.33707865168539325,0.29213483146067415,0.29545454545454547,0.8184274959667447,6.0,68.09229271875384,SYNTHETIC_PUBLIC_DATA_PROXY,MOCK_COMPLETED,True
59ffe05b9095d423,1TEN,1TEN,A,A:829,GLU,low,SPE_REFERENCE_EVENT,SPE,free_space,SIDE_CHAIN_LOSS,6.0,73,89.0,9895.8019,0.33707865168539325,0.29213483146067415,0.29545454545454547,0.8184274959667447,6.0,61.843660136925514,SYNTHETIC_PUBLIC_DATA_PROXY,MOCK_COMPLETED,True
464f8612cb1d9bc4,1TEN,1TEN,A,A:829,GLU,low,MARS_SURFACE_REFERENCE,GCR,mars_surface,SIDE_CHAIN_LOSS,6.0,11,89.0,9895.8019,0.33707865168539325,0.29213483146067415,0.29545454545454547,0.8184274959667447,6.0,45.133791253655865,SYNTHETIC_PUBLIC_DATA_PROXY,MOCK_COMPLETED,True
e1d46ace51a89716,1TEN,1TEN,A,A:829,GLU,low,MARS_SURFACE_REFERENCE,GCR,mars_surface,SIDE_CHAIN_LOSS,6.0,42,89.0,9895.8019,0.33707865168539325,0.29213483146067415,0.29545454545454547,0.8184274959667447,6.0,42.277520851907255,SYNTHETIC_PUBLIC_DATA_PROXY,MOCK_COMPLETED,True
3a1bbcc0c97886e3,1TEN,1TEN,A,A:829,GLU,low,MARS_SURFACE_REFERENCE,GCR,mars_surface,SIDE_CHAIN_LOSS,6.0,73,89.0,9895.8019,0.33707865168539325,0.29213483146067415,0.29545454545454547,0.8184274959667447,6.0,48.27691520959512,SYNTHETIC_PUBLIC_DATA_PROXY,MOCK_COMPLETED,True
5c05d208c583228a,1TEN,1TEN,A,A:886,LYS,medium,GCR_DEEP_SPACE_REFERENCE,GCR,free_space,SIDE_CHAIN_LOSS,7.0,11,89.0,9895.8019,0.33707865168539325,0.29213483146067415,0.9431818181818182,0.6797666678526262,8.0,46.81500285048661,SYNTHETIC_PUBLIC_DATA_PROXY,MOCK_COMPLETED,True
43499b33d3de85af,1TEN,1TEN,A,A:886,LYS,medium,GCR_DEEP_SPACE_REFERENCE,GCR,free_space,SIDE_CHAIN_LOSS,7.0,42,89.0,9895.8019,0.33707865168539325,0.29213483146067415,0.9431818181818182,0.6797666678526262,8.0,47.808962438313216,SYNTHETIC_PUBLIC_DATA_PROXY,MOCK_COMPLETED,True
0ab2574a6e2b4be0,1TEN,1TEN,A,A:886,LYS,medium,GCR_DEEP_SPACE_REFERENCE,GCR,free_space,SIDE_CHAIN_LOSS,7.0,73,89.0,9895.8019,0.33707865168539325,0.29213483146067415,0.9431818181818182,0.6797666678526262,8.0,47.31711359111291,SYNTHETIC_PUBLIC_DATA_PROXY,MOCK_COMPLETED,True
9aaa68ae38dae145,1TEN,1TEN,A,A:886,LYS,medium,SPE_REFERENCE_EVENT,SPE,free_space,SIDE_CHAIN_LOSS,7.0,11,89.0,9895.8019,0.33707865168539325,0.29213483146067415,0.9431818181818182,0.6797666678526262,8.0,58.39537837272146,SYNTHETIC_PUBLIC_DATA_PROXY,MOCK_COMPLETED,True
5e8bf42af1a308a7,1TEN,1TEN,A,A:886,LYS,medium,SPE_REFERENCE_EVENT,SPE,free_space,SIDE_CHAIN_LOSS,7.0,42,89.0,9895.8019,0.33707865168539325,0.29213483146067415,0.9431818181818182,0.6797666678526262,8.0,61.412306165731536,SYNTHETIC_PUBLIC_DATA_PROXY,MOCK_COMPLETED,True
06884f269976e18c,1TEN,1TEN,A,A:886,LYS,medium,SPE_REFERENCE_EVENT,SPE,free_space,SIDE_CHAIN_LOSS,7.0,73,89.0,9895.8019,0.33707865168539325,0.29213483146067415,0.9431818181818182,0.6797666678526262,8.0,59.139977007375784,SYNTHETIC_PUBLIC_DATA_PROXY,MOCK_COMPLETED,True
c90bb70fb62a5f40,1TEN,1TEN,A,A:886,LYS,medium,MARS_SURFACE_REFERENCE,GCR,mars_surface,SIDE_CHAIN_LOSS,7.0,11,89.0,9895.8019,0.33707865168539325,0.29213483146067415,0.9431818181818182,0.6797666678526262,8.0,45.1507684961657,SYNTHETIC_PUBLIC_DATA_PROXY,MOCK_COMPLETED,True
d92dcc4869c8116f,1TEN,1TEN,A,A:886,LYS,medium,MARS_SURFACE_REFERENCE,GCR,mars_surface,SIDE_CHAIN_LOSS,7.0,42,89.0,9895.8019,0.33707865168539325,0.29213483146067415,0.9431818181818182,0.6797666678526262,8.0,42.95822120669789,SYNTHETIC_PUBLIC_DATA_PROXY,MOCK_COMPLETED,True
9e7101707c7afe22,1TEN,1TEN,A,A:886,LYS,medium,MARS_SURFACE_REFERENCE,GCR,mars_surface,SIDE_CHAIN_LOSS,7.0,73,89.0,9895.8019,0.33707865168539325,0.29213483146067415,0.9431818181818182,0.6797666678526262,8.0,41.360648227001526,SYNTHETIC_PUBLIC_DATA_PROXY,MOCK_COMPLETED,True
60ab01f6725f8412,1TEN,1TEN,A,A:824,PHE,medium,GCR_DEEP_SPACE_REFERENCE,GCR,free_space,SIDE_CHAIN_LOSS,8.0,11,89.0,9895.8019,0.33707865168539325,0.29213483146067415,0.23863636363636365,0.6952758692246396,9.0,46.17695456560658,SYNTHETIC_PUBLIC_DATA_PROXY,MOCK_COMPLETED,True
406f9d7b1ec419bb,1TEN,1TEN,A,A:824,PHE,medium,GCR_DEEP_SPACE_REFERENCE,GCR,free_space,SIDE_CHAIN_LOSS,8.0,42,89.0,9895.8019,0.33707865168539325,0.29213483146067415,0.23863636363636365,0.6952758692246396,9.0,47.25826796124411,SYNTHETIC_PUBLIC_DATA_PROXY,MOCK_COMPLETED,True
2fa995656fc3d975,1TEN,1TEN,A,A:824,PHE,medium,GCR_DEEP_SPACE_REFERENCE,GCR,free_space,SIDE_CHAIN_LOSS,8.0,73,89.0,9895.8019,0.33707865168539325,0.29213483146067415,0.23863636363636365,0.6952758692246396,9.0,51.812549122239616,SYNTHETIC_PUBLIC_DATA_PROXY,MOCK_COMPLETED,True
9218f45ed0dd7bed,1TEN,1TEN,A,A:824,PHE,medium,SPE_REFERENCE_EVENT,SPE,free_space,SIDE_CHAIN_LOSS,8.0,11,89.0,9895.8019,0.33707865168539325,0.29213483146067415,0.23863636363636365,0.6952758692246396,9.0,57.61841064197212,SYNTHETIC_PUBLIC_DATA_PROXY,MOCK_COMPLETED,True
30debfec55f8dec6,1TEN,1TEN,A,A:824,PHE,medium,SPE_REFERENCE_EVENT,SPE,free_space,SIDE_CHAIN_LOSS,8.0,42,89.0,9895.8019,0.33707865168539325,0.29213483146067415,0.23863636363636365,0.6952758692246396,9.0,59.749573115847554,SYNTHETIC_PUBLIC_DATA_PROXY,MOCK_COMPLETED,True
8395c51838f0603e,1TEN,1TEN,A,A:824,PHE,medium,SPE_REFERENCE_EVENT,SPE,free_space,SIDE_CHAIN_LOSS,8.0,73,89.0,9895.8019,0.33707865168539325,0.29213483146067415,0.23863636363636365,0.6952758692246396,9.0,56.04448534194203,SYNTHETIC_PUBLIC_DATA_PROXY,MOCK_COMPLETED,True
8ec736cab56dfa50,1TEN,1TEN,A,A:824,PHE,medium,MARS_SURFACE_REFERENCE,GCR,mars_surface,SIDE_CHAIN_LOSS,8.0,11,89.0,9895.8019,0.33707865168539325,0.29213483146067415,0.23863636363636365,0.6952758692246396,9.0,41.130364922247345,SYNTHETIC_PUBLIC_DATA_PROXY,MOCK_COMPLETED,True
f428a52db0cc3621,1TEN,1TEN,A,A:824,PHE,medium,MARS_SURFACE_REFERENCE,GCR,mars_surface,SIDE_CHAIN_LOSS,8.0,42,89.0,9895.8019,0.33707865168539325,0.29213483146067415,0.23863636363636365,0.6952758692246396,9.0,41.67993243270897,SYNTHETIC_PUBLIC_DATA_PROXY,MOCK_COMPLETED,True
4ad6ef30f034dbfd,1TEN,1TEN,A,A:824,PHE,medium,MARS_SURFACE_REFERENCE,GCR,mars_surface,SIDE_CHAIN_LOSS,8.0,73,89.0,9895.8019,0.33707865168539325,0.29213483146067415,0.23863636363636365,0.6952758692246396,9.0,42.279659176950524,SYNTHETIC_PUBLIC_DATA_PROXY,MOCK_COMPLETED,True
f8ff36d378c863f7,1TEN,1TEN,A,A:857,GLN,medium,GCR_DEEP_SPACE_REFERENCE,GCR,free_space,SIDE_CHAIN_LOSS,9.0,11,89.0,9895.8019,0.33707865168539325,0.29213483146067415,0.6136363636363636,0.6027974969558008,8.0,52.013393134739225,SYNTHETIC_PUBLIC_DATA_PROXY,MOCK_COMPLETED,True
7690ebee13a1d333,1TEN,1TEN,A,A:857,GLN,medium,GCR_DEEP_SPACE_REFERENCE,GCR,free_space,SIDE_CHAIN_LOSS,9.0,42,89.0,9895.8019,0.33707865168539325,0.29213483146067415,0.6136363636363636,0.6027974969558008,8.0,44.63875210559035,SYNTHETIC_PUBLIC_DATA_PROXY,MOCK_COMPLETED,True
3eaebf4feca61930,1TEN,1TEN,A,A:857,GLN,medium,GCR_DEEP_SPACE_REFERENCE,GCR,free_space,SIDE_CHAIN_LOSS,9.0,73,89.0,9895.8019,0.33707865168539325,0.29213483146067415,0.6136363636363636,0.6027974969558008,8.0,48.788441812992176,SYNTHETIC_PUBLIC_DATA_PROXY,MOCK_COMPLETED,True
b605d91be38a78fa,1TEN,1TEN,A,A:857,GLN,medium,SPE_REFERENCE_EVENT,SPE,free_space,SIDE_CHAIN_LOSS,9.0,11,89.0,9895.8019,0.33707865168539325,0.29213483146067415,0.6136363636363636,0.6027974969558008,8.0,54.33490085843375,SYNTHETIC_PUBLIC_DATA_PROXY,MOCK_COMPLETED,True
49f1250f0cfd9229,1TEN,1TEN,A,A:857,GLN,medium,SPE_REFERENCE_EVENT,SPE,free_space,SIDE_CHAIN_LOSS,9.0,42,89.0,9895.8019,0.33707865168539325,0.29213483146067415,0.6136363636363636,0.6027974969558008,8.0,58.921151335836925,SYNTHETIC_PUBLIC_DATA_PROXY,MOCK_COMPLETED,True
bf0763bb4d2959c9,1TEN,1TEN,A,A:857,GLN,medium,SPE_REFERENCE_EVENT,SPE,free_space,SIDE_CHAIN_LOSS,9.0,73,89.0,9895.8019,0.33707865168539325,0.29213483146067415,0.6136363636363636,0.6027974969558008,8.0,57.55459621891597,SYNTHETIC_PUBLIC_DATA_PROXY,MOCK_COMPLETED,True
01ec7651a6bc2bdb,1TEN,1TEN,A,A:857,GLN,medium,MARS_SURFACE_REFERENCE,GCR,mars_surface,SIDE_CHAIN_LOSS,9.0,11,89.0,9895.8019,0.33707865168539325,0.29213483146067415,0.6136363636363636,0.6027974969558008,8.0,43.00062405950609,SYNTHETIC_PUBLIC_DATA_PROXY,MOCK_COMPLETED,True
a23e6e51db8e5633,1TEN,1TEN,A,A:857,GLN,medium,MARS_SURFACE_REFERENCE,GCR,mars_surface,SIDE_CHAIN_LOSS,9.0,42,89.0,9895.8019,0.33707865168539325,0.29213483146067415,0.6136363636363636,0.6027974969558008,8.0,43.29031248831273,SYNTHETIC_PUBLIC_DATA_PROXY,MOCK_COMPLETED,True
13c6594323550493,1TEN,1TEN,A,A:857,GLN,medium,MARS_SURFACE_REFERENCE,GCR,mars_surface,SIDE_CHAIN_LOSS,9.0,73,89.0,9895.8019,0.33707865168539325,0.29213483146067415,0.6136363636363636,0.6027974969558008,8.0,41.75524956507783,SYNTHETIC_PUBLIC_DATA_PROXY,MOCK_COMPLETED,True
c7222e6bd9c77346,1TEN,1TEN,A,A:808,GLN,medium,GCR_DEEP_SPACE_REFERENCE,GCR,free_space,SIDE_CHAIN_LOSS,10.0,11,89.0,9895.8019,0.33707865168539325,0.29213483146067415,0.056818181818181816,0.5089398934713268,7.0,47.068275298680135,SYNTHETIC_PUBLIC_DATA_PROXY,MOCK_COMPLETED,True
4f161ed2f8506732,1TEN,1TEN,A,A:808,GLN,medium,GCR_DEEP_SPACE_REFERENCE,GCR,free_space,SIDE_CHAIN_LOSS,10.0,42,89.0,9895.8019,0.33707865168539325,0.29213483146067415,0.056818181818181816,0.5089398934713268,7.0,44.81563609412298,SYNTHETIC_PUBLIC_DATA_PROXY,MOCK_COMPLETED,True
d7808f4aa833706f,1TEN,1TEN,A,A:808,GLN,medium,GCR_DEEP_SPACE_REFERENCE,GCR,free_space,SIDE_CHAIN_LOSS,10.0,73,89.0,9895.8019,0.33707865168539325,0.29213483146067415,0.056818181818181816,0.5089398934713268,7.0,42.88908038555681,SYNTHETIC_PUBLIC_DATA_PROXY,MOCK_COMPLETED,True
07d1a297d0aa4131,1TEN,1TEN,A,A:808,GLN,medium,SPE_REFERENCE_EVENT,SPE,free_space,SIDE_CHAIN_LOSS,10.0,11,89.0,9895.8019,0.33707865168539325,0.29213483146067415,0.056818181818181816,0.5089398934713268,7.0,52.65825085917588,SYNTHETIC_PUBLIC_DATA_PROXY,MOCK_COMPLETED,True
d76743676b56989c,1TEN,1TEN,A,A:808,GLN,medium,SPE_REFERENCE_EVENT,SPE,free_space,SIDE_CHAIN_LOSS,10.0,42,89.0,9895.8019,0.33707865168539325,0.29213483146067415,0.056818181818181816,0.5089398934713268,7.0,56.28456458928023,SYNTHETIC_PUBLIC_DATA_PROXY,MOCK_COMPLETED,True
1d55320834115026,1TEN,1TEN,A,A:808,GLN,medium,SPE_REFERENCE_EVENT,SPE,free_space,SIDE_CHAIN_LOSS,10.0,73,89.0,9895.8019,0.33707865168539325,0.29213483146067415,0.056818181818181816,0.5089398934713268,7.0,59.80082293600102,SYNTHETIC_PUBLIC_DATA_PROXY,MOCK_COMPLETED,True
5bd746b016e4bf6c,1TEN,1TEN,A,A:808,GLN,medium,MARS_SURFACE_REFERENCE,GCR,mars_surface,SIDE_CHAIN_LOSS,10.0,11,89.0,9895.8019,0.33707865168539325,0.29213483146067415,0.056818181818181816,0.5089398934713268,7.0,43.05307382890852,SYNTHETIC_PUBLIC_DATA_PROXY,MOCK_COMPLETED,True
5136c6379bef2a20,1TEN,1TEN,A,A:808,GLN,medium,MARS_SURFACE_REFERENCE,GCR,mars_surface,SIDE_CHAIN_LOSS,10.0,42,89.0,9895.8019,0.33707865168539325,0.29213483146067415,0.056818181818181816,0.5089398934713268,7.0,42.35649897970022,SYNTHETIC_PUBLIC_DATA_PROXY,MOCK_COMPLETED,True
2793415c40187f0b,1TEN,1TEN,A,A:808,GLN,medium,MARS_SURFACE_REFERENCE,GCR,mars_surface,SIDE_CHAIN_LOSS,10.0,73,89.0,9895.8019,0.33707865168539325,0.29213483146067415,0.056818181818181816,0.5089398934713268,7.0,43.36766014398128,SYNTHETIC_PUBLIC_DATA_PROXY,MOCK_COMPLETED,True
0ab867d1ba508a47,1TIT,1TIT,A,A:31,HIS,high,GCR_DEEP_SPACE_REFERENCE,GCR,free_space,SIDE_CHAIN_LOSS,1.0,11,89.0,9782.1027,0.4044943820224719,0.24719101123595505,0.3409090909090909,0.7866237751361952,7.0,65.7972882398987,SYNTHETIC_PUBLIC_DATA_PROXY,MOCK_COMPLETED,True
fd47fe90765bc7db,1TIT,1TIT,A,A:31,HIS,high,GCR_DEEP_SPACE_REFERENCE,GCR,free_space,SIDE_CHAIN_LOSS,1.0,42,89.0,9782.1027,0.4044943820224719,0.24719101123595505,0.3409090909090909,0.7866237751361952,7.0,63.08074013904129,SYNTHETIC_PUBLIC_DATA_PROXY,MOCK_COMPLETED,True
9a3b919a636efe01,1TIT,1TIT,A,A:31,HIS,high,GCR_DEEP_SPACE_REFERENCE,GCR,free_space,SIDE_CHAIN_LOSS,1.0,73,89.0,9782.1027,0.4044943820224719,0.24719101123595505,0.3409090909090909,0.7866237751361952,7.0,61.504965808547304,SYNTHETIC_PUBLIC_DATA_PROXY,MOCK_COMPLETED,True
0894a1b0d0180076,1TIT,1TIT,A,A:31,HIS,high,SPE_REFERENCE_EVENT,SPE,free_space,SIDE_CHAIN_LOSS,1.0,11,89.0,9782.1027,0.4044943820224719,0.24719101123595505,0.3409090909090909,0.7866237751361952,7.0,75.19800566078138,SYNTHETIC_PUBLIC_DATA_PROXY,MOCK_COMPLETED,True
8794dcb3bd02aee3,1TIT,1TIT,A,A:31,HIS,high,SPE_REFERENCE_EVENT,SPE,free_space,SIDE_CHAIN_LOSS,1.0,42,89.0,9782.1027,0.4044943820224719,0.24719101123595505,0.3409090909090909,0.7866237751361952,7.0,73.50417498178568,SYNTHETIC_PUBLIC_DATA_PROXY,MOCK_COMPLETED,True
2ecf8022ddcf006b,1TIT,1TIT,A,A:31,HIS,high,SPE_REFERENCE_EVENT,SPE,free_space,SIDE_CHAIN_LOSS,1.0,73,89.0,9782.1027,0.4044943820224719,0.24719101123595505,0.3409090909090909,0.7866237751361952,7.0,76.27167386562162,SYNTHETIC_PUBLIC_DATA_PROXY,MOCK_COMPLETED,True
c3f0e0aa6bb1347b,1TIT,1TIT,A,A:31,HIS,high,MARS_SURFACE_REFERENCE,GCR,mars_surface,SIDE_CHAIN_LOSS,1.0,11,89.0,9782.1027,0.4044943820224719,0.24719101123595505,0.3409090909090909,0.7866237751361952,7.0,59.69036997868642,SYNTHETIC_PUBLIC_DATA_PROXY,MOCK_COMPLETED,True
1ab9b717fccfb4b1,1TIT,1TIT,A,A:31,HIS,high,MARS_SURFACE_REFERENCE,GCR,mars_surface,SIDE_CHAIN_LOSS,1.0,42,89.0,9782.1027,0.4044943820224719,0.24719101123595505,0.3409090909090909,0.7866237751361952,7.0,56.1711113063304,SYNTHETIC_PUBLIC_DATA_PROXY,MOCK_COMPLETED,True
b538d6ca171a4261,1TIT,1TIT,A,A:31,HIS,high,MARS_SURFACE_REFERENCE,GCR,mars_surface,SIDE_CHAIN_LOSS,1.0,73,89.0,9782.1027,0.4044943820224719,0.24719101123595505,0.3409090909090909,0.7866237751361952,7.0,55.81188588751749,SYNTHETIC_PUBLIC_DATA_PROXY,MOCK_COMPLETED,True
d9711d1352116060,1TIT,1TIT,A,A:89,LEU,low,GCR_DEEP_SPACE_REFERENCE,GCR,free_space,SIDE_CHAIN_LOSS,2.0,11,89.0,9782.1027,0.4044943820224719,0.24719101123595505,1.0,1.0,4.0,65.27050164875995,SYNTHETIC_PUBLIC_DATA_PROXY,MOCK_COMPLETED,True
7099439cf9a22388,1TIT,1TIT,A,A:89,LEU,low,GCR_DEEP_SPACE_REFERENCE,GCR,free_space,SIDE_CHAIN_LOSS,2.0,42,89.0,9782.1027,0.4044943820224719,0.24719101123595505,1.0,1.0,4.0,65.45234612014006,SYNTHETIC_PUBLIC_DATA_PROXY,MOCK_COMPLETED,True
f7e586d8010e9b8b,1TIT,1TIT,A,A:89,LEU,low,GCR_DEEP_SPACE_REFERENCE,GCR,free_space,SIDE_CHAIN_LOSS,2.0,73,89.0,9782.1027,0.4044943820224719,0.24719101123595505,1.0,1.0,4.0,60.69438378497532,SYNTHETIC_PUBLIC_DATA_PROXY,MOCK_COMPLETED,True
81df06f6b539f202,1TIT,1TIT,A,A:89,LEU,low,SPE_REFERENCE_EVENT,SPE,free_space,SIDE_CHAIN_LOSS,2.0,11,89.0,9782.1027,0.4044943820224719,0.24719101123595505,1.0,1.0,4.0,70.08521351534183,SYNTHETIC_PUBLIC_DATA_PROXY,MOCK_COMPLETED,True
19e5504206fcda83,1TIT,1TIT,A,A:89,LEU,low,SPE_REFERENCE_EVENT,SPE,free_space,SIDE_CHAIN_LOSS,2.0,42,89.0,9782.1027,0.4044943820224719,0.24719101123595505,1.0,1.0,4.0,74.69679254878731,SYNTHETIC_PUBLIC_DATA_PROXY,MOCK_COMPLETED,True
0a568efc2bfd75dc,1TIT,1TIT,A,A:89,LEU,low,SPE_REFERENCE_EVENT,SPE,free_space,SIDE_CHAIN_LOSS,2.0,73,89.0,9782.1027,0.4044943820224719,0.24719101123595505,1.0,1.0,4.0,68.2755676130731,SYNTHETIC_PUBLIC_DATA_PROXY,MOCK_COMPLETED,True
7162dbeeb0613984,1TIT,1TIT,A,A:89,LEU,low,MARS_SURFACE_REFERENCE,GCR,mars_surface,SIDE_CHAIN_LOSS,2.0,11,89.0,9782.1027,0.4044943820224719,0.24719101123595505,1.0,1.0,4.0,55.60636427079226,SYNTHETIC_PUBLIC_DATA_PROXY,MOCK_COMPLETED,True
44446d2179364119,1TIT,1TIT,A,A:89,LEU,low,MARS_SURFACE_REFERENCE,GCR,mars_surface,SIDE_CHAIN_LOSS,2.0,42,89.0,9782.1027,0.4044943820224719,0.24719101123595505,1.0,1.0,4.0,59.45149880490444,SYNTHETIC_PUBLIC_DATA_PROXY,MOCK_COMPLETED,True
4fa05a0be54ee3ed,1TIT,1TIT,A,A:89,LEU,low,MARS_SURFACE_REFERENCE,GCR,mars_surface,SIDE_CHAIN_LOSS,2.0,73,89.0,9782.1027,0.4044943820224719,0.24719101123595505,1.0,1.0,4.0,56.85666901103285,SYNTHETIC_PUBLIC_DATA_PROXY,MOCK_COMPLETED,True
c753ba40ab0c81fd,1TIT,1TIT,A,A:1,LEU,low,GCR_DEEP_SPACE_REFERENCE,GCR,free_space,SIDE_CHAIN_LOSS,3.0,11,89.0,9782.1027,0.4044943820224719,0.24719101123595505,0.0,0.9985318506770309,4.0,61.08926897033851,SYNTHETIC_PUBLIC_DATA_PROXY,MOCK_COMPLETED,True
403275a232f349ec,1TIT,1TIT,A,A:1,LEU,low,GCR_DEEP_SPACE_REFERENCE,GCR,free_space,SIDE_CHAIN_LOSS,3.0,42,89.0,9782.1027,0.4044943820224719,0.24719101123595505,0.0,0.9985318506770309,4.0,60.6934663908274,SYNTHETIC_PUBLIC_DATA_PROXY,MOCK_COMPLETED,True
60f1e44ae4dc2f3a,1TIT,1TIT,A,A:1,LEU,low,GCR_DEEP_SPACE_REFERENCE,GCR,free_space,SIDE_CHAIN_LOSS,3.0,73,89.0,9782.1027,0.4044943820224719,0.24719101123595505,0.0,0.9985318506770309,4.0,61.946010009136025,SYNTHETIC_PUBLIC_DATA_PROXY,MOCK_COMPLETED,True
18286f5a319743ec,1TIT,1TIT,A,A:1,LEU,low,SPE_REFERENCE_EVENT,SPE,free_space,SIDE_CHAIN_LOSS,3.0,11,89.0,9782.1027,0.4044943820224719,0.24719101123595505,0.0,0.9985318506770309,4.0,74.52077829042297,SYNTHETIC_PUBLIC_DATA_PROXY,MOCK_COMPLETED,True
bb43c5b2a9d343a0,1TIT,1TIT,A,A:1,LEU,low,SPE_REFERENCE_EVENT,SPE,free_space,SIDE_CHAIN_LOSS,3.0,42,89.0,9782.1027,0.4044943820224719,0.24719101123595505,0.0,0.9985318506770309,4.0,71.22853590439304,SYNTHETIC_PUBLIC_DATA_PROXY,MOCK_COMPLETED,True
d06ceeaec2a13486,1TIT,1TIT,A,A:1,LEU,low,SPE_REFERENCE_EVENT,SPE,free_space,SIDE_CHAIN_LOSS,3.0,73,89.0,9782.1027,0.4044943820224719,0.24719101123595505,0.0,0.9985318506770309,4.0,72.61192062033082,SYNTHETIC_PUBLIC_DATA_PROXY,MOCK_COMPLETED,True
3146ed146417fda8,1TIT,1TIT,A,A:1,LEU,low,MARS_SURFACE_REFERENCE,GCR,mars_surface,SIDE_CHAIN_LOSS,3.0,11,89.0,9782.1027,0.4044943820224719,0.24719101123595505,0.0,0.9985318506770309,4.0,52.676643384561125,SYNTHETIC_PUBLIC_DATA_PROXY,MOCK_COMPLETED,True
aab600a61e025cc9,1TIT,1TIT,A,A:1,LEU,low,MARS_SURFACE_REFERENCE,GCR,mars_surface,SIDE_CHAIN_LOSS,3.0,42,89.0,9782.1027,0.4044943820224719,0.24719101123595505,0.0,0.9985318506770309,4.0,57.68027763231339,SYNTHETIC_PUBLIC_DATA_PROXY,MOCK_COMPLETED,True
34d0bf0c31a2db8f,1TIT,1TIT,A,A:1,LEU,low,MARS_SURFACE_REFERENCE,GCR,mars_surface,SIDE_CHAIN_LOSS,3.0,73,89.0,9782.1027,0.4044943820224719,0.24719101123595505,0.0,0.9985318506770309,4.0,55.6939979614065,SYNTHETIC_PUBLIC_DATA_PROXY,MOCK_COMPLETED,True
7c0305db30c3b10c,1TIT,1TIT,A,A:9,TYR,high,GCR_DEEP_SPACE_REFERENCE,GCR,free_space,SIDE_CHAIN_LOSS,4.0,11,89.0,9782.1027,0.4044943820224719,0.24719101123595505,0.09090909090909091,0.7420930345656491,9.0,55.147481407688204,SYNTHETIC_PUBLIC_DATA_PROXY,MOCK_COMPLETED,True
ff52e054ae00af08,1TIT,1TIT,A,A:9,TYR,high,GCR_DEEP_SPACE_REFERENCE,GCR,free_space,SIDE_CHAIN_LOSS,4.0,42,89.0,9782.1027,0.4044943820224719,0.24719101123595505,0.09090909090909091,0.7420930345656491,9.0,55.999133141425396,SYNTHETIC_PUBLIC_DATA_PROXY,MOCK_COMPLETED,True
0110bad438215548,1TIT,1TIT,A,A:9,TYR,high,GCR_DEEP_SPACE_REFERENCE,GCR,free_space,SIDE_CHAIN_LOSS,4.0,73,89.0,9782.1027,0.4044943820224719,0.24719101123595505,0.09090909090909091,0.7420930345656491,9.0,57.35920545699524,SYNTHETIC_PUBLIC_DATA_PROXY,MOCK_COMPLETED,True
f1904605567c8275,1TIT,1TIT,A,A:9,TYR,high,SPE_REFERENCE_EVENT,SPE,free_space,SIDE_CHAIN_LOSS,4.0,11,89.0,9782.1027,0.4044943820224719,0.24719101123595505,0.09090909090909091,0.7420930345656491,9.0,70.3842704146373,SYNTHETIC_PUBLIC_DATA_PROXY,MOCK_COMPLETED,True
aa08740d7a0b88d2,1TIT,1TIT,A,A:9,TYR,high,SPE_REFERENCE_EVENT,SPE,free_space,SIDE_CHAIN_LOSS,4.0,42,89.0,9782.1027,0.4044943820224719,0.24719101123595505,0.09090909090909091,0.7420930345656491,9.0,64.77853226439835,SYNTHETIC_PUBLIC_DATA_PROXY,MOCK_COMPLETED,True
bbe58eddaecdc0df,1TIT,1TIT,A,A:9,TYR,high,SPE_REFERENCE_EVENT,SPE,free_space,SIDE_CHAIN_LOSS,4.0,73,89.0,9782.1027,0.4044943820224719,0.24719101123595505,0.09090909090909091,0.7420930345656491,9.0,68.1710927902333,SYNTHETIC_PUBLIC_DATA_PROXY,MOCK_COMPLETED,True
c16a9602dcd092d0,1TIT,1TIT,A,A:9,TYR,high,MARS_SURFACE_REFERENCE,GCR,mars_surface,SIDE_CHAIN_LOSS,4.0,11,89.0,9782.1027,0.4044943820224719,0.24719101123595505,0.09090909090909091,0.7420930345656491,9.0,53.68409047541332,SYNTHETIC_PUBLIC_DATA_PROXY,MOCK_COMPLETED,True
5aba093dabf36ef6,1TIT,1TIT,A,A:9,TYR,high,MARS_SURFACE_REFERENCE,GCR,mars_surface,SIDE_CHAIN_LOSS,4.0,42,89.0,9782.1027,0.4044943820224719,0.24719101123595505,0.09090909090909091,0.7420930345656491,9.0,54.075331322842366,SYNTHETIC_PUBLIC_DATA_PROXY,MOCK_COMPLETED,True
3ea577bb5c80b657,1TIT,1TIT,A,A:9,TYR,high,MARS_SURFACE_REFERENCE,GCR,mars_surface,SIDE_CHAIN_LOSS,4.0,73,89.0,9782.1027,0.4044943820224719,0.24719101123595505,0.09090909090909091,0.7420930345656491,9.0,57.40140862200878,SYNTHETIC_PUBLIC_DATA_PROXY,MOCK_COMPLETED,True
cf962d26ee25005d,1TIT,1TIT,A,A:45,PRO,medium,GCR_DEEP_SPACE_REFERENCE,GCR,free_space,SIDE_CHAIN_LOSS,5.0,11,89.0,9782.1027,0.4044943820224719,0.24719101123595505,0.5,0.676053112417015,5.0,57.47250301291351,SYNTHETIC_PUBLIC_DATA_PROXY,MOCK_COMPLETED,True
07668fbcd2121fc5,1TIT,1TIT,A,A:45,PRO,medium,GCR_DEEP_SPACE_REFERENCE,GCR,free_space,SIDE_CHAIN_LOSS,5.0,42,89.0,9782.1027,0.4044943820224719,0.24719101123595505,0.5,0.676053112417015,5.0,59.470709689010555,SYNTHETIC_PUBLIC_DATA_PROXY,MOCK_COMPLETED,True
37d77af8d0dd49d0,1TIT,1TIT,A,A:45,PRO,medium,GCR_DEEP_SPACE_REFERENCE,GCR,free_space,SIDE_CHAIN_LOSS,5.0,73,89.0,9782.1027,0.4044943820224719,0.24719101123595505,0.5,0.676053112417015,5.0,55.74095022227895,SYNTHETIC_PUBLIC_DATA_PROXY,MOCK_COMPLETED,True
b7fad77a0750f53c,1TIT,1TIT,A,A:45,PRO,medium,SPE_REFERENCE_EVENT,SPE,free_space,SIDE_CHAIN_LOSS,5.0,11,89.0,9782.1027,0.4044943820224719,0.24719101123595505,0.5,0.676053112417015,5.0,64.28735789122693,SYNTHETIC_PUBLIC_DATA_PROXY,MOCK_COMPLETED,True
a6d9c6e877b6846c,1TIT,1TIT,A,A:45,PRO,medium,SPE_REFERENCE_EVENT,SPE,free_space,SIDE_CHAIN_LOSS,5.0,42,89.0,9782.1027,0.4044943820224719,0.24719101123595505,0.5,0.676053112417015,5.0,65.46756737820245,SYNTHETIC_PUBLIC_DATA_PROXY,MOCK_COMPLETED,True
85dbf7e9d174d3bb,1TIT,1TIT,A,A:45,PRO,medium,SPE_REFERENCE_EVENT,SPE,free_space,SIDE_CHAIN_LOSS,5.0,73,89.0,9782.1027,0.4044943820224719,0.24719101123595505,0.5,0.676053112417015,5.0,66.63345639858174,SYNTHETIC_PUBLIC_DATA_PROXY,MOCK_COMPLETED,True
9ea20430127cc794,1TIT,1TIT,A,A:45,PRO,medium,MARS_SURFACE_REFERENCE,GCR,mars_surface,SIDE_CHAIN_LOSS,5.0,11,89.0,9782.1027,0.4044943820224719,0.24719101123595505,0.5,0.676053112417015,5.0,53.26864781653798,SYNTHETIC_PUBLIC_DATA_PROXY,MOCK_COMPLETED,True
8d67634df991ef5c,1TIT,1TIT,A,A:45,PRO,medium,MARS_SURFACE_REFERENCE,GCR,mars_surface,SIDE_CHAIN_LOSS,5.0,42,89.0,9782.1027,0.4044943820224719,0.24719101123595505,0.5,0.676053112417015,5.0,50.11624423982028,SYNTHETIC_PUBLIC_DATA_PROXY,MOCK_COMPLETED,True
f5183e0a7598e50a,1TIT,1TIT,A,A:45,PRO,medium,MARS_SURFACE_REFERENCE,GCR,mars_surface,SIDE_CHAIN_LOSS,5.0,73,89.0,9782.1027,0.4044943820224719,0.24719101123595505,0.5,0.676053112417015,5.0,53.053438874473386,SYNTHETIC_PUBLIC_DATA_PROXY,MOCK_COMPLETED,True
ddfb8126009a7eec,1TIT,1TIT,A,A:37,LYS,medium,GCR_DEEP_SPACE_REFERENCE,GCR,free_space,SIDE_CHAIN_LOSS,6.0,11,89.0,9782.1027,0.4044943820224719,0.24719101123595505,0.4090909090909091,0.8567524075465405,10.0,54.030092782104944,SYNTHETIC_PUBLIC_DATA_PROXY,MOCK_COMPLETED,True
51fe2915e9937f49,1TIT,1TIT,A,A:37,LYS,medium,GCR_DEEP_SPACE_REFERENCE,GCR,free_space,SIDE_CHAIN_LOSS,6.0,42,89.0,9782.1027,0.4044943820224719,0.24719101123595505,0.4090909090909091,0.8567524075465405,10.0,59.753207050592486,SYNTHETIC_PUBLIC_DATA_PROXY,MOCK_COMPLETED,True
72bbfdab743d2bb9,1TIT,1TIT,A,A:37,LYS,medium,GCR_DEEP_SPACE_REFERENCE,GCR,free_space,SIDE_CHAIN_LOSS,6.0,73,89.0,9782.1027,0.4044943820224719,0.24719101123595505,0.4090909090909091,0.8567524075465405,10.0,58.151633484961856,SYNTHETIC_PUBLIC_DATA_PROXY,MOCK_COMPLETED,True
d58c477d82360a4b,1TIT,1TIT,A,A:37,LYS,medium,SPE_REFERENCE_EVENT,SPE,free_space,SIDE_CHAIN_LOSS,6.0,11,89.0,9782.1027,0.4044943820224719,0.24719101123595505,0.4090909090909091,0.8567524075465405,10.0,61.226413580360635,SYNTHETIC_PUBLIC_DATA_PROXY,MOCK_COMPLETED,True
808a78592189fe99,1TIT,1TIT,A,A:37,LYS,medium,SPE_REFERENCE_EVENT,SPE,free_space,SIDE_CHAIN_LOSS,6.0,42,89.0,9782.1027,0.4044943820224719,0.24719101123595505,0.4090909090909091,0.8567524075465405,10.0,62.641063552884745,SYNTHETIC_PUBLIC_DATA_PROXY,MOCK_COMPLETED,True
d316bc108b18c729,1TIT,1TIT,A,A:37,LYS,medium,SPE_REFERENCE_EVENT,SPE,free_space,SIDE_CHAIN_LOSS,6.0,73,89.0,9782.1027,0.4044943820224719,0.24719101123595505,0.4090909090909091,0.8567524075465405,10.0,59.70091695216517,SYNTHETIC_PUBLIC_DATA_PROXY,MOCK_COMPLETED,True
18b5d8f8b7d0e4d5,1TIT,1TIT,A,A:37,LYS,medium,MARS_SURFACE_REFERENCE,GCR,mars_surface,SIDE_CHAIN_LOSS,6.0,11,89.0,9782.1027,0.4044943820224719,0.24719101123595505,0.4090909090909091,0.8567524075465405,10.0,48.68275442184896,SYNTHETIC_PUBLIC_DATA_PROXY,MOCK_COMPLETED,True
ddb6553bc1e35049,1TIT,1TIT,A,A:37,LYS,medium,MARS_SURFACE_REFERENCE,GCR,mars_surface,SIDE_CHAIN_LOSS,6.0,42,89.0,9782.1027,0.4044943820224719,0.24719101123595505,0.4090909090909091,0.8567524075465405,10.0,50.94853446573353,SYNTHETIC_PUBLIC_DATA_PROXY,MOCK_COMPLETED,True
397b25440ac89498,1TIT,1TIT,A,A:37,LYS,medium,MARS_SURFACE_REFERENCE,GCR,mars_surface,SIDE_CHAIN_LOSS,6.0,73,89.0,9782.1027,0.4044943820224719,0.24719101123595505,0.4090909090909091,0.8567524075465405,10.0,53.174156008978265,SYNTHETIC_PUBLIC_DATA_PROXY,MOCK_COMPLETED,True
1c5d20c6db55a0d9,1TIT,1TIT,A,A:39,GLN,medium,GCR_DEEP_SPACE_REFERENCE,GCR,free_space,SIDE_CHAIN_LOSS,7.0,11,89.0,9782.1027,0.4044943820224719,0.24719101123595505,0.4318181818181818,0.6563229174213769,6.0,52.206604820712265,SYNTHETIC_PUBLIC_DATA_PROXY,MOCK_COMPLETED,True
27091554f6b6f28e,1TIT,1TIT,A,A:39,GLN,medium,GCR_DEEP_SPACE_REFERENCE,GCR,free_space,SIDE_CHAIN_LOSS,7.0,42,89.0,9782.1027,0.4044943820224719,0.24719101123595505,0.4318181818181818,0.6563229174213769,6.0,52.39394831490179,SYNTHETIC_PUBLIC_DATA_PROXY,MOCK_COMPLETED,True
a20f1620b22bfd7f,1TIT,1TIT,A,A:39,GLN,medium,GCR_DEEP_SPACE_REFERENCE,GCR,free_space,SIDE_CHAIN_LOSS,7.0,73,89.0,9782.1027,0.4044943820224719,0.24719101123595505,0.4318181818181818,0.6563229174213769,6.0,48.661091840724644,SYNTHETIC_PUBLIC_DATA_PROXY,MOCK_COMPLETED,True
4d4ae617dd26a066,1TIT,1TIT,A,A:39,GLN,medium,SPE_REFERENCE_EVENT,SPE,free_space,SIDE_CHAIN_LOSS,7.0,11,89.0,9782.1027,0.4044943820224719,0.24719101123595505,0.4318181818181818,0.6563229174213769,6.0,63.522649613709014,SYNTHETIC_PUBLIC_DATA_PROXY,MOCK_COMPLETED,True
cebae4acd6f09e56,1TIT,1TIT,A,A:39,GLN,medium,SPE_REFERENCE_EVENT,SPE,free_space,SIDE_CHAIN_LOSS,7.0,42,89.0,9782.1027,0.4044943820224719,0.24719101123595505,0.4318181818181818,0.6563229174213769,6.0,61.27327838542237,SYNTHETIC_PUBLIC_DATA_PROXY,MOCK_COMPLETED,True
cbcd28f36195ac18,1TIT,1TIT,A,A:39,GLN,medium,SPE_REFERENCE_EVENT,SPE,free_space,SIDE_CHAIN_LOSS,7.0,73,89.0,9782.1027,0.4044943820224719,0.24719101123595505,0.4318181818181818,0.6563229174213769,6.0,62.605715846656096,SYNTHETIC_PUBLIC_DATA_PROXY,MOCK_COMPLETED,True
630f9eee3d30c326,1TIT,1TIT,A,A:39,GLN,medium,MARS_SURFACE_REFERENCE,GCR,mars_surface,SIDE_CHAIN_LOSS,7.0,11,89.0,9782.1027,0.4044943820224719,0.24719101123595505,0.4318181818181818,0.6563229174213769,6.0,48.53716246965231,SYNTHETIC_PUBLIC_DATA_PROXY,MOCK_COMPLETED,True
3344423fe2779c96,1TIT,1TIT,A,A:39,GLN,medium,MARS_SURFACE_REFERENCE,GCR,mars_surface,SIDE_CHAIN_LOSS,7.0,42,89.0,9782.1027,0.4044943820224719,0.24719101123595505,0.4318181818181818,0.6563229174213769,6.0,50.493658029439885,SYNTHETIC_PUBLIC_DATA_PROXY,MOCK_COMPLETED,True
0c9704f4e3c76f5c,1TIT,1TIT,A,A:39,GLN,medium,MARS_SURFACE_REFERENCE,GCR,mars_surface,SIDE_CHAIN_LOSS,7.0,73,89.0,9782.1027,0.4044943820224719,0.24719101123595505,0.4318181818181818,0.6563229174213769,6.0,46.3349934366797,SYNTHETIC_PUBLIC_DATA_PROXY,MOCK_COMPLETED,True
83a14e6aa9282711,1TIT,1TIT,A,A:79,LYS,medium,GCR_DEEP_SPACE_REFERENCE,GCR,free_space,SIDE_CHAIN_LOSS,8.0,11,89.0,9782.1027,0.4044943820224719,0.24719101123595505,0.8863636363636364,0.8035102217136233,10.0,48.30112763995852,SYNTHETIC_PUBLIC_DATA_PROXY,MOCK_COMPLETED,True
9d05d6af9be6e3ca,1TIT,1TIT,A,A:79,LYS,medium,GCR_DEEP_SPACE_REFERENCE,GCR,free_space,SIDE_CHAIN_LOSS,8.0,42,89.0,9782.1027,0.4044943820224719,0.24719101123595505,0.8863636363636364,0.8035102217136233,10.0,57.29185853350675,SYNTHETIC_PUBLIC_DATA_PROXY,MOCK_COMPLETED,True
5b63974e8d770290,1TIT,1TIT,A,A:79,LYS,medium,GCR_DEEP_SPACE_REFERENCE,GCR,free_space,SIDE_CHAIN_LOSS,8.0,73,89.0,9782.1027,0.4044943820224719,0.24719101123595505,0.8863636363636364,0.8035102217136233,10.0,48.75018430025092,SYNTHETIC_PUBLIC_DATA_PROXY,MOCK_COMPLETED,True
ff784801753f1a15,1TIT,1TIT,A,A:79,LYS,medium,SPE_REFERENCE_EVENT,SPE,free_space,SIDE_CHAIN_LOSS,8.0,11,89.0,9782.1027,0.4044943820224719,0.24719101123595505,0.8863636363636364,0.8035102217136233,10.0,59.1267768072994,SYNTHETIC_PUBLIC_DATA_PROXY,MOCK_COMPLETED,True
484527aadff273e7,1TIT,1TIT,A,A:79,LYS,medium,SPE_REFERENCE_EVENT,SPE,free_space,SIDE_CHAIN_LOSS,8.0,42,89.0,9782.1027,0.4044943820224719,0.24719101123595505,0.8863636363636364,0.8035102217136233,10.0,66.46102457423929,SYNTHETIC_PUBLIC_DATA_PROXY,MOCK_COMPLETED,True
974fb12132c3a346,1TIT,1TIT,A,A:79,LYS,medium,SPE_REFERENCE_EVENT,SPE,free_space,SIDE_CHAIN_LOSS,8.0,73,89.0,9782.1027,0.4044943820224719,0.24719101123595505,0.8863636363636364,0.8035102217136233,10.0,69.13140867653702,SYNTHETIC_PUBLIC_DATA_PROXY,MOCK_COMPLETED,True
8a1971a8701687d4,1TIT,1TIT,A,A:79,LYS,medium,MARS_SURFACE_REFERENCE,GCR,mars_surface,SIDE_CHAIN_LOSS,8.0,11,89.0,9782.1027,0.4044943820224719,0.24719101123595505,0.8863636363636364,0.8035102217136233,10.0,45.739824181372654,SYNTHETIC_PUBLIC_DATA_PROXY,MOCK_COMPLETED,True
fd63c6ca39affe6a,1TIT,1TIT,A,A:79,LYS,medium,MARS_SURFACE_REFERENCE,GCR,mars_surface,SIDE_CHAIN_LOSS,8.0,42,89.0,9782.1027,0.4044943820224719,0.24719101123595505,0.8863636363636364,0.8035102217136233,10.0,47.74811836146593,SYNTHETIC_PUBLIC_DATA_PROXY,MOCK_COMPLETED,True
3d77a0e7e075906c,1TIT,1TIT,A,A:79,LYS,medium,MARS_SURFACE_REFERENCE,GCR,mars_surface,SIDE_CHAIN_LOSS,8.0,73,89.0,9782.1027,0.4044943820224719,0.24719101123595505,0.8863636363636364,0.8035102217136233,10.0,49.52262963078728,SYNTHETIC_PUBLIC_DATA_PROXY,MOCK_COMPLETED,True
4674a6d45cfc7ab1,1TIT,1TIT,A,A:54,LYS,medium,GCR_DEEP_SPACE_REFERENCE,GCR,free_space,SIDE_CHAIN_LOSS,9.0,11,89.0,9782.1027,0.4044943820224719,0.24719101123595505,0.6022727272727273,0.7666554431940101,11.0,53.71309652044627,SYNTHETIC_PUBLIC_DATA_PROXY,MOCK_COMPLETED,True
fcdf0c46b96d071e,1TIT,1TIT,A,A:54,LYS,medium,GCR_DEEP_SPACE_REFERENCE,GCR,free_space,SIDE_CHAIN_LOSS,9.0,42,89.0,9782.1027,0.4044943820224719,0.24719101123595505,0.6022727272727273,0.7666554431940101,11.0,46.92420971336169,SYNTHETIC_PUBLIC_DATA_PROXY,MOCK_COMPLETED,True
b8d8ec91f0560015,1TIT,1TIT,A,A:54,LYS,medium,GCR_DEEP_SPACE_REFERENCE,GCR,free_space,SIDE_CHAIN_LOSS,9.0,73,89.0,9782.1027,0.4044943820224719,0.24719101123595505,0.6022727272727273,0.7666554431940101,11.0,48.77815779457701,SYNTHETIC_PUBLIC_DATA_PROXY,MOCK_COMPLETED,True
c4242a0e978f333a,1TIT,1TIT,A,A:54,LYS,medium,SPE_REFERENCE_EVENT,SPE,free_space,SIDE_CHAIN_LOSS,9.0,11,89.0,9782.1027,0.4044943820224719,0.24719101123595505,0.6022727272727273,0.7666554431940101,11.0,61.23469634958664,SYNTHETIC_PUBLIC_DATA_PROXY,MOCK_COMPLETED,True
e8365b984d1e5b80,1TIT,1TIT,A,A:54,LYS,medium,SPE_REFERENCE_EVENT,SPE,free_space,SIDE_CHAIN_LOSS,9.0,42,89.0,9782.1027,0.4044943820224719,0.24719101123595505,0.6022727272727273,0.7666554431940101,11.0,60.37826759559883,SYNTHETIC_PUBLIC_DATA_PROXY,MOCK_COMPLETED,True
d187f994b3470a19,1TIT,1TIT,A,A:54,LYS,medium,SPE_REFERENCE_EVENT,SPE,free_space,SIDE_CHAIN_LOSS,9.0,73,89.0,9782.1027,0.4044943820224719,0.24719101123595505,0.6022727272727273,0.7666554431940101,11.0,58.35096223135704,SYNTHETIC_PUBLIC_DATA_PROXY,MOCK_COMPLETED,True
72ba06e89f49f3c4,1TIT,1TIT,A,A:54,LYS,medium,MARS_SURFACE_REFERENCE,GCR,mars_surface,SIDE_CHAIN_LOSS,9.0,11,89.0,9782.1027,0.4044943820224719,0.24719101123595505,0.6022727272727273,0.7666554431940101,11.0,45.756794998142176,SYNTHETIC_PUBLIC_DATA_PROXY,MOCK_COMPLETED,True
de1910c31db4770a,1TIT,1TIT,A,A:54,LYS,medium,MARS_SURFACE_REFERENCE,GCR,mars_surface,SIDE_CHAIN_LOSS,9.0,42,89.0,9782.1027,0.4044943820224719,0.24719101123595505,0.6022727272727273,0.7666554431940101,11.0,42.65411288850733,SYNTHETIC_PUBLIC_DATA_PROXY,MOCK_COMPLETED,True
f0cd6abaec92d4b8,1TIT,1TIT,A,A:54,LYS,medium,MARS_SURFACE_REFERENCE,GCR,mars_surface,SIDE_CHAIN_LOSS,9.0,73,89.0,9782.1027,0.4044943820224719,0.24719101123595505,0.6022727272727273,0.7666554431940101,11.0,45.49591804949562,SYNTHETIC_PUBLIC_DATA_PROXY,MOCK_COMPLETED,True
7057800a580ff295,1TIT,1TIT,A,A:6,LYS,medium,GCR_DEEP_SPACE_REFERENCE,GCR,free_space,SIDE_CHAIN_LOSS,10.0,11,89.0,9782.1027,0.4044943820224719,0.24719101123595505,0.056818181818181816,0.6487401879389932,8.0,50.06012017363306,SYNTHETIC_PUBLIC_DATA_PROXY,MOCK_COMPLETED,True
282c6d89bce34f50,1TIT,1TIT,A,A:6,LYS,medium,GCR_DEEP_SPACE_REFERENCE,GCR,free_space,SIDE_CHAIN_LOSS,10.0,42,89.0,9782.1027,0.4044943820224719,0.24719101123595505,0.056818181818181816,0.6487401879389932,8.0,51.306513622721084,SYNTHETIC_PUBLIC_DATA_PROXY,MOCK_COMPLETED,True
69954a110db4510f,1TIT,1TIT,A,A:6,LYS,medium,GCR_DEEP_SPACE_REFERENCE,GCR,free_space,SIDE_CHAIN_LOSS,10.0,73,89.0,9782.1027,0.4044943820224719,0.24719101123595505,0.056818181818181816,0.6487401879389932,8.0,49.33777085160791,SYNTHETIC_PUBLIC_DATA_PROXY,MOCK_COMPLETED,True
8f77fd88119ae2c9,1TIT,1TIT,A,A:6,LYS,medium,SPE_REFERENCE_EVENT,SPE,free_space,SIDE_CHAIN_LOSS,10.0,11,89.0,9782.1027,0.4044943820224719,0.24719101123595505,0.056818181818181816,0.6487401879389932,8.0,61.804935205018296,SYNTHETIC_PUBLIC_DATA_PROXY,MOCK_COMPLETED,True
9908f18cf330cf0e,1TIT,1TIT,A,A:6,LYS,medium,SPE_REFERENCE_EVENT,SPE,free_space,SIDE_CHAIN_LOSS,10.0,42,89.0,9782.1027,0.4044943820224719,0.24719101123595505,0.056818181818181816,0.6487401879389932,8.0,63.15787844320502,SYNTHETIC_PUBLIC_DATA_PROXY,MOCK_COMPLETED,True
809b81931d8370cc,1TIT,1TIT,A,A:6,LYS,medium,SPE_REFERENCE_EVENT,SPE,free_space,SIDE_CHAIN_LOSS,10.0,73,89.0,9782.1027,0.4044943820224719,0.24719101123595505,0.056818181818181816,0.6487401879389932,8.0,61.01466221782661,SYNTHETIC_PUBLIC_DATA_PROXY,MOCK_COMPLETED,True
d189d9e48e6fb573,1TIT,1TIT,A,A:6,LYS,medium,MARS_SURFACE_REFERENCE,GCR,mars_surface,SIDE_CHAIN_LOSS,10.0,11,89.0,9782.1027,0.4044943820224719,0.24719101123595505,0.056818181818181816,0.6487401879389932,8.0,48.30547991965345,SYNTHETIC_PUBLIC_DATA_PROXY,MOCK_COMPLETED,True
5a0e78bd88f33897,1TIT,1TIT,A,A:6,LYS,medium,MARS_SURFACE_REFERENCE,GCR,mars_surface,SIDE_CHAIN_LOSS,10.0,42,89.0,9782.1027,0.4044943820224719,0.24719101123595505,0.056818181818181816,0.6487401879389932,8.0,47.55897726760011,SYNTHETIC_PUBLIC_DATA_PROXY,MOCK_COMPLETED,True
9511ea948b2644bd,1TIT,1TIT,A,A:6,LYS,medium,MARS_SURFACE_REFERENCE,GCR,mars_surface,SIDE_CHAIN_LOSS,10.0,73,89.0,9782.1027,0.4044943820224719,0.24719101123595505,0.056818181818181816,0.6487401879389932,8.0,47.426299881383976,SYNTHETIC_PUBLIC_DATA_PROXY,MOCK_COMPLETED,True
60c50b2ee94e895d,1UBQ,1UBQ,A,A:74,ARG,medium,GCR_DEEP_SPACE_REFERENCE,GCR,free_space,SIDE_CHAIN_LOSS,1.0,11,76.0,8564.735700000001,0.34210526315789475,0.2894736842105263,0.9733333333333334,1.0,5.0,61.35166047169844,SYNTHETIC_PUBLIC_DATA_PROXY,MOCK_COMPLETED,True
e9d43c6fe9eb1369,1UBQ,1UBQ,A,A:74,ARG,medium,GCR_DEEP_SPACE_REFERENCE,GCR,free_space,SIDE_CHAIN_LOSS,1.0,42,76.0,8564.735700000001,0.34210526315789475,0.2894736842105263,0.9733333333333334,1.0,5.0,63.94679120973883,SYNTHETIC_PUBLIC_DATA_PROXY,MOCK_COMPLETED,True
502dae87c7c3b4ce,1UBQ,1UBQ,A,A:74,ARG,medium,GCR_DEEP_SPACE_REFERENCE,GCR,free_space,SIDE_CHAIN_LOSS,1.0,73,76.0,8564.735700000001,0.34210526315789475,0.2894736842105263,0.9733333333333334,1.0,5.0,62.912339059521834,SYNTHETIC_PUBLIC_DATA_PROXY,MOCK_COMPLETED,True
518da0d521912725,1UBQ,1UBQ,A,A:74,ARG,medium,SPE_REFERENCE_EVENT,SPE,free_space,SIDE_CHAIN_LOSS,1.0,11,76.0,8564.735700000001,0.34210526315789475,0.2894736842105263,0.9733333333333334,1.0,5.0,78.28847632788205,SYNTHETIC_PUBLIC_DATA_PROXY,MOCK_COMPLETED,True
39b3709e86804994,1UBQ,1UBQ,A,A:74,ARG,medium,SPE_REFERENCE_EVENT,SPE,free_space,SIDE_CHAIN_LOSS,1.0,42,76.0,8564.735700000001,0.34210526315789475,0.2894736842105263,0.9733333333333334,1.0,5.0,76.98894281174368,SYNTHETIC_PUBLIC_DATA_PROXY,MOCK_COMPLETED,True
f059afed7461172a,1UBQ,1UBQ,A,A:74,ARG,medium,SPE_REFERENCE_EVENT,SPE,free_space,SIDE_CHAIN_LOSS,1.0,73,76.0,8564.735700000001,0.34210526315789475,0.2894736842105263,0.9733333333333334,1.0,5.0,74.02017193694682,SYNTHETIC_PUBLIC_DATA_PROXY,MOCK_COMPLETED,True
3b41e8bfeeb2c834,1UBQ,1UBQ,A,A:74,ARG,medium,MARS_SURFACE_REFERENCE,GCR,mars_surface,SIDE_CHAIN_LOSS,1.0,11,76.0,8564.735700000001,0.34210526315789475,0.2894736842105263,0.9733333333333334,1.0,5.0,57.94791253131864,SYNTHETIC_PUBLIC_DATA_PROXY,MOCK_COMPLETED,True
8289ba8a232e72c9,1UBQ,1UBQ,A,A:74,ARG,medium,MARS_SURFACE_REFERENCE,GCR,mars_surface,SIDE_CHAIN_LOSS,1.0,42,76.0,8564.735700000001,0.34210526315789475,0.2894736842105263,0.9733333333333334,1.0,5.0,57.074526875597016,SYNTHETIC_PUBLIC_DATA_PROXY,MOCK_COMPLETED,True
2935a09258b49575,1UBQ,1UBQ,A,A:74,ARG,medium,MARS_SURFACE_REFERENCE,GCR,mars_surface,SIDE_CHAIN_LOSS,1.0,73,76.0,8564.735700000001,0.34210526315789475,0.2894736842105263,0.9733333333333334,1.0,5.0,62.833412938277725,SYNTHETIC_PUBLIC_DATA_PROXY,MOCK_COMPLETED,True
b50668221d694c6e,1UBQ,1UBQ,A,A:76,GLY,low,GCR_DEEP_SPACE_REFERENCE,GCR,free_space,SIDE_CHAIN_LOSS,2.0,11,76.0,8564.735700000001,0.34210526315789475,0.2894736842105263,1.0,0.6795813688868018,3.0,53.01848472503163,SYNTHETIC_PUBLIC_DATA_PROXY,MOCK_COMPLETED,True
603f022274d45371,1UBQ,1UBQ,A,A:76,GLY,low,GCR_DEEP_SPACE_REFERENCE,GCR,free_space,SIDE_CHAIN_LOSS,2.0,42,76.0,8564.735700000001,0.34210526315789475,0.2894736842105263,1.0,0.6795813688868018,3.0,53.56197017064281,SYNTHETIC_PUBLIC_DATA_PROXY,MOCK_COMPLETED,True
74d5f52761213d02,1UBQ,1UBQ,A,A:76,GLY,low,GCR_DEEP_SPACE_REFERENCE,GCR,free_space,SIDE_CHAIN_LOSS,2.0,73,76.0,8564.735700000001,0.34210526315789475,0.2894736842105263,1.0,0.6795813688868018,3.0,48.0001466947283,SYNTHETIC_PUBLIC_DATA_PROXY,MOCK_COMPLETED,True
123b481412fb78b7,1UBQ,1UBQ,A,A:76,GLY,low,SPE_REFERENCE_EVENT,SPE,free_space,SIDE_CHAIN_LOSS,2.0,11,76.0,8564.735700000001,0.34210526315789475,0.2894736842105263,1.0,0.6795813688868018,3.0,64.58020786605923,SYNTHETIC_PUBLIC_DATA_PROXY,MOCK_COMPLETED,True
24de2506f22e52b6,1UBQ,1UBQ,A,A:76,GLY,low,SPE_REFERENCE_EVENT,SPE,free_space,SIDE_CHAIN_LOSS,2.0,42,76.0,8564.735700000001,0.34210526315789475,0.2894736842105263,1.0,0.6795813688868018,3.0,63.397662507699685,SYNTHETIC_PUBLIC_DATA_PROXY,MOCK_COMPLETED,True
145a91e73c7f144c,1UBQ,1UBQ,A,A:76,GLY,low,SPE_REFERENCE_EVENT,SPE,free_space,SIDE_CHAIN_LOSS,2.0,73,76.0,8564.735700000001,0.34210526315789475,0.2894736842105263,1.0,0.6795813688868018,3.0,59.48553495112758,SYNTHETIC_PUBLIC_DATA_PROXY,MOCK_COMPLETED,True
c339fadcd2332781,1UBQ,1UBQ,A,A:76,GLY,low,MARS_SURFACE_REFERENCE,GCR,mars_surface,SIDE_CHAIN_LOSS,2.0,11,76.0,8564.735700000001,0.34210526315789475,0.2894736842105263,1.0,0.6795813688868018,3.0,47.8827996435389,SYNTHETIC_PUBLIC_DATA_PROXY,MOCK_COMPLETED,True
922b042a4ea9c1b5,1UBQ,1UBQ,A,A:76,GLY,low,MARS_SURFACE_REFERENCE,GCR,mars_surface,SIDE_CHAIN_LOSS,2.0,42,76.0,8564.735700000001,0.34210526315789475,0.2894736842105263,1.0,0.6795813688868018,3.0,49.720904673055074,SYNTHETIC_PUBLIC_DATA_PROXY,MOCK_COMPLETED,True
9413df62506bd9d2,1UBQ,1UBQ,A,A:76,GLY,low,MARS_SURFACE_REFERENCE,GCR,mars_surface,SIDE_CHAIN_LOSS,2.0,73,76.0,8564.735700000001,0.34210526315789475,0.2894736842105263,1.0,0.6795813688868018,3.0,49.19277865805439,SYNTHETIC_PUBLIC_DATA_PROXY,MOCK_COMPLETED,True
4374ca30864b2ae8,1UBQ,1UBQ,A,A:9,THR,medium,GCR_DEEP_SPACE_REFERENCE,GCR,free_space,SIDE_CHAIN_LOSS,3.0,11,76.0,8564.735700000001,0.34210526315789475,0.2894736842105263,0.10666666666666667,0.40297137414633827,4.0,47.597214956033035,SYNTHETIC_PUBLIC_DATA_PROXY,MOCK_COMPLETED,True
ad7c535c895a6942,1UBQ,1UBQ,A,A:9,THR,medium,GCR_DEEP_SPACE_REFERENCE,GCR,free_space,SIDE_CHAIN_LOSS,3.0,42,76.0,8564.735700000001,0.34210526315789475,0.2894736842105263,0.10666666666666667,0.40297137414633827,4.0,48.068922250377014,SYNTHETIC_PUBLIC_DATA_PROXY,MOCK_COMPLETED,True
364320da589fec9f,1UBQ,1UBQ,A,A:9,THR,medium,GCR_DEEP_SPACE_REFERENCE,GCR,free_space,SIDE_CHAIN_LOSS,3.0,73,76.0,8564.735700000001,0.34210526315789475,0.2894736842105263,0.10666666666666667,0.40297137414633827,4.0,47.697699475024706,SYNTHETIC_PUBLIC_DATA_PROXY,MOCK_COMPLETED,True
6fb0290586505140,1UBQ,1UBQ,A,A:9,THR,medium,SPE_REFERENCE_EVENT,SPE,free_space,SIDE_CHAIN_LOSS,3.0,11,76.0,8564.735700000001,0.34210526315789475,0.2894736842105263,0.10666666666666667,0.40297137414633827,4.0,58.60904920079809,SYNTHETIC_PUBLIC_DATA_PROXY,MOCK_COMPLETED,True
505f2e565ed35f61,1UBQ,1UBQ,A,A:9,THR,medium,SPE_REFERENCE_EVENT,SPE,free_space,SIDE_CHAIN_LOSS,3.0,42,76.0,8564.735700000001,0.34210526315789475,0.2894736842105263,0.10666666666666667,0.40297137414633827,4.0,61.90637285302481,SYNTHETIC_PUBLIC_DATA_PROXY,MOCK_COMPLETED,True
d741a229a19e06da,1UBQ,1UBQ,A,A:9,THR,medium,SPE_REFERENCE_EVENT,SPE,free_space,SIDE_CHAIN_LOSS,3.0,73,76.0,8564.735700000001,0.34210526315789475,0.2894736842105263,0.10666666666666667,0.40297137414633827,4.0,51.810996818213674,SYNTHETIC_PUBLIC_DATA_PROXY,MOCK_COMPLETED,True
dead92834ca00d29,1UBQ,1UBQ,A,A:9,THR,medium,MARS_SURFACE_REFERENCE,GCR,mars_surface,SIDE_CHAIN_LOSS,3.0,11,76.0,8564.735700000001,0.34210526315789475,0.2894736842105263,0.10666666666666667,0.40297137414633827,4.0,44.435517259267705,SYNTHETIC_PUBLIC_DATA_PROXY,MOCK_COMPLETED,True
0b656541d3f91f43,1UBQ,1UBQ,A,A:9,THR,medium,MARS_SURFACE_REFERENCE,GCR,mars_surface,SIDE_CHAIN_LOSS,3.0,42,76.0,8564.735700000001,0.34210526315789475,0.2894736842105263,0.10666666666666667,0.40297137414633827,4.0,45.468923973973034,SYNTHETIC_PUBLIC_DATA_PROXY,MOCK_COMPLETED,True
bda751d7f43b4933,1UBQ,1UBQ,A,A:9,THR,medium,MARS_SURFACE_REFERENCE,GCR,mars_surface,SIDE_CHAIN_LOSS,3.0,73,76.0,8564.735700000001,0.34210526315789475,0.2894736842105263,0.10666666666666667,0.40297137414633827,4.0,45.76762789475966,SYNTHETIC_PUBLIC_DATA_PROXY,MOCK_COMPLETED,True
9bcc4efebfcdb0f9,1UBQ,1UBQ,A,A:63,LYS,medium,GCR_DEEP_SPACE_REFERENCE,GCR,free_space,SIDE_CHAIN_LOSS,4.0,11,76.0,8564.735700000001,0.34210526315789475,0.2894736842105263,0.8266666666666667,0.5407342696200792,7.0,45.58855087383677,SYNTHETIC_PUBLIC_DATA_PROXY,MOCK_COMPLETED,True
5743e613cb1ab9de,1UBQ,1UBQ,A,A:63,LYS,medium,GCR_DEEP_SPACE_REFERENCE,GCR,free_space,SIDE_CHAIN_LOSS,4.0,42,76.0,8564.735700000001,0.34210526315789475,0.2894736842105263,0.8266666666666667,0.5407342696200792,7.0,42.12653287094354,SYNTHETIC_PUBLIC_DATA_PROXY,MOCK_COMPLETED,True
253b957a59c79437,1UBQ,1UBQ,A,A:63,LYS,medium,GCR_DEEP_SPACE_REFERENCE,GCR,free_space,SIDE_CHAIN_LOSS,4.0,73,76.0,8564.735700000001,0.34210526315789475,0.2894736842105263,0.8266666666666667,0.5407342696200792,7.0,47.33832603642527,SYNTHETIC_PUBLIC_DATA_PROXY,MOCK_COMPLETED,True
6b3525cd56bc9502,1UBQ,1UBQ,A,A:63,LYS,medium,SPE_REFERENCE_EVENT,SPE,free_space,SIDE_CHAIN_LOSS,4.0,11,76.0,8564.735700000001,0.34210526315789475,0.2894736842105263,0.8266666666666667,0.5407342696200792,7.0,60.736712862550455,SYNTHETIC_PUBLIC_DATA_PROXY,MOCK_COMPLETED,True
a0f7393942226be4,1UBQ,1UBQ,A,A:63,LYS,medium,SPE_REFERENCE_EVENT,SPE,free_space,SIDE_CHAIN_LOSS,4.0,42,76.0,8564.735700000001,0.34210526315789475,0.2894736842105263,0.8266666666666667,0.5407342696200792,7.0,52.58368381484965,SYNTHETIC_PUBLIC_DATA_PROXY,MOCK_COMPLETED,True
ed371a2efac4e369,1UBQ,1UBQ,A,A:63,LYS,medium,SPE_REFERENCE_EVENT,SPE,free_space,SIDE_CHAIN_LOSS,4.0,73,76.0,8564.735700000001,0.34210526315789475,0.2894736842105263,0.8266666666666667,0.5407342696200792,7.0,58.57790736138546,SYNTHETIC_PUBLIC_DATA_PROXY,MOCK_COMPLETED,True
0187dba1155644a1,1UBQ,1UBQ,A,A:63,LYS,medium,MARS_SURFACE_REFERENCE,GCR,mars_surface,SIDE_CHAIN_LOSS,4.0,11,76.0,8564.735700000001,0.34210526315789475,0.2894736842105263,0.8266666666666667,0.5407342696200792,7.0,42.39702426933276,SYNTHETIC_PUBLIC_DATA_PROXY,MOCK_COMPLETED,True
80062b1c9bc1805c,1UBQ,1UBQ,A,A:63,LYS,medium,MARS_SURFACE_REFERENCE,GCR,mars_surface,SIDE_CHAIN_LOSS,4.0,42,76.0,8564.735700000001,0.34210526315789475,0.2894736842105263,0.8266666666666667,0.5407342696200792,7.0,43.06502646256788,SYNTHETIC_PUBLIC_DATA_PROXY,MOCK_COMPLETED,True
019e56ba75b13ca3,1UBQ,1UBQ,A,A:63,LYS,medium,MARS_SURFACE_REFERENCE,GCR,mars_surface,SIDE_CHAIN_LOSS,4.0,73,76.0,8564.735700000001,0.34210526315789475,0.2894736842105263,0.8266666666666667,0.5407342696200792,7.0,40.586091050380126,SYNTHETIC_PUBLIC_DATA_PROXY,MOCK_COMPLETED,True
5faf0104645f70e3,1UBQ,1UBQ,A,A:72,ARG,medium,GCR_DEEP_SPACE_REFERENCE,GCR,free_space,SIDE_CHAIN_LOSS,5.0,11,76.0,8564.735700000001,0.34210526315789475,0.2894736842105263,0.9466666666666667,0.5400482457793846,8.0,43.774099339821966,SYNTHETIC_PUBLIC_DATA_PROXY,MOCK_COMPLETED,True
bd6d5c00184e66a6,1UBQ,1UBQ,A,A:72,ARG,medium,GCR_DEEP_SPACE_REFERENCE,GCR,free_space,SIDE_CHAIN_LOSS,5.0,42,76.0,8564.735700000001,0.34210526315789475,0.2894736842105263,0.9466666666666667,0.5400482457793846,8.0,47.86035125745905,SYNTHETIC_PUBLIC_DATA_PROXY,MOCK_COMPLETED,True
8279ce9b02b774b1,1UBQ,1UBQ,A,A:72,ARG,medium,GCR_DEEP_SPACE_REFERENCE,GCR,free_space,SIDE_CHAIN_LOSS,5.0,73,76.0,8564.735700000001,0.34210526315789475,0.2894736842105263,0.9466666666666667,0.5400482457793846,8.0,46.06687787568092,SYNTHETIC_PUBLIC_DATA_PROXY,MOCK_COMPLETED,True
efa1448e3b1bed1a,1UBQ,1UBQ,A,A:72,ARG,medium,SPE_REFERENCE_EVENT,SPE,free_space,SIDE_CHAIN_LOSS,5.0,11,76.0,8564.735700000001,0.34210526315789475,0.2894736842105263,0.9466666666666667,0.5400482457793846,8.0,58.84101878423652,SYNTHETIC_PUBLIC_DATA_PROXY,MOCK_COMPLETED,True
705bc2e482129062,1UBQ,1UBQ,A,A:72,ARG,medium,SPE_REFERENCE_EVENT,SPE,free_space,SIDE_CHAIN_LOSS,5.0,42,76.0,8564.735700000001,0.34210526315789475,0.2894736842105263,0.9466666666666667,0.5400482457793846,8.0,57.45376949315589,SYNTHETIC_PUBLIC_DATA_PROXY,MOCK_COMPLETED,True
2975386a3b517c0c,1UBQ,1UBQ,A,A:72,ARG,medium,SPE_REFERENCE_EVENT,SPE,free_space,SIDE_CHAIN_LOSS,5.0,73,76.0,8564.735700000001,0.34210526315789475,0.2894736842105263,0.9466666666666667,0.5400482457793846,8.0,55.607956468035596,SYNTHETIC_PUBLIC_DATA_PROXY,MOCK_COMPLETED,True
35e8f368d49c6220,1UBQ,1UBQ,A,A:72,ARG,medium,MARS_SURFACE_REFERENCE,GCR,mars_surface,SIDE_CHAIN_LOSS,5.0,11,76.0,8564.735700000001,0.34210526315789475,0.2894736842105263,0.9466666666666667,0.5400482457793846,8.0,45.67007608613113,SYNTHETIC_PUBLIC_DATA_PROXY,MOCK_COMPLETED,True
67766300acfd5c26,1UBQ,1UBQ,A,A:72,ARG,medium,MARS_SURFACE_REFERENCE,GCR,mars_surface,SIDE_CHAIN_LOSS,5.0,42,76.0,8564.735700000001,0.34210526315789475,0.2894736842105263,0.9466666666666667,0.5400482457793846,8.0,42.4077226675574,SYNTHETIC_PUBLIC_DATA_PROXY,MOCK_COMPLETED,True
ce4d10522582ce3b,1UBQ,1UBQ,A,A:72,ARG,medium,MARS_SURFACE_REFERENCE,GCR,mars_surface,SIDE_CHAIN_LOSS,5.0,73,76.0,8564.735700000001,0.34210526315789475,0.2894736842105263,0.9466666666666667,0.5400482457793846,8.0,43.3802102127043,SYNTHETIC_PUBLIC_DATA_PROXY,MOCK_COMPLETED,True
b716a28daa8745a6,1UBQ,1UBQ,A,A:48,LYS,medium,GCR_DEEP_SPACE_REFERENCE,GCR,free_space,SIDE_CHAIN_LOSS,6.0,11,76.0,8564.735700000001,0.34210526315789475,0.2894736842105263,0.6266666666666667,0.4081237060686554,6.0,43.95270305275225,SYNTHETIC_PUBLIC_DATA_PROXY,MOCK_COMPLETED,True
c095858601ecc5a1,1UBQ,1UBQ,A,A:48,LYS,medium,GCR_DEEP_SPACE_REFERENCE,GCR,free_space,SIDE_CHAIN_LOSS,6.0,42,76.0,8564.735700000001,0.34210526315789475,0.2894736842105263,0.6266666666666667,0.4081237060686554,6.0,44.860494976237035,SYNTHETIC_PUBLIC_DATA_PROXY,MOCK_COMPLETED,True
f6cbc3b79a6541ab,1UBQ,1UBQ,A,A:48,LYS,medium,GCR_DEEP_SPACE_REFERENCE,GCR,free_space,SIDE_CHAIN_LOSS,6.0,73,76.0,8564.735700000001,0.34210526315789475,0.2894736842105263,0.6266666666666667,0.4081237060686554,6.0,42.950570878338326,SYNTHETIC_PUBLIC_DATA_PROXY,MOCK_COMPLETED,True
d2ecde6b68e56487,1UBQ,1UBQ,A,A:48,LYS,medium,SPE_REFERENCE_EVENT,SPE,free_space,SIDE_CHAIN_LOSS,6.0,11,76.0,8564.735700000001,0.34210526315789475,0.2894736842105263,0.6266666666666667,0.4081237060686554,6.0,57.06809027307615,SYNTHETIC_PUBLIC_DATA_PROXY,MOCK_COMPLETED,True
b38d9846ed466af0,1UBQ,1UBQ,A,A:48,LYS,medium,SPE_REFERENCE_EVENT,SPE,free_space,SIDE_CHAIN_LOSS,6.0,42,76.0,8564.735700000001,0.34210526315789475,0.2894736842105263,0.6266666666666667,0.4081237060686554,6.0,51.648371378801855,SYNTHETIC_PUBLIC_DATA_PROXY,MOCK_COMPLETED,True
541c09d32ce35bb0,1UBQ,1UBQ,A,A:48,LYS,medium,SPE_REFERENCE_EVENT,SPE,free_space,SIDE_CHAIN_LOSS,6.0,73,76.0,8564.735700000001,0.34210526315789475,0.2894736842105263,0.6266666666666667,0.4081237060686554,6.0,56.55000629263317,SYNTHETIC_PUBLIC_DATA_PROXY,MOCK_COMPLETED,True
0d0aca3add92656a,1UBQ,1UBQ,A,A:48,LYS,medium,MARS_SURFACE_REFERENCE,GCR,mars_surface,SIDE_CHAIN_LOSS,6.0,11,76.0,8564.735700000001,0.34210526315789475,0.2894736842105263,0.6266666666666667,0.4081237060686554,6.0,40.91750279282612,SYNTHETIC_PUBLIC_DATA_PROXY,MOCK_COMPLETED,True
4b0e42813fa6fbbb,1UBQ,1UBQ,A,A:48,LYS,medium,MARS_SURFACE_REFERENCE,GCR,mars_surface,SIDE_CHAIN_LOSS,6.0,42,76.0,8564.735700000001,0.34210526315789475,0.2894736842105263,0.6266666666666667,0.4081237060686554,6.0,44.32224817025732,SYNTHETIC_PUBLIC_DATA_PROXY,MOCK_COMPLETED,True
f4b2eeff66b55821,1UBQ,1UBQ,A,A:48,LYS,medium,MARS_SURFACE_REFERENCE,GCR,mars_surface,SIDE_CHAIN_LOSS,6.0,73,76.0,8564.735700000001,0.34210526315789475,0.2894736842105263,0.6266666666666667,0.4081237060686554,6.0,43.27130290841717,SYNTHETIC_PUBLIC_DATA_PROXY,MOCK_COMPLETED,True
4e3865453c9e467a,1UBQ,1UBQ,A,A:54,ARG,medium,GCR_DEEP_SPACE_REFERENCE,GCR,free_space,SIDE_CHAIN_LOSS,7.0,11,76.0,8564.735700000001,0.34210526315789475,0.2894736842105263,0.7066666666666667,0.5423643821186562,9.0,47.33781809343938,SYNTHETIC_PUBLIC_DATA_PROXY,MOCK_COMPLETED,True
46d4a7a193229d80,1UBQ,1UBQ,A,A:54,ARG,medium,GCR_DEEP_SPACE_REFERENCE,GCR,free_space,SIDE_CHAIN_LOSS,7.0,42,76.0,8564.735700000001,0.34210526315789475,0.2894736842105263,0.7066666666666667,0.5423643821186562,9.0,44.61313942716899,SYNTHETIC_PUBLIC_DATA_PROXY,MOCK_COMPLETED,True
0e166b39eb2c1666,1UBQ,1UBQ,A,A:54,ARG,medium,GCR_DEEP_SPACE_REFERENCE,GCR,free_space,SIDE_CHAIN_LOSS,7.0,73,76.0,8564.735700000001,0.34210526315789475,0.2894736842105263,0.7066666666666667,0.5423643821186562,9.0,38.85610206018927,SYNTHETIC_PUBLIC_DATA_PROXY,MOCK_COMPLETED,True
b463aeb5f04e1819,1UBQ,1UBQ,A,A:54,ARG,medium,SPE_REFERENCE_EVENT,SPE,free_space,SIDE_CHAIN_LOSS,7.0,11,76.0,8564.735700000001,0.34210526315789475,0.2894736842105263,0.7066666666666667,0.5423643821186562,9.0,52.51881976707687,SYNTHETIC_PUBLIC_DATA_PROXY,MOCK_COMPLETED,True
5a23c02dd3b8ba9b,1UBQ,1UBQ,A,A:54,ARG,medium,SPE_REFERENCE_EVENT,SPE,free_space,SIDE_CHAIN_LOSS,7.0,42,76.0,8564.735700000001,0.34210526315789475,0.2894736842105263,0.7066666666666667,0.5423643821186562,9.0,49.75618471783533,SYNTHETIC_PUBLIC_DATA_PROXY,MOCK_COMPLETED,True
7c047496effe50e7,1UBQ,1UBQ,A,A:54,ARG,medium,SPE_REFERENCE_EVENT,SPE,free_space,SIDE_CHAIN_LOSS,7.0,73,76.0,8564.735700000001,0.34210526315789475,0.2894736842105263,0.7066666666666667,0.5423643821186562,9.0,51.390503093406686,SYNTHETIC_PUBLIC_DATA_PROXY,MOCK_COMPLETED,True
844df78582f5cfb3,1UBQ,1UBQ,A,A:54,ARG,medium,MARS_SURFACE_REFERENCE,GCR,mars_surface,SIDE_CHAIN_LOSS,7.0,11,76.0,8564.735700000001,0.34210526315789475,0.2894736842105263,0.7066666666666667,0.5423643821186562,9.0,43.264273782514174,SYNTHETIC_PUBLIC_DATA_PROXY,MOCK_COMPLETED,True
7162fb4200fb8ab2,1UBQ,1UBQ,A,A:54,ARG,medium,MARS_SURFACE_REFERENCE,GCR,mars_surface,SIDE_CHAIN_LOSS,7.0,42,76.0,8564.735700000001,0.34210526315789475,0.2894736842105263,0.7066666666666667,0.5423643821186562,9.0,41.08003722656661,SYNTHETIC_PUBLIC_DATA_PROXY,MOCK_COMPLETED,True
85b02c9af01fdb96,1UBQ,1UBQ,A,A:54,ARG,medium,MARS_SURFACE_REFERENCE,GCR,mars_surface,SIDE_CHAIN_LOSS,7.0,73,76.0,8564.735700000001,0.34210526315789475,0.2894736842105263,0.7066666666666667,0.5423643821186562,9.0,37.738876627875506,SYNTHETIC_PUBLIC_DATA_PROXY,MOCK_COMPLETED,True
13b484bb3fc1c7aa,1UBQ,1UBQ,A,A:33,LYS,medium,GCR_DEEP_SPACE_REFERENCE,GCR,free_space,SIDE_CHAIN_LOSS,8.0,11,76.0,8564.735700000001,0.34210526315789475,0.2894736842105263,0.4266666666666667,0.35317223244671114,6.0,40.621195759073586,SYNTHETIC_PUBLIC_DATA_PROXY,MOCK_COMPLETED,True
f88987237d30f2a3,1UBQ,1UBQ,A,A:33,LYS,medium,GCR_DEEP_SPACE_REFERENCE,GCR,free_space,SIDE_CHAIN_LOSS,8.0,42,76.0,8564.735700000001,0.34210526315789475,0.2894736842105263,0.4266666666666667,0.35317223244671114,6.0,43.23744440736523,SYNTHETIC_PUBLIC_DATA_PROXY,MOCK_COMPLETED,True
ad1b3921d5493048,1UBQ,1UBQ,A,A:33,LYS,medium,GCR_DEEP_SPACE_REFERENCE,GCR,free_space,SIDE_CHAIN_LOSS,8.0,73,76.0,8564.735700000001,0.34210526315789475,0.2894736842105263,0.4266666666666667,0.35317223244671114,6.0,40.11408880172176,SYNTHETIC_PUBLIC_DATA_PROXY,MOCK_COMPLETED,True
dcbbd470ecb6da50,1UBQ,1UBQ,A,A:33,LYS,medium,SPE_REFERENCE_EVENT,SPE,free_space,SIDE_CHAIN_LOSS,8.0,11,76.0,8564.735700000001,0.34210526315789475,0.2894736842105263,0.4266666666666667,0.35317223244671114,6.0,51.37763848168313,SYNTHETIC_PUBLIC_DATA_PROXY,MOCK_COMPLETED,True
6245d2114c18baf1,1UBQ,1UBQ,A,A:33,LYS,medium,SPE_REFERENCE_EVENT,SPE,free_space,SIDE_CHAIN_LOSS,8.0,42,76.0,8564.735700000001,0.34210526315789475,0.2894736842105263,0.4266666666666667,0.35317223244671114,6.0,53.83551285405269,SYNTHETIC_PUBLIC_DATA_PROXY,MOCK_COMPLETED,True
0e6be674ab098d4a,1UBQ,1UBQ,A,A:33,LYS,medium,SPE_REFERENCE_EVENT,SPE,free_space,SIDE_CHAIN_LOSS,8.0,73,76.0,8564.735700000001,0.34210526315789475,0.2894736842105263,0.4266666666666667,0.35317223244671114,6.0,55.94376926544132,SYNTHETIC_PUBLIC_DATA_PROXY,MOCK_COMPLETED,True
b721532c17c48302,1UBQ,1UBQ,A,A:33,LYS,medium,MARS_SURFACE_REFERENCE,GCR,mars_surface,SIDE_CHAIN_LOSS,8.0,11,76.0,8564.735700000001,0.34210526315789475,0.2894736842105263,0.4266666666666667,0.35317223244671114,6.0,41.37739285573568,SYNTHETIC_PUBLIC_DATA_PROXY,MOCK_COMPLETED,True
24106b0840218ecd,1UBQ,1UBQ,A,A:33,LYS,medium,MARS_SURFACE_REFERENCE,GCR,mars_surface,SIDE_CHAIN_LOSS,8.0,42,76.0,8564.735700000001,0.34210526315789475,0.2894736842105263,0.4266666666666667,0.35317223244671114,6.0,34.127265403679324,SYNTHETIC_PUBLIC_DATA_PROXY,MOCK_COMPLETED,True
abf0b2c7c6f7266e,1UBQ,1UBQ,A,A:33,LYS,medium,MARS_SURFACE_REFERENCE,GCR,mars_surface,SIDE_CHAIN_LOSS,8.0,73,76.0,8564.735700000001,0.34210526315789475,0.2894736842105263,0.4266666666666667,0.35317223244671114,6.0,40.61640599775023,SYNTHETIC_PUBLIC_DATA_PROXY,MOCK_COMPLETED,True
e314f73a5c6d1bba,1UBQ,1UBQ,A,A:60,ASN,medium,GCR_DEEP_SPACE_REFERENCE,GCR,free_space,SIDE_CHAIN_LOSS,9.0,11,76.0,8564.735700000001,0.34210526315789475,0.2894736842105263,0.7866666666666666,0.33853916525026756,6.0,42.92584722675561,SYNTHETIC_PUBLIC_DATA_PROXY,MOCK_COMPLETED,True
55f17018f5fe52db,1UBQ,1UBQ,A,A:60,ASN,medium,GCR_DEEP_SPACE_REFERENCE,GCR,free_space,SIDE_CHAIN_LOSS,9.0,42,76.0,8564.735700000001,0.34210526315789475,0.2894736842105263,0.7866666666666666,0.33853916525026756,6.0,43.78048900710589,SYNTHETIC_PUBLIC_DATA_PROXY,MOCK_COMPLETED,True
615599c2804a84f0,1UBQ,1UBQ,A,A:60,ASN,medium,GCR_DEEP_SPACE_REFERENCE,GCR,free_space,SIDE_CHAIN_LOSS,9.0,73,76.0,8564.735700000001,0.34210526315789475,0.2894736842105263,0.7866666666666666,0.33853916525026756,6.0,46.78628749780218,SYNTHETIC_PUBLIC_DATA_PROXY,MOCK_COMPLETED,True
846ccc94b6c34072,1UBQ,1UBQ,A,A:60,ASN,medium,SPE_REFERENCE_EVENT,SPE,free_space,SIDE_CHAIN_LOSS,9.0,11,76.0,8564.735700000001,0.34210526315789475,0.2894736842105263,0.7866666666666666,0.33853916525026756,6.0,47.4876676016623,SYNTHETIC_PUBLIC_DATA_PROXY,MOCK_COMPLETED,True
f32ebab30f1e4f2e,1UBQ,1UBQ,A,A:60,ASN,medium,SPE_REFERENCE_EVENT,SPE,free_space,SIDE_CHAIN_LOSS,9.0,42,76.0,8564.735700000001,0.34210526315789475,0.2894736842105263,0.7866666666666666,0.33853916525026756,6.0,51.168004730696396,SYNTHETIC_PUBLIC_DATA_PROXY,MOCK_COMPLETED,True
e339c87dc3d0613d,1UBQ,1UBQ,A,A:60,ASN,medium,SPE_REFERENCE_EVENT,SPE,free_space,SIDE_CHAIN_LOSS,9.0,73,76.0,8564.735700000001,0.34210526315789475,0.2894736842105263,0.7866666666666666,0.33853916525026756,6.0,54.12302910065755,SYNTHETIC_PUBLIC_DATA_PROXY,MOCK_COMPLETED,True
11f6807a4892285d,1UBQ,1UBQ,A,A:60,ASN,medium,MARS_SURFACE_REFERENCE,GCR,mars_surface,SIDE_CHAIN_LOSS,9.0,11,76.0,8564.735700000001,0.34210526315789475,0.2894736842105263,0.7866666666666666,0.33853916525026756,6.0,35.4917772950393,SYNTHETIC_PUBLIC_DATA_PROXY,MOCK_COMPLETED,True
9f123d4ff423904e,1UBQ,1UBQ,A,A:60,ASN,medium,MARS_SURFACE_REFERENCE,GCR,mars_surface,SIDE_CHAIN_LOSS,9.0,42,76.0,8564.735700000001,0.34210526315789475,0.2894736842105263,0.7866666666666666,0.33853916525026756,6.0,43.135635913807924,SYNTHETIC_PUBLIC_DATA_PROXY,MOCK_COMPLETED,True
a57243d6a54d2ce1,1UBQ,1UBQ,A,A:60,ASN,medium,MARS_SURFACE_REFERENCE,GCR,mars_surface,SIDE_CHAIN_LOSS,9.0,73,76.0,8564.735700000001,0.34210526315789475,0.2894736842105263,0.7866666666666666,0.33853916525026756,6.0,40.3666548254258,SYNTHETIC_PUBLIC_DATA_PROXY,MOCK_COMPLETED,True
36d12eb5e03cb825,1UBQ,1UBQ,A,A:16,GLU,low,GCR_DEEP_SPACE_REFERENCE,GCR,free_space,SIDE_CHAIN_LOSS,10.0,11,76.0,8564.735700000001,0.34210526315789475,0.2894736842105263,0.2,0.5741407387149906,7.0,43.97017842640603,SYNTHETIC_PUBLIC_DATA_PROXY,MOCK_COMPLETED,True
51a54c3e8394344d,1UBQ,1UBQ,A,A:16,GLU,low,GCR_DEEP_SPACE_REFERENCE,GCR,free_space,SIDE_CHAIN_LOSS,10.0,42,76.0,8564.735700000001,0.34210526315789475,0.2894736842105263,0.2,0.5741407387149906,7.0,40.42635930799303,SYNTHETIC_PUBLIC_DATA_PROXY,MOCK_COMPLETED,True
bfda2030bad96041,1UBQ,1UBQ,A,A:16,GLU,low,GCR_DEEP_SPACE_REFERENCE,GCR,free_space,SIDE_CHAIN_LOSS,10.0,73,76.0,8564.735700000001,0.34210526315789475,0.2894736842105263,0.2,0.5741407387149906,7.0,43.88812768671305,SYNTHETIC_PUBLIC_DATA_PROXY,MOCK_COMPLETED,True
06cbdb667ab60508,1UBQ,1UBQ,A,A:16,GLU,low,SPE_REFERENCE_EVENT,SPE,free_space,SIDE_CHAIN_LOSS,10.0,11,76.0,8564.735700000001,0.34210526315789475,0.2894736842105263,0.2,0.5741407387149906,7.0,54.424897351770106,SYNTHETIC_PUBLIC_DATA_PROXY,MOCK_COMPLETED,True
df91a7145c67b281,1UBQ,1UBQ,A,A:16,GLU,low,SPE_REFERENCE_EVENT,SPE,free_space,SIDE_CHAIN_LOSS,10.0,42,76.0,8564.735700000001,0.34210526315789475,0.2894736842105263,0.2,0.5741407387149906,7.0,52.33591351214043,SYNTHETIC_PUBLIC_DATA_PROXY,MOCK_COMPLETED,True
fd96e136d19c3cb1,1UBQ,1UBQ,A,A:16,GLU,low,SPE_REFERENCE_EVENT,SPE,free_space,SIDE_CHAIN_LOSS,10.0,73,76.0,8564.735700000001,0.34210526315789475,0.2894736842105263,0.2,0.5741407387149906,7.0,52.33972069354425,SYNTHETIC_PUBLIC_DATA_PROXY,MOCK_COMPLETED,True
64f097f787eec403,1UBQ,1UBQ,A,A:16,GLU,low,MARS_SURFACE_REFERENCE,GCR,mars_surface,SIDE_CHAIN_LOSS,10.0,11,76.0,8564.735700000001,0.34210526315789475,0.2894736842105263,0.2,0.5741407387149906,7.0,39.22957656000183,SYNTHETIC_PUBLIC_DATA_PROXY,MOCK_COMPLETED,True
6f70f1b78bc446c7,1UBQ,1UBQ,A,A:16,GLU,low,MARS_SURFACE_REFERENCE,GCR,mars_surface,SIDE_CHAIN_LOSS,10.0,42,76.0,8564.735700000001,0.34210526315789475,0.2894736842105263,0.2,0.5741407387149906,7.0,36.39535529994906,SYNTHETIC_PUBLIC_DATA_PROXY,MOCK_COMPLETED,True
88781e2110058e44,1UBQ,1UBQ,A,A:16,GLU,low,MARS_SURFACE_REFERENCE,GCR,mars_surface,SIDE_CHAIN_LOSS,10.0,73,76.0,8564.735700000001,0.34210526315789475,0.2894736842105263,0.2,0.5741407387149906,7.0,38.18489676119663,SYNTHETIC_PUBLIC_DATA_PROXY,MOCK_COMPLETED,True
2e14e875b9cb02b7,2SPC,2SPC,A,A:106,ASP,low,GCR_DEEP_SPACE_REFERENCE,GCR,free_space,SIDE_CHAIN_LOSS,1.0,11,107.0,12273.5792,0.40186915887850466,0.32710280373831774,1.0,1.0,4.0,58.893693668869105,SYNTHETIC_PUBLIC_DATA_PROXY,MOCK_COMPLETED,True
300127138d0087c9,2SPC,2SPC,A,A:106,ASP,low,GCR_DEEP_SPACE_REFERENCE,GCR,free_space,SIDE_CHAIN_LOSS,1.0,42,107.0,12273.5792,0.40186915887850466,0.32710280373831774,1.0,1.0,4.0,60.23348466088374,SYNTHETIC_PUBLIC_DATA_PROXY,MOCK_COMPLETED,True
208e1010152108ed,2SPC,2SPC,A,A:106,ASP,low,GCR_DEEP_SPACE_REFERENCE,GCR,free_space,SIDE_CHAIN_LOSS,1.0,73,107.0,12273.5792,0.40186915887850466,0.32710280373831774,1.0,1.0,4.0,61.77456061727573,SYNTHETIC_PUBLIC_DATA_PROXY,MOCK_COMPLETED,True
1c1c68df0d51e2cf,2SPC,2SPC,A,A:106,ASP,low,SPE_REFERENCE_EVENT,SPE,free_space,SIDE_CHAIN_LOSS,1.0,11,107.0,12273.5792,0.40186915887850466,0.32710280373831774,1.0,1.0,4.0,66.52865979505397,SYNTHETIC_PUBLIC_DATA_PROXY,MOCK_COMPLETED,True
0ac456c00f87064a,2SPC,2SPC,A,A:106,ASP,low,SPE_REFERENCE_EVENT,SPE,free_space,SIDE_CHAIN_LOSS,1.0,42,107.0,12273.5792,0.40186915887850466,0.32710280373831774,1.0,1.0,4.0,68.86247742420105,SYNTHETIC_PUBLIC_DATA_PROXY,MOCK_COMPLETED,True
525dfb49a551b7f7,2SPC,2SPC,A,A:106,ASP,low,SPE_REFERENCE_EVENT,SPE,free_space,SIDE_CHAIN_LOSS,1.0,73,107.0,12273.5792,0.40186915887850466,0.32710280373831774,1.0,1.0,4.0,72.87863886914744,SYNTHETIC_PUBLIC_DATA_PROXY,MOCK_COMPLETED,True
d6cf7043afa4a9ce,2SPC,2SPC,A,A:106,ASP,low,MARS_SURFACE_REFERENCE,GCR,mars_surface,SIDE_CHAIN_LOSS,1.0,11,107.0,12273.5792,0.40186915887850466,0.32710280373831774,1.0,1.0,4.0,54.116029427968584,SYNTHETIC_PUBLIC_DATA_PROXY,MOCK_COMPLETED,True
d661344a82a6e633,2SPC,2SPC,A,A:106,ASP,low,MARS_SURFACE_REFERENCE,GCR,mars_surface,SIDE_CHAIN_LOSS,1.0,42,107.0,12273.5792,0.40186915887850466,0.32710280373831774,1.0,1.0,4.0,53.91937495677419,SYNTHETIC_PUBLIC_DATA_PROXY,MOCK_COMPLETED,True
86fac1edcbbfc0a0,2SPC,2SPC,A,A:106,ASP,low,MARS_SURFACE_REFERENCE,GCR,mars_surface,SIDE_CHAIN_LOSS,1.0,73,107.0,12273.5792,0.40186915887850466,0.32710280373831774,1.0,1.0,4.0,56.480765479577975,SYNTHETIC_PUBLIC_DATA_PROXY,MOCK_COMPLETED,True
7de8b49101a09827,2SPC,2SPC,A,A:74,TYR,high,GCR_DEEP_SPACE_REFERENCE,GCR,free_space,SIDE_CHAIN_LOSS,2.0,11,107.0,12273.5792,0.40186915887850466,0.32710280373831774,0.6981132075471698,0.5951686230589136,8.0,53.550684421862876,SYNTHETIC_PUBLIC_DATA_PROXY,MOCK_COMPLETED,True
13e990c32bb345c0,2SPC,2SPC,A,A:74,TYR,high,GCR_DEEP_SPACE_REFERENCE,GCR,free_space,SIDE_CHAIN_LOSS,2.0,42,107.0,12273.5792,0.40186915887850466,0.32710280373831774,0.6981132075471698,0.5951686230589136,8.0,51.46828658455122,SYNTHETIC_PUBLIC_DATA_PROXY,MOCK_COMPLETED,True
d5d52c2e5077cca7,2SPC,2SPC,A,A:74,TYR,high,GCR_DEEP_SPACE_REFERENCE,GCR,free_space,SIDE_CHAIN_LOSS,2.0,73,107.0,12273.5792,0.40186915887850466,0.32710280373831774,0.6981132075471698,0.5951686230589136,8.0,54.76212292174205,SYNTHETIC_PUBLIC_DATA_PROXY,MOCK_COMPLETED,True
13fb2cf33431eb43,2SPC,2SPC,A,A:74,TYR,high,SPE_REFERENCE_EVENT,SPE,free_space,SIDE_CHAIN_LOSS,2.0,11,107.0,12273.5792,0.40186915887850466,0.32710280373831774,0.6981132075471698,0.5951686230589136,8.0,63.48170640206589,SYNTHETIC_PUBLIC_DATA_PROXY,MOCK_COMPLETED,True
6142387c1cb57829,2SPC,2SPC,A,A:74,TYR,high,SPE_REFERENCE_EVENT,SPE,free_space,SIDE_CHAIN_LOSS,2.0,42,107.0,12273.5792,0.40186915887850466,0.32710280373831774,0.6981132075471698,0.5951686230589136,8.0,63.44427161287473,SYNTHETIC_PUBLIC_DATA_PROXY,MOCK_COMPLETED,True
146da439e919660c,2SPC,2SPC,A,A:74,TYR,high,SPE_REFERENCE_EVENT,SPE,free_space,SIDE_CHAIN_LOSS,2.0,73,107.0,12273.5792,0.40186915887850466,0.32710280373831774,0.6981132075471698,0.5951686230589136,8.0,62.72501269895981,SYNTHETIC_PUBLIC_DATA_PROXY,MOCK_COMPLETED,True
ccceb0a6aa18ebe4,2SPC,2SPC,A,A:74,TYR,high,MARS_SURFACE_REFERENCE,GCR,mars_surface,SIDE_CHAIN_LOSS,2.0,11,107.0,12273.5792,0.40186915887850466,0.32710280373831774,0.6981132075471698,0.5951686230589136,8.0,53.958854196514785,SYNTHETIC_PUBLIC_DATA_PROXY,MOCK_COMPLETED,True
80eb13b990130ae0,2SPC,2SPC,A,A:74,TYR,high,MARS_SURFACE_REFERENCE,GCR,mars_surface,SIDE_CHAIN_LOSS,2.0,42,107.0,12273.5792,0.40186915887850466,0.32710280373831774,0.6981132075471698,0.5951686230589136,8.0,47.62681722348446,SYNTHETIC_PUBLIC_DATA_PROXY,MOCK_COMPLETED,True
d17fec50231a569a,2SPC,2SPC,A,A:74,TYR,high,MARS_SURFACE_REFERENCE,GCR,mars_surface,SIDE_CHAIN_LOSS,2.0,73,107.0,12273.5792,0.40186915887850466,0.32710280373831774,0.6981132075471698,0.5951686230589136,8.0,43.13091571548328,SYNTHETIC_PUBLIC_DATA_PROXY,MOCK_COMPLETED,True
fb95269fa6e62eff,2SPC,2SPC,A,A:17,TRP,high,GCR_DEEP_SPACE_REFERENCE,GCR,free_space,SIDE_CHAIN_LOSS,3.0,11,107.0,12273.5792,0.40186915887850466,0.32710280373831774,0.16037735849056603,0.5453402521264579,8.0,54.05516296333367,SYNTHETIC_PUBLIC_DATA_PROXY,MOCK_COMPLETED,True
c18a3b4a13b6de4d,2SPC,2SPC,A,A:17,TRP,high,GCR_DEEP_SPACE_REFERENCE,GCR,free_space,SIDE_CHAIN_LOSS,3.0,42,107.0,12273.5792,0.40186915887850466,0.32710280373831774,0.16037735849056603,0.5453402521264579,8.0,48.90027848214876,SYNTHETIC_PUBLIC_DATA_PROXY,MOCK_COMPLETED,True
2d7d1838a88c99b0,2SPC,2SPC,A,A:17,TRP,high,GCR_DEEP_SPACE_REFERENCE,GCR,free_space,SIDE_CHAIN_LOSS,3.0,73,107.0,12273.5792,0.40186915887850466,0.32710280373831774,0.16037735849056603,0.5453402521264579,8.0,50.3142281703984,SYNTHETIC_PUBLIC_DATA_PROXY,MOCK_COMPLETED,True
07ec28e55d6cdc4b,2SPC,2SPC,A,A:17,TRP,high,SPE_REFERENCE_EVENT,SPE,free_space,SIDE_CHAIN_LOSS,3.0,11,107.0,12273.5792,0.40186915887850466,0.32710280373831774,0.16037735849056603,0.5453402521264579,8.0,63.21840377169214,SYNTHETIC_PUBLIC_DATA_PROXY,MOCK_COMPLETED,True
24a78deefcf482c9,2SPC,2SPC,A,A:17,TRP,high,SPE_REFERENCE_EVENT,SPE,free_space,SIDE_CHAIN_LOSS,3.0,42,107.0,12273.5792,0.40186915887850466,0.32710280373831774,0.16037735849056603,0.5453402521264579,8.0,55.938878206893506,SYNTHETIC_PUBLIC_DATA_PROXY,MOCK_COMPLETED,True
42a47cadd8fbc023,2SPC,2SPC,A,A:17,TRP,high,SPE_REFERENCE_EVENT,SPE,free_space,SIDE_CHAIN_LOSS,3.0,73,107.0,12273.5792,0.40186915887850466,0.32710280373831774,0.16037735849056603,0.5453402521264579,8.0,56.81540902427547,SYNTHETIC_PUBLIC_DATA_PROXY,MOCK_COMPLETED,True
40914c4fb2e96e8c,2SPC,2SPC,A,A:17,TRP,high,MARS_SURFACE_REFERENCE,GCR,mars_surface,SIDE_CHAIN_LOSS,3.0,11,107.0,12273.5792,0.40186915887850466,0.32710280373831774,0.16037735849056603,0.5453402521264579,8.0,42.74133221674368,SYNTHETIC_PUBLIC_DATA_PROXY,MOCK_COMPLETED,True
c298fa22dd1b77e6,2SPC,2SPC,A,A:17,TRP,high,MARS_SURFACE_REFERENCE,GCR,mars_surface,SIDE_CHAIN_LOSS,3.0,42,107.0,12273.5792,0.40186915887850466,0.32710280373831774,0.16037735849056603,0.5453402521264579,8.0,44.759186334477256,SYNTHETIC_PUBLIC_DATA_PROXY,MOCK_COMPLETED,True
d352fb48a57a2e3c,2SPC,2SPC,A,A:17,TRP,high,MARS_SURFACE_REFERENCE,GCR,mars_surface,SIDE_CHAIN_LOSS,3.0,73,107.0,12273.5792,0.40186915887850466,0.32710280373831774,0.16037735849056603,0.5453402521264579,8.0,47.843618574583296,SYNTHETIC_PUBLIC_DATA_PROXY,MOCK_COMPLETED,True
9800ea68930c7d29,2SPC,2SPC,A,A:0,GLN,medium,GCR_DEEP_SPACE_REFERENCE,GCR,free_space,SIDE_CHAIN_LOSS,4.0,11,107.0,12273.5792,0.40186915887850466,0.32710280373831774,0.0,0.47824054215884765,4.0,51.57620478747966,SYNTHETIC_PUBLIC_DATA_PROXY,MOCK_COMPLETED,True
e5a73554f94694c8,2SPC,2SPC,A,A:0,GLN,medium,GCR_DEEP_SPACE_REFERENCE,GCR,free_space,SIDE_CHAIN_LOSS,4.0,42,107.0,12273.5792,0.40186915887850466,0.32710280373831774,0.0,0.47824054215884765,4.0,50.956420628769116,SYNTHETIC_PUBLIC_DATA_PROXY,MOCK_COMPLETED,True
f3b4df034f9ef801,2SPC,2SPC,A,A:0,GLN,medium,GCR_DEEP_SPACE_REFERENCE,GCR,free_space,SIDE_CHAIN_LOSS,4.0,73,107.0,12273.5792,0.40186915887850466,0.32710280373831774,0.0,0.47824054215884765,4.0,46.73382047071682,SYNTHETIC_PUBLIC_DATA_PROXY,MOCK_COMPLETED,True
47241fea1f0c9d45,2SPC,2SPC,A,A:0,GLN,medium,SPE_REFERENCE_EVENT,SPE,free_space,SIDE_CHAIN_LOSS,4.0,11,107.0,12273.5792,0.40186915887850466,0.32710280373831774,0.0,0.47824054215884765,4.0,54.39047658886612,SYNTHETIC_PUBLIC_DATA_PROXY,MOCK_COMPLETED,True
3db9b517cb486863,2SPC,2SPC,A,A:0,GLN,medium,SPE_REFERENCE_EVENT,SPE,free_space,SIDE_CHAIN_LOSS,4.0,42,107.0,12273.5792,0.40186915887850466,0.32710280373831774,0.0,0.47824054215884765,4.0,60.30161914392369,SYNTHETIC_PUBLIC_DATA_PROXY,MOCK_COMPLETED,True
7bcd643e05cf9cef,2SPC,2SPC,A,A:0,GLN,medium,SPE_REFERENCE_EVENT,SPE,free_space,SIDE_CHAIN_LOSS,4.0,73,107.0,12273.5792,0.40186915887850466,0.32710280373831774,0.0,0.47824054215884765,4.0,58.986295096351895,SYNTHETIC_PUBLIC_DATA_PROXY,MOCK_COMPLETED,True
2aeb3f3624f16494,2SPC,2SPC,A,A:0,GLN,medium,MARS_SURFACE_REFERENCE,GCR,mars_surface,SIDE_CHAIN_LOSS,4.0,11,107.0,12273.5792,0.40186915887850466,0.32710280373831774,0.0,0.47824054215884765,4.0,48.114199609739266,SYNTHETIC_PUBLIC_DATA_PROXY,MOCK_COMPLETED,True
2aa117c5cedc0111,2SPC,2SPC,A,A:0,GLN,medium,MARS_SURFACE_REFERENCE,GCR,mars_surface,SIDE_CHAIN_LOSS,4.0,42,107.0,12273.5792,0.40186915887850466,0.32710280373831774,0.0,0.47824054215884765,4.0,48.720619246000915,SYNTHETIC_PUBLIC_DATA_PROXY,MOCK_COMPLETED,True
900588d5ba3f5e67,2SPC,2SPC,A,A:0,GLN,medium,MARS_SURFACE_REFERENCE,GCR,mars_surface,SIDE_CHAIN_LOSS,4.0,73,107.0,12273.5792,0.40186915887850466,0.32710280373831774,0.0,0.47824054215884765,4.0,47.311338760594445,SYNTHETIC_PUBLIC_DATA_PROXY,MOCK_COMPLETED,True
4272d8aa93b9898e,2SPC,2SPC,A,A:38,GLU,low,GCR_DEEP_SPACE_REFERENCE,GCR,free_space,SIDE_CHAIN_LOSS,5.0,11,107.0,12273.5792,0.40186915887850466,0.32710280373831774,0.3584905660377358,0.7668928324217759,6.0,50.39833202124935,SYNTHETIC_PUBLIC_DATA_PROXY,MOCK_COMPLETED,True
36e313df6c5d2ee4,2SPC,2SPC,A,A:38,GLU,low,GCR_DEEP_SPACE_REFERENCE,GCR,free_space,SIDE_CHAIN_LOSS,5.0,42,107.0,12273.5792,0.40186915887850466,0.32710280373831774,0.3584905660377358,0.7668928324217759,6.0,49.07102774309739,SYNTHETIC_PUBLIC_DATA_PROXY,MOCK_COMPLETED,True
cebfe57cc3e10b61,2SPC,2SPC,A,A:38,GLU,low,GCR_DEEP_SPACE_REFERENCE,GCR,free_space,SIDE_CHAIN_LOSS,5.0,73,107.0,12273.5792,0.40186915887850466,0.32710280373831774,0.3584905660377358,0.7668928324217759,6.0,49.82316107181339,SYNTHETIC_PUBLIC_DATA_PROXY,MOCK_COMPLETED,True
c17698881ebc4c55,2SPC,2SPC,A,A:38,GLU,low,SPE_REFERENCE_EVENT,SPE,free_space,SIDE_CHAIN_LOSS,5.0,11,107.0,12273.5792,0.40186915887850466,0.32710280373831774,0.3584905660377358,0.7668928324217759,6.0,56.63631615063501,SYNTHETIC_PUBLIC_DATA_PROXY,MOCK_COMPLETED,True
2c063e89eed9c550,2SPC,2SPC,A,A:38,GLU,low,SPE_REFERENCE_EVENT,SPE,free_space,SIDE_CHAIN_LOSS,5.0,42,107.0,12273.5792,0.40186915887850466,0.32710280373831774,0.3584905660377358,0.7668928324217759,6.0,57.948970773231075,SYNTHETIC_PUBLIC_DATA_PROXY,MOCK_COMPLETED,True
e077c7b1bfdbb37c,2SPC,2SPC,A,A:38,GLU,low,SPE_REFERENCE_EVENT,SPE,free_space,SIDE_CHAIN_LOSS,5.0,73,107.0,12273.5792,0.40186915887850466,0.32710280373831774,0.3584905660377358,0.7668928324217759,6.0,58.889939549452116,SYNTHETIC_PUBLIC_DATA_PROXY,MOCK_COMPLETED,True
3f97edfee86e126e,2SPC,2SPC,A,A:38,GLU,low,MARS_SURFACE_REFERENCE,GCR,mars_surface,SIDE_CHAIN_LOSS,5.0,11,107.0,12273.5792,0.40186915887850466,0.32710280373831774,0.3584905660377358,0.7668928324217759,6.0,47.24932049635327,SYNTHETIC_PUBLIC_DATA_PROXY,MOCK_COMPLETED,True
b373083feabaafae,2SPC,2SPC,A,A:38,GLU,low,MARS_SURFACE_REFERENCE,GCR,mars_surface,SIDE_CHAIN_LOSS,5.0,42,107.0,12273.5792,0.40186915887850466,0.32710280373831774,0.3584905660377358,0.7668928324217759,6.0,44.213646377248295,SYNTHETIC_PUBLIC_DATA_PROXY,MOCK_COMPLETED,True
39e20ee3d3f2d5c5,2SPC,2SPC,A,A:38,GLU,low,MARS_SURFACE_REFERENCE,GCR,mars_surface,SIDE_CHAIN_LOSS,5.0,73,107.0,12273.5792,0.40186915887850466,0.32710280373831774,0.3584905660377358,0.7668928324217759,6.0,46.500917447140004,SYNTHETIC_PUBLIC_DATA_PROXY,MOCK_COMPLETED,True
b87cf261f10a7e04,2SPC,2SPC,A,A:103,ARG,medium,GCR_DEEP_SPACE_REFERENCE,GCR,free_space,SIDE_CHAIN_LOSS,6.0,11,107.0,12273.5792,0.40186915887850466,0.32710280373831774,0.9716981132075472,0.6319076778041807,7.0,47.528817998728606,SYNTHETIC_PUBLIC_DATA_PROXY,MOCK_COMPLETED,True
195f5e3232336e3c,2SPC,2SPC,A,A:103,ARG,medium,GCR_DEEP_SPACE_REFERENCE,GCR,free_space,SIDE_CHAIN_LOSS,6.0,42,107.0,12273.5792,0.40186915887850466,0.32710280373831774,0.9716981132075472,0.6319076778041807,7.0,47.89955956019673,SYNTHETIC_PUBLIC_DATA_PROXY,MOCK_COMPLETED,True
2be66cdcf44ccebc,2SPC,2SPC,A,A:103,ARG,medium,GCR_DEEP_SPACE_REFERENCE,GCR,free_space,SIDE_CHAIN_LOSS,6.0,73,107.0,12273.5792,0.40186915887850466,0.32710280373831774,0.9716981132075472,0.6319076778041807,7.0,50.26721258357723,SYNTHETIC_PUBLIC_DATA_PROXY,MOCK_COMPLETED,True
79e4930a621c6e68,2SPC,2SPC,A,A:103,ARG,medium,SPE_REFERENCE_EVENT,SPE,free_space,SIDE_CHAIN_LOSS,6.0,11,107.0,12273.5792,0.40186915887850466,0.32710280373831774,0.9716981132075472,0.6319076778041807,7.0,53.11076405088166,SYNTHETIC_PUBLIC_DATA_PROXY,MOCK_COMPLETED,True
450751810a075226,2SPC,2SPC,A,A:103,ARG,medium,SPE_REFERENCE_EVENT,SPE,free_space,SIDE_CHAIN_LOSS,6.0,42,107.0,12273.5792,0.40186915887850466,0.32710280373831774,0.9716981132075472,0.6319076778041807,7.0,54.85223415833015,SYNTHETIC_PUBLIC_DATA_PROXY,MOCK_COMPLETED,True
a83536f9ac57bdf7,2SPC,2SPC,A,A:103,ARG,medium,SPE_REFERENCE_EVENT,SPE,free_space,SIDE_CHAIN_LOSS,6.0,73,107.0,12273.5792,0.40186915887850466,0.32710280373831774,0.9716981132075472,0.6319076778041807,7.0,54.387951484910005,SYNTHETIC_PUBLIC_DATA_PROXY,MOCK_COMPLETED,True
b6c6cadc18729a0a,2SPC,2SPC,A,A:103,ARG,medium,MARS_SURFACE_REFERENCE,GCR,mars_surface,SIDE_CHAIN_LOSS,6.0,11,107.0,12273.5792,0.40186915887850466,0.32710280373831774,0.9716981132075472,0.6319076778041807,7.0,39.0593746788963,SYNTHETIC_PUBLIC_DATA_PROXY,MOCK_COMPLETED,True
517069d14b44682c,2SPC,2SPC,A,A:103,ARG,medium,MARS_SURFACE_REFERENCE,GCR,mars_surface,SIDE_CHAIN_LOSS,6.0,42,107.0,12273.5792,0.40186915887850466,0.32710280373831774,0.9716981132075472,0.6319076778041807,7.0,43.19775387812911,SYNTHETIC_PUBLIC_DATA_PROXY,MOCK_COMPLETED,True
edf6299fa2bd981d,2SPC,2SPC,A,A:103,ARG,medium,MARS_SURFACE_REFERENCE,GCR,mars_surface,SIDE_CHAIN_LOSS,6.0,73,107.0,12273.5792,0.40186915887850466,0.32710280373831774,0.9716981132075472,0.6319076778041807,7.0,46.76699972783641,SYNTHETIC_PUBLIC_DATA_PROXY,MOCK_COMPLETED,True
088b3ff9b5b7808a,2SPC,2SPC,A,A:91,ARG,medium,GCR_DEEP_SPACE_REFERENCE,GCR,free_space,SIDE_CHAIN_LOSS,7.0,11,107.0,12273.5792,0.40186915887850466,0.32710280373831774,0.8584905660377359,0.5942993118160325,8.0,44.303170564892476,SYNTHETIC_PUBLIC_DATA_PROXY,MOCK_COMPLETED,True
dd163d321f459058,2SPC,2SPC,A,A:91,ARG,medium,GCR_DEEP_SPACE_REFERENCE,GCR,free_space,SIDE_CHAIN_LOSS,7.0,42,107.0,12273.5792,0.40186915887850466,0.32710280373831774,0.8584905660377359,0.5942993118160325,8.0,45.50985593570354,SYNTHETIC_PUBLIC_DATA_PROXY,MOCK_COMPLETED,True
c9731655d418dbda,2SPC,2SPC,A,A:91,ARG,medium,GCR_DEEP_SPACE_REFERENCE,GCR,free_space,SIDE_CHAIN_LOSS,7.0,73,107.0,12273.5792,0.40186915887850466,0.32710280373831774,0.8584905660377359,0.5942993118160325,8.0,47.738424472625894,SYNTHETIC_PUBLIC_DATA_PROXY,MOCK_COMPLETED,True
dc5e17ce703903d4,2SPC,2SPC,A,A:91,ARG,medium,SPE_REFERENCE_EVENT,SPE,free_space,SIDE_CHAIN_LOSS,7.0,11,107.0,12273.5792,0.40186915887850466,0.32710280373831774,0.8584905660377359,0.5942993118160325,8.0,58.23459606151814,SYNTHETIC_PUBLIC_DATA_PROXY,MOCK_COMPLETED,True
b03e3ca5a3c2dcd7,2SPC,2SPC,A,A:91,ARG,medium,SPE_REFERENCE_EVENT,SPE,free_space,SIDE_CHAIN_LOSS,7.0,42,107.0,12273.5792,0.40186915887850466,0.32710280373831774,0.8584905660377359,0.5942993118160325,8.0,54.74253589403356,SYNTHETIC_PUBLIC_DATA_PROXY,MOCK_COMPLETED,True
3a27eb272050d954,2SPC,2SPC,A,A:91,ARG,medium,SPE_REFERENCE_EVENT,SPE,free_space,SIDE_CHAIN_LOSS,7.0,73,107.0,12273.5792,0.40186915887850466,0.32710280373831774,0.8584905660377359,0.5942993118160325,8.0,58.2993454547724,SYNTHETIC_PUBLIC_DATA_PROXY,MOCK_COMPLETED,True
35c21e72832b9a3b,2SPC,2SPC,A,A:91,ARG,medium,MARS_SURFACE_REFERENCE,GCR,mars_surface,SIDE_CHAIN_LOSS,7.0,11,107.0,12273.5792,0.40186915887850466,0.32710280373831774,0.8584905660377359,0.5942993118160325,8.0,41.94569737693418,SYNTHETIC_PUBLIC_DATA_PROXY,MOCK_COMPLETED,True
ec64c9ad8dbf0ca4,2SPC,2SPC,A,A:91,ARG,medium,MARS_SURFACE_REFERENCE,GCR,mars_surface,SIDE_CHAIN_LOSS,7.0,42,107.0,12273.5792,0.40186915887850466,0.32710280373831774,0.8584905660377359,0.5942993118160325,8.0,39.621885171280255,SYNTHETIC_PUBLIC_DATA_PROXY,MOCK_COMPLETED,True
68e8d33199f23b9b,2SPC,2SPC,A,A:91,ARG,medium,MARS_SURFACE_REFERENCE,GCR,mars_surface,SIDE_CHAIN_LOSS,7.0,73,107.0,12273.5792,0.40186915887850466,0.32710280373831774,0.8584905660377359,0.5942993118160325,8.0,40.22937985035207,SYNTHETIC_PUBLIC_DATA_PROXY,MOCK_COMPLETED,True
c56789a1ccd3e624,2SPC,2SPC,A,A:92,HIS,high,GCR_DEEP_SPACE_REFERENCE,GCR,free_space,SIDE_CHAIN_LOSS,8.0,11,107.0,12273.5792,0.40186915887850466,0.32710280373831774,0.8679245283018868,0.3606507495916538,8.0,41.171879707153764,SYNTHETIC_PUBLIC_DATA_PROXY,MOCK_COMPLETED,True
aa6b5cd749e56dec,2SPC,2SPC,A,A:92,HIS,high,GCR_DEEP_SPACE_REFERENCE,GCR,free_space,SIDE_CHAIN_LOSS,8.0,42,107.0,12273.5792,0.40186915887850466,0.32710280373831774,0.8679245283018868,0.3606507495916538,8.0,42.65288635423217,SYNTHETIC_PUBLIC_DATA_PROXY,MOCK_COMPLETED,True
0428e579d75d4e17,2SPC,2SPC,A,A:92,HIS,high,GCR_DEEP_SPACE_REFERENCE,GCR,free_space,SIDE_CHAIN_LOSS,8.0,73,107.0,12273.5792,0.40186915887850466,0.32710280373831774,0.8679245283018868,0.3606507495916538,8.0,43.97817926838023,SYNTHETIC_PUBLIC_DATA_PROXY,MOCK_COMPLETED,True
2b15b517cf427df2,2SPC,2SPC,A,A:92,HIS,high,SPE_REFERENCE_EVENT,SPE,free_space,SIDE_CHAIN_LOSS,8.0,11,107.0,12273.5792,0.40186915887850466,0.32710280373831774,0.8679245283018868,0.3606507495916538,8.0,56.782183537012806,SYNTHETIC_PUBLIC_DATA_PROXY,MOCK_COMPLETED,True
420222c74a1a8722,2SPC,2SPC,A,A:92,HIS,high,SPE_REFERENCE_EVENT,SPE,free_space,SIDE_CHAIN_LOSS,8.0,42,107.0,12273.5792,0.40186915887850466,0.32710280373831774,0.8679245283018868,0.3606507495916538,8.0,59.07514556648126,SYNTHETIC_PUBLIC_DATA_PROXY,MOCK_COMPLETED,True
ccfa5a8917e8e0bc,2SPC,2SPC,A,A:92,HIS,high,SPE_REFERENCE_EVENT,SPE,free_space,SIDE_CHAIN_LOSS,8.0,73,107.0,12273.5792,0.40186915887850466,0.32710280373831774,0.8679245283018868,0.3606507495916538,8.0,51.317767200123704,SYNTHETIC_PUBLIC_DATA_PROXY,MOCK_COMPLETED,True
f52e938f32455a4f,2SPC,2SPC,A,A:92,HIS,high,MARS_SURFACE_REFERENCE,GCR,mars_surface,SIDE_CHAIN_LOSS,8.0,11,107.0,12273.5792,0.40186915887850466,0.32710280373831774,0.8679245283018868,0.3606507495916538,8.0,42.5552896592161,SYNTHETIC_PUBLIC_DATA_PROXY,MOCK_COMPLETED,True
00555ddddb0e808f,2SPC,2SPC,A,A:92,HIS,high,MARS_SURFACE_REFERENCE,GCR,mars_surface,SIDE_CHAIN_LOSS,8.0,42,107.0,12273.5792,0.40186915887850466,0.32710280373831774,0.8679245283018868,0.3606507495916538,8.0,38.971861140672466,SYNTHETIC_PUBLIC_DATA_PROXY,MOCK_COMPLETED,True
e361ce89ba7039cc,2SPC,2SPC,A,A:92,HIS,high,MARS_SURFACE_REFERENCE,GCR,mars_surface,SIDE_CHAIN_LOSS,8.0,73,107.0,12273.5792,0.40186915887850466,0.32710280373831774,0.8679245283018868,0.3606507495916538,8.0,42.75996370972431,SYNTHETIC_PUBLIC_DATA_PROXY,MOCK_COMPLETED,True
a2165037675f83cf,2SPC,2SPC,A,A:42,LYS,medium,GCR_DEEP_SPACE_REFERENCE,GCR,free_space,SIDE_CHAIN_LOSS,9.0,11,107.0,12273.5792,0.40186915887850466,0.32710280373831774,0.39622641509433965,0.5785696025020829,8.0,44.247232243339006,SYNTHETIC_PUBLIC_DATA_PROXY,MOCK_COMPLETED,True
5e52dd1398dd9455,2SPC,2SPC,A,A:42,LYS,medium,GCR_DEEP_SPACE_REFERENCE,GCR,free_space,SIDE_CHAIN_LOSS,9.0,42,107.0,12273.5792,0.40186915887850466,0.32710280373831774,0.39622641509433965,0.5785696025020829,8.0,39.99768430543949,SYNTHETIC_PUBLIC_DATA_PROXY,MOCK_COMPLETED,True
680d7a16b8d29f09,2SPC,2SPC,A,A:42,LYS,medium,GCR_DEEP_SPACE_REFERENCE,GCR,free_space,SIDE_CHAIN_LOSS,9.0,73,107.0,12273.5792,0.40186915887850466,0.32710280373831774,0.39622641509433965,0.5785696025020829,8.0,46.89569134897953,SYNTHETIC_PUBLIC_DATA_PROXY,MOCK_COMPLETED,True
5efab896589aa902,2SPC,2SPC,A,A:42,LYS,medium,SPE_REFERENCE_EVENT,SPE,free_space,SIDE_CHAIN_LOSS,9.0,11,107.0,12273.5792,0.40186915887850466,0.32710280373831774,0.39622641509433965,0.5785696025020829,8.0,52.96244708803649,SYNTHETIC_PUBLIC_DATA_PROXY,MOCK_COMPLETED,True
1fcbe95d7332e469,2SPC,2SPC,A,A:42,LYS,medium,SPE_REFERENCE_EVENT,SPE,free_space,SIDE_CHAIN_LOSS,9.0,42,107.0,12273.5792,0.40186915887850466,0.32710280373831774,0.39622641509433965,0.5785696025020829,8.0,53.14019827412444,SYNTHETIC_PUBLIC_DATA_PROXY,MOCK_COMPLETED,True
b2c6817b3bf9633e,2SPC,2SPC,A,A:42,LYS,medium,SPE_REFERENCE_EVENT,SPE,free_space,SIDE_CHAIN_LOSS,9.0,73,107.0,12273.5792,0.40186915887850466,0.32710280373831774,0.39622641509433965,0.5785696025020829,8.0,51.800567841834095,SYNTHETIC_PUBLIC_DATA_PROXY,MOCK_COMPLETED,True
b35ca21c367e3afc,2SPC,2SPC,A,A:42,LYS,medium,MARS_SURFACE_REFERENCE,GCR,mars_surface,SIDE_CHAIN_LOSS,9.0,11,107.0,12273.5792,0.40186915887850466,0.32710280373831774,0.39622641509433965,0.5785696025020829,8.0,39.63924067833943,SYNTHETIC_PUBLIC_DATA_PROXY,MOCK_COMPLETED,True
1a6c44e9b1d73b19,2SPC,2SPC,A,A:42,LYS,medium,MARS_SURFACE_REFERENCE,GCR,mars_surface,SIDE_CHAIN_LOSS,9.0,42,107.0,12273.5792,0.40186915887850466,0.32710280373831774,0.39622641509433965,0.5785696025020829,8.0,42.34467497179562,SYNTHETIC_PUBLIC_DATA_PROXY,MOCK_COMPLETED,True
42708b21382cb628,2SPC,2SPC,A,A:42,LYS,medium,MARS_SURFACE_REFERENCE,GCR,mars_surface,SIDE_CHAIN_LOSS,9.0,73,107.0,12273.5792,0.40186915887850466,0.32710280373831774,0.39622641509433965,0.5785696025020829,8.0,40.80183801771731,SYNTHETIC_PUBLIC_DATA_PROXY,MOCK_COMPLETED,True
3c57d65b02050295,2SPC,2SPC,A,A:36,ASN,medium,GCR_DEEP_SPACE_REFERENCE,GCR,free_space,SIDE_CHAIN_LOSS,10.0,11,107.0,12273.5792,0.40186915887850466,0.32710280373831774,0.33962264150943394,0.4110378950054763,6.0,44.95571606585954,SYNTHETIC_PUBLIC_DATA_PROXY,MOCK_COMPLETED,True
095a3a40783756c0,2SPC,2SPC,A,A:36,ASN,medium,GCR_DEEP_SPACE_REFERENCE,GCR,free_space,SIDE_CHAIN_LOSS,10.0,42,107.0,12273.5792,0.40186915887850466,0.32710280373831774,0.33962264150943394,0.4110378950054763,6.0,45.03886569497544,SYNTHETIC_PUBLIC_DATA_PROXY,MOCK_COMPLETED,True
1b524fb094f4f0c3,2SPC,2SPC,A,A:36,ASN,medium,GCR_DEEP_SPACE_REFERENCE,GCR,free_space,SIDE_CHAIN_LOSS,10.0,73,107.0,12273.5792,0.40186915887850466,0.32710280373831774,0.33962264150943394,0.4110378950054763,6.0,47.43571519897375,SYNTHETIC_PUBLIC_DATA_PROXY,MOCK_COMPLETED,True
0663376214005760,2SPC,2SPC,A,A:36,ASN,medium,SPE_REFERENCE_EVENT,SPE,free_space,SIDE_CHAIN_LOSS,10.0,11,107.0,12273.5792,0.40186915887850466,0.32710280373831774,0.33962264150943394,0.4110378950054763,6.0,53.17709568299239,SYNTHETIC_PUBLIC_DATA_PROXY,MOCK_COMPLETED,True
55558269232286d3,2SPC,2SPC,A,A:36,ASN,medium,SPE_REFERENCE_EVENT,SPE,free_space,SIDE_CHAIN_LOSS,10.0,42,107.0,12273.5792,0.40186915887850466,0.32710280373831774,0.33962264150943394,0.4110378950054763,6.0,50.34191651803901,SYNTHETIC_PUBLIC_DATA_PROXY,MOCK_COMPLETED,True
cbee57c3d5a959fc,2SPC,2SPC,A,A:36,ASN,medium,SPE_REFERENCE_EVENT,SPE,free_space,SIDE_CHAIN_LOSS,10.0,73,107.0,12273.5792,0.40186915887850466,0.32710280373831774,0.33962264150943394,0.4110378950054763,6.0,56.70211710158329,SYNTHETIC_PUBLIC_DATA_PROXY,MOCK_COMPLETED,True
3568621c36eee384,2SPC,2SPC,A,A:36,ASN,medium,MARS_SURFACE_REFERENCE,GCR,mars_surface,SIDE_CHAIN_LOSS,10.0,11,107.0,12273.5792,0.40186915887850466,0.32710280373831774,0.33962264150943394,0.4110378950054763,6.0,40.005340629910194,SYNTHETIC_PUBLIC_DATA_PROXY,MOCK_COMPLETED,True
e8c11cdb571e9251,2SPC,2SPC,A,A:36,ASN,medium,MARS_SURFACE_REFERENCE,GCR,mars_surface,SIDE_CHAIN_LOSS,10.0,42,107.0,12273.5792,0.40186915887850466,0.32710280373831774,0.33962264150943394,0.4110378950054763,6.0,43.620542171596774,SYNTHETIC_PUBLIC_DATA_PROXY,MOCK_COMPLETED,True
cc4ab2a488c3141b,2SPC,2SPC,A,A:36,ASN,medium,MARS_SURFACE_REFERENCE,GCR,mars_surface,SIDE_CHAIN_LOSS,10.0,73,107.0,12273.5792,0.40186915887850466,0.32710280373831774,0.33962264150943394,0.4110378950054763,6.0,41.79250384310951,SYNTHETIC_PUBLIC_DATA_PROXY,MOCK_COMPLETED,True
